ID,Table,Column,Tags,ValueControl,Title,Description,UsedFor,Decimal,EnumValue,EnumList,VariableList,DateValue,Photo,URL,File,Title_hi,Title_raj,ActionIcon,LastEditBy,LastEditOn
CompanyName,AppVariables,,"System, Config",Enum,Company Name,CmF & RAJEEVIKA Study,Header in reports,,Centre for microFinance (CmF),,,,,,,सेंटर फॉर माइक्रोफाइनेंस (CmF),सेंटर फॉर माइक्रोफाइनेंस (CmF),,Antigravity,09/21/2026 12:22:37
AppName,AppVariables,,"System, Config",Enum,App Name,SHG Women Entrepreneurs Survey,Application Title,,SHG Women Entrepreneurs Study,,,,,,,एसएचजी महिला उद्यमी अध्ययन,एसएचजी महिला उद्यमी अध्ययन,,Antigravity,09/21/2026 12:22:37
ROLE_INVESTIGATOR,AppVariables,Role,"Option, System",Enum,Field Investigator,Surveys and data collection,Role Option,,Field Investigator,,,,,,,फील्ड अन्वेषक,फील्ड अन्वेषक,user,DevHardi,"9/21/2026, 1:26:06 PM"
ROLE_SUPERVISOR,AppVariables,Role,"Option, System",Enum,Field Supervisor,Verifying and managing field surveys,Role Option,,Field Supervisor,,,,,,,फील्ड सुपरवाइजर,फील्ड सुपरवाइजर,shield,DevHardi,"9/21/2026, 1:26:06 PM"
ROLE_ADMIN,AppVariables,Role,"Option, System",Enum,Admin,Full administrative and reporting access,Role Option,,Admin,,,,,,,एडमिन,एडमिन,settings,DevHardi,"9/21/2026, 1:26:06 PM"
Q_SYS_ROLE,AppUser,Role,"QuestionPrompt, System",VariableList,User Role,AppUser role selector,,,User Role,,"ROLE_INVESTIGATOR , ROLE_SUPERVISOR , ROLE_ADMIN",,,,,उपयोगकर्ता भूमिका,उपयोगकर्ता भूमिका,,DevHardi,"9/21/2026, 1:26:06 PM"
LANG_EN,AppVariables,Language,"Option, System",Enum,English,,Language Option,,English,,,,,,,अंग्रेज़ी,अंग्रेजी,,Antigravity,09/21/2026 12:22:37
LANG_HI,AppVariables,Language,"Option, System",Enum,Hindi,,Language Option,,Hindi,,,,,,,हिन्दी,हिंदी,,Antigravity,09/21/2026 12:22:37
LANG_RAJ,AppVariables,Language,"Option, System",Enum,Rajasthani,,Language Option,,Rajasthani,,,,,,,राजस्थानी,राजस्थानी,,Antigravity,09/21/2026 12:22:37
Q_SYS_LANG,AppUser,Language,"QuestionPrompt, System",VariableList,Preferred Language,User display language,,,Preferred Language,,"LANG_EN , LANG_HI , LANG_RAJ",,,,,पसंदीदा भाषा,पसंदीदा भासा,,Antigravity,09/21/2026 12:22:37
STAT_DRAFT,AppVariables,Status,"Option, System",Enum,Draft,,Status Option,,Draft,,,,,,,ड्राफ्ट / अधूरा,कच्चो / अधूरो,,Antigravity,09/21/2026 12:22:37
STAT_SUBMITTED,AppVariables,Status,"Option, System",Enum,Submitted,,Status Option,,Submitted,,,,,,,पूर्ण / जमा किया गया,पूरो / जमा कर दियो,,Antigravity,09/21/2026 12:22:37
STAT_VERIFIED,AppVariables,Status,"Option, System",Enum,Verified,,Status Option,,Verified,,,,,,,सत्यापित,जांचियो गयो,,Antigravity,09/21/2026 12:22:37
SEC_NOT_STARTED,AppVariables,SectionStatus,"Option, System",Enum,Not Started,,Section Status Option,,Not Started,,,,,,,शुरू नहीं हुआ,सरू कोनी हुयो,,Antigravity,09/21/2026 12:22:37
SEC_IN_PROGRESS,AppVariables,SectionStatus,"Option, System",Enum,In Progress,,Section Status Option,,In Progress,,,,,,,जारी है / अधूरा,चालू छै / अधूरो,,Antigravity,09/21/2026 12:22:37
SEC_DONE,AppVariables,SectionStatus,"Option, System",Enum,Done,,Section Status Option,,Done,,,,,,,पूर्ण (Done),पूरो (Done),,Antigravity,09/21/2026 12:22:37
SEC_NA,AppVariables,SectionStatus,"Option, System",Enum,Not Applicable,,Section Status Option,,Not Applicable,,,,,,,लागू नहीं (N/A),लागू कोनी (N/A),,Antigravity,09/21/2026 12:22:37
Q_STAT_PROFILE,Survey,Status_Profile,"QuestionPrompt, SectionStatus",Enum,Profile Section Status,Section B Status,Status of Profile section,,Not Started,,"SEC_NOT_STARTED , SEC_IN_PROGRESS , SEC_DONE , SEC_NA",,,,,प्रोफ़ाइल भाग स्थिति,प्रोफ़ाइल भाग स्थिति,,Antigravity,09/21/2026 12:22:37
Q_STAT_OPERATIONS,Survey,Status_Operations,"QuestionPrompt, SectionStatus",Enum,Operations Section Status,Section C Status,Status of Operations section,,Not Started,,"SEC_NOT_STARTED , SEC_IN_PROGRESS , SEC_DONE , SEC_NA",,,,,उद्यम संचालन भाग स्थिति,उद्यम संचालन भाग स्थिति,,Antigravity,09/21/2026 12:22:37
Q_STAT_CHALLENGES,Survey,Status_Challenges,"QuestionPrompt, SectionStatus",Enum,Challenges Section Status,Section D Status,Status of Challenges section,,Not Started,,"SEC_NOT_STARTED , SEC_IN_PROGRESS , SEC_DONE , SEC_NA",,,,,चुनौतियां भाग स्थिति,अड़चनां भाग स्थिति,,Antigravity,09/21/2026 12:22:37
Q_STAT_SCHEME,Survey,Status_SchemeImpact,"QuestionPrompt, SectionStatus",Enum,Scheme Impact Section Status,Section E Status,Status of Scheme Impact section,,Not Started,,"SEC_NOT_STARTED , SEC_IN_PROGRESS , SEC_DONE , SEC_NA",,,,,योजना प्रभाव भाग स्थिति,योजना प्रभाव भाग स्थिति,,Antigravity,09/21/2026 12:22:37
Q_STAT_DIGITAL,Survey,Status_Digital,"QuestionPrompt, SectionStatus",Enum,Digital Media Section Status,Section F Status,Status of Digital Media section,,Not Started,,"SEC_NOT_STARTED , SEC_IN_PROGRESS , SEC_DONE , SEC_NA",,,,,डिजिटल मीडिया भाग स्थिति,डिजिटल मीडिया भाग स्थिति,,Antigravity,09/21/2026 12:22:37
Q_STAT_POST_EXIT,Survey,Status_PostExit,"QuestionPrompt, SectionStatus",Enum,Post-Exit OSF Section Status,Section G Status,Status of Post-Exit OSF section,,Not Started,,"SEC_NOT_STARTED , SEC_IN_PROGRESS , SEC_DONE , SEC_NA",,,,,पोस्ट-एग्जिट OSF भाग स्थिति,पोस्ट-एग्जिट OSF भाग स्थिति,,Antigravity,09/21/2026 12:22:37
ACT_Complete,AppVariables,ActionGrid,"UI, ActionGrid, Navigation",Enum,Complete,Submit & lock completed survey,Action Grid button,,Complete,,,,,,,पूर्ण,पूरो,check-circle,Antigravity,09/21/2026 12:22:37
ACT_Profile,AppVariables,ActionGrid,"UI, ActionGrid, Navigation",Enum,Profile,Navigate to Section B: Respondent & Household Profile,Action Grid button,,Profile,,,,,,,प्रोफ़ाइल,प्रोफ़ाइल,user,Antigravity,09/21/2026 12:22:37
ACT_Operations,AppVariables,ActionGrid,"UI, ActionGrid, Navigation",Enum,Operations,Navigate to Section C: Enterprise Operations & Capital,Action Grid button,,Operations,,,,,,,उद्यम संचालन,काम-धंधो,storefront,Antigravity,09/21/2026 12:22:37
ACT_Challenges,AppVariables,ActionGrid,"UI, ActionGrid, Navigation",Enum,Challenges,Navigate to Section D: Ease of Doing Business & Challenges,Action Grid button,,Challenges,,,,,,,चुनौतियां,अड़चनां,trending-up,Antigravity,09/21/2026 12:22:37
ACT_SchemeImpact,AppVariables,ActionGrid,"UI, ActionGrid, Navigation",Enum,Scheme Impact,Navigate to Section E: Impact of SVEP/OSF Schemes,Action Grid button,,Scheme Impact,,,,,,,योजना प्रभाव,लोन रो फायदो,account-balance,Antigravity,09/21/2026 12:22:37
ACT_Digital,AppVariables,ActionGrid,"UI, ActionGrid, Navigation",Enum,Digital & Media,Navigate to Section F: Online Transactions & Social Media,Action Grid button,,Digital & Media,,,,,,,डिजिटल एवं मीडिया,ऑनलाइन लेन-देन,smartphone,Antigravity,09/21/2026 12:22:37
ACT_PostExit,AppVariables,ActionGrid,"UI, ActionGrid, Navigation",Enum,Post-Exit OSF,Navigate to Section G: Post-Exit OSF in Baran & Ratangarh,Action Grid button,,Post-Exit OSF,,,,,,,पोस्ट-एग्जिट OSF,पुरानी स्थिति,history,Antigravity,09/21/2026 12:22:37
OPT_YES,AppVariables,YesNo,Option,Enum,Yes,,Yes Option,,Yes,,,,,,,हाँ,हाँ,,Antigravity,09/21/2026 12:22:37
OPT_NO,AppVariables,YesNo,Option,Enum,No,,No Option,,No,,,,,,,नहीं,कोनी / ना,,Antigravity,09/21/2026 12:22:37
DIST_BARAN,AppVariables,District,"Option, Geography",Enum,Baran,Fertile East,District Option,,Baran,,,,,,,बारां,बारां,,Antigravity,09/21/2026 12:22:37
DIST_CHURU,AppVariables,District,"Option, Geography",Enum,Churu,Arid West,District Option,,Churu,,,,,,,चूरू,चूरू,,Antigravity,09/21/2026 12:22:37
DIST_DAUSA,AppVariables,District,"Option, Geography",Enum,Dausa,Semi-Arid,District Option,,Dausa,,,,,,,दौसा,दौसा,,Antigravity,09/21/2026 12:22:37
DIST_DUNGARPUR,AppVariables,District,"Option, Geography",Enum,Dungarpur,Southern Tribal,District Option,,Dungarpur,,,,,,,डूंगरपुर,डूंगरपुर,,Antigravity,09/21/2026 12:22:37
DIST_JODHPUR,AppVariables,District,"Option, Geography",Enum,Jodhpur,Western Arid,District Option,,Jodhpur,,,,,,,जोधपुर,जोधपुर,,Antigravity,09/21/2026 12:22:37
Q_A_01_00,Survey,District,"QuestionPrompt, SectionA, Order:1",VariableList,Q1. District,Q1. District,District selector,1,Q1. District,,"DIST_BARAN , DIST_CHURU , DIST_DAUSA , DIST_DUNGARPUR , DIST_JODHPUR",,,,,Q1. जिला,Q1. जिलो,,Antigravity,09/26/2026 08:00:00
BLK_CHHIPABAROD,AppVariables,Block,"Option, Geography, Parent:DIST_BARAN",Enum,Chhipabarod,DIST_BARAN,Block Option,,Chhipabarod,,,,,,,छीपाबड़ौद,छीपाबड़ौद,,Antigravity,09/21/2026 12:22:37
BLK_BARAN,AppVariables,Block,"Option, Geography, Parent:DIST_BARAN",Enum,Baran,DIST_BARAN,Block Option,,Baran,,,,,,,बारां,बारां,,Antigravity,09/21/2026 12:22:37
BLK_RATANGARH,AppVariables,Block,"Option, Geography, Parent:DIST_CHURU",Enum,Ratangarh,DIST_CHURU,Block Option,,Ratangarh,,,,,,,रतनगढ़,रतनगढ़,,Antigravity,09/21/2026 12:22:37
BLK_SUJANGARH,AppVariables,Block,"Option, Geography, Parent:DIST_CHURU",Enum,Sujangarh,DIST_CHURU,Block Option,,Sujangarh,,,,,,,सुजानगढ़,सुजानगढ़,,Antigravity,09/21/2026 12:22:37
BLK_SIKANDRA,AppVariables,Block,"Option, Geography, Parent:DIST_DAUSA",Enum,Sikandra,DIST_DAUSA,Block Option,,Sikandra,,,,,,,सिकंदरा,सिकंदरा,,Antigravity,09/21/2026 12:22:37
BLK_SAGWARA,AppVariables,Block,"Option, Geography, Parent:DIST_DUNGARPUR",Enum,Sagwara,DIST_DUNGARPUR,Block Option,,Sagwara,,,,,,,सागवाड़ा,सागवाड़ा,,Antigravity,09/21/2026 12:22:37
BLK_GALIAKOT,AppVariables,Block,"Option, Geography, Parent:DIST_DUNGARPUR",Enum,Galiakot,DIST_DUNGARPUR,Block Option,,Galiakot,,,,,,,गलियाकोट,गलियाकोट,,Antigravity,09/21/2026 12:22:37
BLK_MANDOR,AppVariables,Block,"Option, Geography, Parent:DIST_JODHPUR",Enum,Mandor,DIST_JODHPUR,Block Option,,Mandor,,,,,,,मंडोर,मंडोर,,Antigravity,09/21/2026 12:22:37
BLK_LUNI,AppVariables,Block,"Option, Geography, Parent:DIST_JODHPUR",Enum,Luni,DIST_JODHPUR,Block Option,,Luni,,,,,,,लूणी,लूणी,,Antigravity,09/21/2026 12:22:37
BLK_SHERGADH,AppVariables,Block,"Option, Geography, Parent:DIST_JODHPUR",Enum,Shergadh,DIST_JODHPUR,Block Option,,Shergadh,,,,,,,शेरगढ़,शेरगढ़,,Antigravity,09/21/2026 12:22:37
Q_A_02_00,Survey,Block,"QuestionPrompt, SectionA, Order:2",VariableList,Q2. Block,Q2. Block,Block selector,2,Q2. Block,,"BLK_CHHIPABAROD , BLK_BARAN , BLK_RATANGARH , BLK_SUJANGARH , BLK_SIKANDRA , BLK_SAGWARA , BLK_GALIAKOT , BLK_MANDOR , BLK_LUNI , BLK_SHERGADH",,,,,Q2. ब्लॉक,Q2. ब्लॉक,,Antigravity,09/26/2026 08:00:00
Q_A_03_00,Survey,VillageGP,"QuestionPrompt, SectionA, Order:3",Text,Q3. Village/GP,Q3. Village/GP,Village name,3,Q3. Village/GP,,,,,,,Q3. गांव / ग्राम पंचायत,Q3. गांव / ग्राम पंचायत,,Antigravity,09/26/2026 08:00:00
Q_A_04_00,Survey,RespondentName,"QuestionPrompt, SectionA, Order:4",Name,Q4. Respondent Name,Q4. Respondent Name,Woman entrepreneur name,4,Q4. Respondent Name,,,,,,,Q4. उत्तरदाता का नाम,Q4. उत्तरदाता रो नाम,,Antigravity,09/26/2026 08:00:00
Q_A_04_01,Survey,ContactNumber,"QuestionPrompt, SectionA, Order:5",Phone,Q5. Respondent’s phone number,Q5. Respondent’s phone number,Phone number,5,Q5. Respondent’s phone number,,,,,,,Q5. उत्तरदाता का फोन नंबर,Q5. उत्तरदाता रो फोन नंबर,,Antigravity,09/26/2026 08:00:00
Q_A_05_00,Survey,SHGName,"QuestionPrompt, SectionA, Order:6",Text,Q6. SHG Name,Q6. SHG Name,Self Help Group,6,Q6. SHG Name,,,,,,,Q6. एसएचजी (समूह) का नाम,Q6. समूह रो नाम,,Antigravity,09/26/2026 08:00:00
Q_A_06_00,Survey,VOName,"QuestionPrompt, SectionA, Order:7",Text,Q7. VO Name,Q7. VO Name,Village Organization,7,Q7. VO Name,,,,,,,Q7. ग्राम संगठन (VO) का नाम,Q7. ग्राम संगठन रो नाम,,Antigravity,09/26/2026 08:00:00
Q_A_07_00,Survey,CLFName,"QuestionPrompt, SectionA, Order:8",Text,Q8. CLF Name,Q8. CLF Name,Cluster Level Federation,8,Q8. CLF Name,,,,,,,Q8. क्लस्टर लेवल फेडरेशन (CLF) का नाम,Q8. CLF रो नाम,,Antigravity,09/26/2026 08:00:00
Q_A_08_00,Survey,SHGMembershipYears,"QuestionPrompt, SectionA, Order:9",Number,Q9. Years of SHG membership,Q9. Years of SHG membership,SHG membership duration,9,Q9. Years of SHG membership,,,,,,,Q9. एसएचजी सदस्यता के वर्ष,Q9. समूह में कित्ता साल सूं हो?,,Antigravity,09/26/2026 08:00:00
Q_A_09_00,Survey,LeadershipRole,"QuestionPrompt, SectionA, Order:10",Enum,Q10. Have you been in a leadership role in SHG/CLF/VO?,Q10. Have you been in a leadership role in SHG/CLF/VO?,Leadership status,10,Q10. Have you been in a leadership role in SHG/CLF/VO?,,"OPT_YES , OPT_NO",,,,,Q10. क्या आप SHG/CLF/VO में किसी नेतृत्वकारी पद पर रही हैं?,Q10. का थे समूह/VO/CLF में किसी पद माथे रह्या हो?,,Antigravity,09/26/2026 08:00:00
Q_A_10_00,Survey,LeadershipYears,"QuestionPrompt, SectionA, Order:11",Number,Q11. Years of experience in leadership roles?,Q11. Years of experience in leadership roles?,Leadership tenure,11,Q11. Years of experience in leadership roles?,,,,,,,Q11. नेतृत्वकारी पद पर कितने वर्षों का अनुभव है?,Q11. पद माथे कित्ता साल रो अनुभव है?,,Antigravity,09/26/2026 08:00:00
Q_A_11_00,Survey,RelatedToCRP,"QuestionPrompt, SectionA, Order:12",Enum,Q12. Are you related to any of the SVEP/OSF CRP?,Q12. Are you related to any of the SVEP/OSF CRP?,Related to CRP,12,Q12. Are you related to any of the SVEP/OSF CRP?,,"OPT_YES , OPT_NO",,,,,Q12. क्या आप SVEP/OSF CRP की रिश्तेदार/संबंधित हैं?,Q12. का थे SVEP/OSF CRP रा रिश्तेदार हो?,,Antigravity,09/26/2026 08:00:00
INT_SVEP,AppVariables,InterventionType,Option,Enum,SVEP,,Intervention Option,,SVEP,,,,,,,SVEP,SVEP,,Antigravity,09/21/2026 12:22:37
INT_OSF,AppVariables,InterventionType,Option,Enum,OSF,,Intervention Option,,OSF,,,,,,,OSF,OSF,,Antigravity,09/21/2026 12:22:37
INT_OSF_PHASED,AppVariables,InterventionType,Option,Enum,OSF phased out,,Intervention Option,,OSF phased out,,,,,,,OSF समाप्त (Phased out),OSF बंद होग्यो,,Antigravity,09/21/2026 12:22:37
INT_DONT_KNOW,AppVariables,InterventionType,Option,Enum,Don't know,,Intervention Option,,Don't know,,,,,,,पता नहीं,ठा कोनी,,Antigravity,09/21/2026 12:22:37
Q_A_12_00,Survey,EPInterventionType,"QuestionPrompt, SectionA, Order:13",Enum,Q13. Type of Enterprise Promotion (EP) intervention,Q13. Type of Enterprise Promotion (EP) intervention,EP Scheme type,13,Q13. Type of Enterprise Promotion (EP) intervention,,"INT_SVEP , INT_OSF , INT_OSF_PHASED , INT_DONT_KNOW",,,,,Q13. उद्यम प्रोत्साहन (EP) हस्तक्षेप का प्रकार,Q13. उद्यम प्रोत्साहन रो तरीको,,Antigravity,09/26/2026 08:00:00
Q_A_13_00,Survey,EnterpriseName,"QuestionPrompt, SectionA, Order:14",Text,Q14. Enterprise Name,Q14. Enterprise Name,Name of primary enterprise,14,Q14. Enterprise Name,,,,,,,Q14. उद्यम / व्यवसाय का नाम,Q14. काम-धंधे रो नाम,,Antigravity,09/26/2026 08:00:00
Q_A_13_01,Survey,ParallelEnterpriseName,"QuestionPrompt, SectionA, Order:15",Text,Parallel Enterprise Name (if running two businesses),Parallel Enterprise Name (if running two businesses),Second enterprise name,15,Parallel Enterprise Name (if running two businesses),,,,,,,समानांतर दूसरे व्यवसाय का नाम (यदि 2 व्यवसाय हैं),दूजे काम-धंधे रो नाम,,Antigravity,09/26/2026 08:00:00
Q_A_14_00,Survey,EnterpriseSetupYear,"QuestionPrompt, SectionA, Order:16",Number,Q15. Years of setting up enterprise,Q15. Years of setting up enterprise,Enterprise setup year,16,Q15. Years of setting up enterprise,,,,,,,Q15. उद्यम स्थापित करने का वर्ष / कितने वर्ष हुए,Q15. धंधो सुरू करयां कित्ता साल होया?,,Antigravity,09/26/2026 08:00:00
Q_A_15_00,Survey,LoanReceivedYear,"QuestionPrompt, SectionA, Order:17",Number,Q18. Years of receiving SVEP/OSF loan?,Q18. Years of receiving SVEP/OSF loan?,Year loan received,17,Q18. Years of receiving SVEP/OSF loan?,,,,,,,Q18. SVEP/OSF ऋण प्राप्त करने का वर्ष,Q18. SVEP/OSF लोन किण साल मिल्यो?,,Antigravity,09/26/2026 08:00:00
BTY_TRADING,AppVariables,BusinessType,Option,Enum,Trading,,Business Type Option,,Trading,,,,,,,व्यापार / ट्रेडिंग,खरीद-बिक्री (ट्रेडिंग),,Antigravity,09/21/2026 12:22:37
BTY_SERVICING,AppVariables,BusinessType,Option,Enum,Servicing,,Business Type Option,,Servicing,,,,,,,सेवा / सर्विसिंग,सेवा (सर्विसिंग),,Antigravity,09/21/2026 12:22:37
BTY_MANUFACTURING,AppVariables,BusinessType,Option,Enum,Manufacturing / production,,Business Type Option,,Manufacturing / production,,,,,,,उत्पादन / विनिर्माण,बणावण रो काम (उत्पादन),,Antigravity,09/21/2026 12:22:37
Q_A_16_00,Survey,BusinessType,"QuestionPrompt, SectionA, Order:18",EnumList,Q16. Type of business enterprise (Multiselect),Q16. Type of business enterprise (Multiselect),Category of enterprise,18,Q16. Type of business enterprise (Multiselect),,"BTY_TRADING , BTY_SERVICING , BTY_MANUFACTURING",,,,,Q16. व्यवसाय का प्रकार (बहु-चयन),Q16. काम-धंधे रो तरीको,,Antigravity,09/26/2026 08:00:00
ACT_VEG_FRUIT,AppVariables,Activity,"Option, Trade, Group:Trading",Enum,[T] Vegetable / Fruit,Trading,Activity Option,,Vegetable / Fruit,,,,,,,[T] सब्जी / फल,[T] सब्जी / फल,,Antigravity,09/21/2026 12:22:37
ACT_GROCERY,AppVariables,Activity,"Option, Trade, Group:Trading",Enum,[T] Grocery,Trading,Activity Option,,Grocery,,,,,,,[T] किराना,[T] किराणा,,Antigravity,09/21/2026 12:22:37
ACT_FANCY_STORE,AppVariables,Activity,"Option, Trade, Group:Trading",Enum,[T] Fancy / Cosmetic / General store,Trading,Activity Option,,Fancy / Cosmetic / General store,,,,,,,[T] फैंसी / कॉस्मेटिक / जनरल स्टोर,[T] प्रसाधन / जनरल स्टोर,,Antigravity,09/21/2026 12:22:37
ACT_APPAREL,AppVariables,Activity,"Option, Trade, Group:Trading",Enum,[T] Apparel / fabric,Trading,Activity Option,,Apparel / fabric,,,,,,,[T] कपड़ा / रेडीमेड वस्त्र,[T] कपड़ा / वेशभूषा,,Antigravity,09/21/2026 12:22:37
ACT_ELECTRIC_GOODS,AppVariables,Activity,"Option, Trade, Group:Trading",Enum,[T] Electric goods,Trading,Activity Option,,Electric goods,,,,,,,[T] इलेक्ट्रिक सामान,[T] बिजली रो सामान,,Antigravity,09/21/2026 12:22:37
ACT_STONE_SHOP,AppVariables,Activity,"Option, Trade, Group:Trading",Enum,[T] Stone shop,Trading,Activity Option,,Stone shop,,,,,,,[T] पत्थर की दुकान,[T] भाटां/पत्थर री दुकान,,Antigravity,09/21/2026 12:22:37
ACT_AGRI_INPUT,Survey,BusinessActivities,"Activity_Trading, ActivityOption, SubOption",Enum,[T] Agri-input retail,"Trading in seeds, fertilizers, pesticides, and farming inputs",Trading Activity Option,,Agri-input retail,,,,,,,[T] कृषि आदान खुदरा (Agri-input retail),[T] खाद-बीज री दुकान,,Antigravity,09/26/2026 08:30:00
ACT_AI_BREEDING,Survey,BusinessActivities,"Activity_Trading, ActivityOption, SubOption",Enum,[T] AI / breeding kits,Trading in artificial insemination & cattle breeding equipment,Trading Activity Option,,AI/breeding kits,,,,,,,[T] कृत्रिम गर्भाधान (AI) / ब्रीडिंग किट,[T] पशु गर्भाधान / ब्रीडिंग किट,,Antigravity,09/26/2026 08:30:00
ACT_GOAT_TRADING,Survey,BusinessActivities,"Activity_Trading, ActivityOption, SubOption",Enum,[T] Goat trading,Trading and livestock dealing in goats,Trading Activity Option,,Goat trading,,,,,,,[T] बकरी व्यापार / पशु क्रय-विक्रय,[T] बकरी लेन-देन / बकरा व्यापार,,Antigravity,09/26/2026 08:30:00
ACT_FLOUR_MILL,AppVariables,Activity,"Option, Trade, Group:Servicing",Enum,[S] Flour mill (Chakki),Servicing,Activity Option,,Flour mill (Chakki),,,,,,,[S] आटा चक्की,[S] आटा चक्की,,Antigravity,09/21/2026 12:22:37
ACT_TAILORING,AppVariables,Activity,"Option, Trade, Group:Servicing",Enum,[S] Tailoring,Servicing,Activity Option,,Tailoring,,,,,,,[S] सिलाई / टेलरिंग,[S] सिलाई / दर्जी काम,,Antigravity,09/21/2026 12:22:37
ACT_BEAUTY_PARLOUR,AppVariables,Activity,"Option, Trade, Group:Servicing",Enum,[S] Beauty parlour,Servicing,Activity Option,,Beauty parlour,,,,,,,[S] ब्यूटी पार्लर,[S] ब्यूटी पार्लर,,Antigravity,09/21/2026 12:22:37
ACT_AUTO_REPAIR,AppVariables,Activity,"Option, Trade, Group:Servicing",Enum,[S] Auto-mechanic / two-wheeler repair,Servicing,Activity Option,,Auto-mechanic / two-wheeler repair,,,,,,,[S] ऑटो मैकेनिक / दोपहिया मरम्मत,[S] गाड़ी/मोटरसाइकिल मिस्त्री,,Antigravity,09/21/2026 12:22:37
ACT_EMITRA,AppVariables,Activity,"Option, Trade, Group:Servicing",Enum,[S] E-mitra / Online kiosk,Servicing,Activity Option,,E-mitra / Online kiosk,,,,,,,[S] ई-मित्र / ऑनलाइन केंद्र,[S] ई-मित्र केंद्र,,Antigravity,09/21/2026 12:22:37
ACT_TRANSPORT,AppVariables,Activity,"Option, Trade, Group:Servicing",Enum,[S] Transport,Servicing,Activity Option,,Transport,,,,,,,[S] परिवहन / वाहन,[S] गाड़ी भाड़ा / परिवहन,,Antigravity,09/21/2026 12:22:37
ACT_TENT_HOUSE,AppVariables,Activity,"Option, Trade, Group:Servicing",Enum,[S] Tent house,Servicing,Activity Option,,Tent house,,,,,,,[S] टेंट हाउस,[S] टेंट हाउस,,Antigravity,09/21/2026 12:22:37
ACT_MOBILE_REPAIR,AppVariables,Activity,"Option, Trade, Group:Servicing",Enum,[S] Mobile repair shop,Servicing,Activity Option,,Mobile repair shop,,,,,,,[S] मोबाइल रिपेयर दुकान,[S] मोबाइल ठीक करण री दुकान,,Antigravity,09/21/2026 12:22:37
ACT_STONE_CUTTING,AppVariables,Activity,"Option, Trade, Group:Servicing",Enum,[S] Stone cutting,Servicing,Activity Option,,Stone cutting,,,,,,,[S] पत्थर कटाई,[S] पत्थर कटाई,,Antigravity,09/21/2026 12:22:37
ACT_SANITARY_NAPKIN,AppVariables,Activity,"Option, Trade, Group:Production",Enum,[P] Sanitary napkin making,Production,Activity Option,,Sanitary napkin making,,,,,,,[P] सैनिटरी नैपकिन निर्माण,[P] सैनिटरी पैड बणावण,,Antigravity,09/21/2026 12:22:37
ACT_HANDICRAFT,AppVariables,Activity,"Option, Trade, Group:Production",Enum,[P] Handicraft,Production,Activity Option,,Handicraft,,,,,,,[P] हस्तशिल्प / कसीदाकारी,[P] हाथ रो काम / कसीदाकारी,,Antigravity,09/21/2026 12:22:37
ACT_DAIRY_MILK,AppVariables,Activity,"Option, Trade, Group:Production",Enum,[P] Dairy shop / Milk collection centre,Production,Activity Option,,Dairy shop / Milk collection centre,,,,,,,[P] डेयरी दुकान / दुग्ध संकलन केंद्र,[P] दूध डेरी / संकलन केंद्र,,Antigravity,09/21/2026 12:22:37
ACT_JUICE,AppVariables,Activity,"Option, Trade, Group:Production",Enum,[P] Juice,Production,Activity Option,,Juice,,,,,,,[P] जूस की दुकान,[P] जूस री दुकान,,Antigravity,09/21/2026 12:22:37
ACT_FOOD_PROCESSING,AppVariables,Activity,"Option, Trade, Group:Production",Enum,[P] Food processing (pickle/badi/papad),Production,Activity Option,,Food processing (pickle/badi/papad),,,,,,,[P] खाद्य प्रसंस्करण (अचार/बड़ी/पापड़ निर्माण),"[P] अचार, पापड़, बड़ी बणावण",,Antigravity,09/21/2026 12:22:37
ACT_FOOD_MAKING,AppVariables,Activity,"Option, Trade, Group:Production",Enum,[P] Food making (Sweets/Namkeen/hotel),Production,Activity Option,,Food making (Sweets/Namkeen/hotel),,,,,,,[P] मिठाई / नमकीन / ढाबा / होटल,[P] मिठाई / नमकीन / होटल,,Antigravity,09/21/2026 12:22:37
ACT_SWEET_BOX,AppVariables,Activity,"Option, Trade, Group:Production",Enum,[P] Sweet box making,Production,Activity Option,,Sweet box making,,,,,,,[P] मिठाई के डिब्बे बनाना,[P] मिठाई रा डिब्बा बणावण,,Antigravity,09/21/2026 12:22:37
ACT_FLAG_MAKING,AppVariables,Activity,"Option, Trade, Group:Production",Enum,[P] Flag making,Production,Activity Option,,Flag making,,,,,,,[P] झंडा निर्माण,[P] झंडा बणावण,,Antigravity,09/21/2026 12:22:37
ACT_LEATHER_PRODUCTS,AppVariables,Activity,"Option, Trade, Group:Production",Enum,[P] Leather products,Production,Activity Option,,Leather products,,,,,,,[P] चमड़े के उत्पाद / जूते,[P] चामड़ा रो काम / जूता,,Antigravity,09/21/2026 12:22:37
ACT_STONE_IDOLS,AppVariables,Activity,"Option, Trade, Group:Production",Enum,[P] Stone idols,Production,Activity Option,,Stone idols,,,,,,,[P] पत्थर की मूर्तियां,[P] पत्थर री मूर्तियां बणावण,,Antigravity,09/21/2026 12:22:37
ACT_ANY_OTHER,AppVariables,Activity,"Option, Trade, Group:Other",Enum,Any other activity,Other,Activity Option,,Any other activity,,,,,,,अन्य कोई गतिविधि,दूजो कोई काम,,Antigravity,09/21/2026 12:22:37
Q_A_17_00,Survey,BusinessActivities,"QuestionPrompt, SectionA, Order:19",EnumList,Q17. Main business activities of the enterprise (Multiselect),Q17. Main business activities of the enterprise (Multiselect),Specific trade activities,19,Q17. Main business activities of the enterprise (Multiselect),,"ACT_VEG_FRUIT , ACT_GROCERY , ACT_FANCY_STORE , ACT_APPAREL , ACT_ELECTRIC_GOODS , ACT_STONE_SHOP , ACT_AGRI_INPUT , ACT_AI_BREEDING , ACT_GOAT_TRADING , ACT_FLOUR_MILL , ACT_TAILORING , ACT_BEAUTY_PARLOUR , ACT_AUTO_REPAIR , ACT_EMITRA , ACT_TRANSPORT , ACT_TENT_HOUSE , ACT_MOBILE_REPAIR , ACT_STONE_CUTTING , ACT_SANITARY_NAPKIN , ACT_HANDICRAFT , ACT_DAIRY_MILK , ACT_JUICE , ACT_FOOD_PROCESSING , ACT_FOOD_MAKING , ACT_SWEET_BOX , ACT_FLAG_MAKING , ACT_LEATHER_PRODUCTS , ACT_STONE_IDOLS , ACT_ANY_OTHER",,,,,Q17. उद्यम की मुख्य व्यावसायिक गतिविधियां (बहु-चयन),Q17. उद्यम री मुख्य गतिविधियां,,Antigravity,09/26/2026 08:00:00
Q_A_17_01,Survey,BusinessActivitiesOther,"QuestionPrompt, SectionA, Order:20",Text,Specify other business activity,Specify other business activity,Other trade specification,20,Specify other business activity,,,,,,,अन्य व्यावसायिक गतिविधि बताएं,दूजी गतिविधि बताओ,,Antigravity,09/26/2026 08:00:00
AGE_18_25,AppVariables,AgeCohort,Option,Enum,18-25,,Age Cohort Option,,18-25,,,,,,,18-25 वर्ष,18-25 साल,,Antigravity,09/21/2026 12:22:37
AGE_26_35,AppVariables,AgeCohort,Option,Enum,26-35,,Age Cohort Option,,26-35,,,,,,,26-35 वर्ष,26-35 साल,,Antigravity,09/21/2026 12:22:37
AGE_36_45,AppVariables,AgeCohort,Option,Enum,36-45,,Age Cohort Option,,36-45,,,,,,,36-45 वर्ष,36-45 साल,,Antigravity,09/21/2026 12:22:37
AGE_46_55,AppVariables,AgeCohort,Option,Enum,46-55,,Age Cohort Option,,46-55,,,,,,,46-55 वर्ष,46-55 साल,,Antigravity,09/21/2026 12:22:37
AGE_ABOVE_55,AppVariables,AgeCohort,Option,Enum,Above 55,,Age Cohort Option,,Above 55,,,,,,,55 वर्ष से अधिक,55 साल सूं बत्ता,,Antigravity,09/21/2026 12:22:37
Q_B_01_00,Survey,RespondentAge,"QuestionPrompt, SectionB, Order:21",Enum,Q1. What is the age of the respondent?,Q1. What is the age of the respondent?,Respondent age,21,Q1. What is the age of the respondent?,,"AGE_18_25 , AGE_26_35 , AGE_36_45 , AGE_46_55 , AGE_ABOVE_55",,,,,Q1. उत्तरदाता की आयु क्या है?,Q1. उत्तरदाता री उमर कित्ती है?,,Antigravity,09/26/2026 08:00:00
MAR_SINGLE,AppVariables,MaritalStatus,Option,Enum,Single,,Marital Option,,Single,,,,,,,अविवाहित,अणपरणी / कुंवारी,,Antigravity,09/21/2026 12:22:37
MAR_MARRIED,AppVariables,MaritalStatus,Option,Enum,Married,,Marital Option,,Married,,,,,,,विवाहित,परणी,,Antigravity,09/21/2026 12:22:37
MAR_WIDOWED,AppVariables,MaritalStatus,Option,Enum,Widowed,,Marital Option,,Widowed,,,,,,,विधवा,रांड/विधवा,,Antigravity,09/21/2026 12:22:37
MAR_SEPARATED,AppVariables,MaritalStatus,Option,Enum,Separated,,Marital Option,,Separated,,,,,,,परित्यक्ता / अलग,अलग रहवै,,Antigravity,09/21/2026 12:22:37
MAR_DIVORCED,AppVariables,MaritalStatus,Option,Enum,Divorced,,Marital Option,,Divorced,,,,,,,तलाकशुदा,तलाकशुदा,,Antigravity,09/21/2026 12:22:37
Q_B_02_00,Survey,MaritalStatus,"QuestionPrompt, SectionB, Order:22",Enum,Q2. What is the marital status?,Q2. What is the marital status?,Marital status,22,Q2. What is the marital status?,,"MAR_SINGLE , MAR_MARRIED , MAR_WIDOWED , MAR_SEPARATED , MAR_DIVORCED",,,,,Q2. वैवाहिक स्थिति क्या है?,Q2. ब्याव री स्थिति काईं है?,,Antigravity,09/26/2026 08:00:00
CST_SC,AppVariables,Caste,Option,Enum,SC,,Caste Option,,SC,,,,,,,अनुसूचित जाति (SC),अनुसूचित जाति (SC),,Antigravity,09/21/2026 12:22:37
CST_ST,AppVariables,Caste,Option,Enum,ST,,Caste Option,,ST,,,,,,,अनुसूचित जनजाति (ST),अनुसूचित जनजाति (ST),,Antigravity,09/21/2026 12:22:37
CST_OBC,AppVariables,Caste,Option,Enum,OBC,,Caste Option,,OBC,,,,,,,अन्य पिछड़ा वर्ग (OBC),अन्य पिछड़ा वर्ग (OBC),,Antigravity,09/21/2026 12:22:37
CST_GEN,AppVariables,Caste,Option,Enum,General,,Caste Option,,General,,,,,,,सामान्य (General),सामान्य (General),,Antigravity,09/21/2026 12:22:37
Q_B_03_00,Survey,SocialCategory,"QuestionPrompt, SectionB, Order:23",Enum,Q3. What is the social category?,Q3. What is the social category?,Social group,23,Q3. What is the social category?,,"CST_SC , CST_ST , CST_OBC , CST_GEN",,,,,Q3. सामाजिक वर्ग / श्रेणी क्या है?,Q3. सामाजिक वर्ग काईं है?,,Antigravity,09/26/2026 08:00:00
EDU_ILLITERATE,AppVariables,Education,Option,Enum,Illiterate,,Education Option,,Illiterate,,,,,,,निरक्षर,अणपढ़,,Antigravity,09/21/2026 12:22:37
EDU_ILLITERATE_CALC,AppVariables,Education,Option,Enum,Illiterate but able to calculate,,Education Option,,Illiterate but able to calculate,,,,,,,निरक्षर लेकिन हिसाब-किताब में सक्षम,अणपढ़ पण हिसाब-किताब जांणै,,Antigravity,09/21/2026 12:22:37
EDU_5TH,AppVariables,Education,Option,Enum,Upto 5th,,Education Option,,Upto 5th,,,,,,,5वीं तक,5वीं तांई,,Antigravity,09/21/2026 12:22:37
EDU_8TH,AppVariables,Education,Option,Enum,Upto 8th,,Education Option,,Upto 8th,,,,,,,8वीं तक,8वीं तांई,,Antigravity,09/21/2026 12:22:37
EDU_10TH,AppVariables,Education,Option,Enum,Upto 10th,,Education Option,,Upto 10th,,,,,,,10वीं तक,10वीं तांई,,Antigravity,09/21/2026 12:22:37
EDU_12TH,AppVariables,Education,Option,Enum,Upto 12th,,Education Option,,Upto 12th,,,,,,,12वीं तक,12वीं तांई,,Antigravity,09/21/2026 12:22:37
EDU_DIPLOMA,AppVariables,Education,Option,Enum,Diploma,,Education Option,,Diploma,,,,,,,डिप्लोमा,डिप्लोमा,,Antigravity,09/21/2026 12:22:37
EDU_GRADUATE,AppVariables,Education,Option,Enum,Graduate,,Education Option,,Graduate,,,,,,,स्नातक (Graduate),कॉलेज पास (ग्रेजुएट),,Antigravity,09/21/2026 12:22:37
EDU_BED,AppVariables,Education,Option,Enum,B.Ed,,Education Option,,B.Ed,,,,,,,बी.एड (B.Ed),बी.एड,,Antigravity,09/21/2026 12:22:37
Q_B_04_00,Survey,EducationStatus,"QuestionPrompt, SectionB, Order:24",Enum,Q4. What is the education status?,Q4. What is the education status?,Education level,24,Q4. What is the education status?,,"EDU_ILLITERATE , EDU_ILLITERATE_CALC , EDU_5TH , EDU_8TH , EDU_10TH , EDU_12TH , EDU_DIPLOMA , EDU_GRADUATE , EDU_BED",,,,,Q4. शैक्षणिक योग्यता क्या है?,Q4. पढ़ाई-लिखाई कित्ती है?,,Antigravity,09/26/2026 08:00:00
Q_B_05_00,Survey,FamilyMemberCount,"QuestionPrompt, SectionB, Order:25",Number,Q5. How many members are in the family? ------- (count),Q5. How many members are in the family? ------- (count),Total family count,25,Q5. How many members are in the family? ------- (count),,,,,,,Q5. परिवार में कुल कितने सदस्य हैं? ------- (संख्या),Q5. कुटुंब में कुल कित्ता जणा है? ------- (गिनती),,Antigravity,09/26/2026 08:00:00
Q_B_05,Survey,SubTable_FamilyCount,"Group, Section",Text,Q6. Give details of the family members? (count),Q6. Give details of the family members? (count),Family member breakdown group,,Q6. Give details of the family members? (count),,,,,,,Q6. परिवार के सदस्यों का विवरण दें? (गिनती),Q6. घर रा जणां रो ब्योरो देवो? (गिनती),,Antigravity,09/26/2026 08:00:00
Q_B_06_01,Survey,FamilyAdultsCount,"QuestionPrompt, SectionB, Order:26",Number,Adults (Above 18)-------,Adults (Above 18)-------,Adult count,26,Adults (Above 18)-------,,,,,,,वयस्क (18 वर्ष से अधिक)-------,बड़ा जणा (18 सूं ऊपर)-------,,Antigravity,09/26/2026 08:00:00
Q_B_06_02,Survey,FamilyChildrenCount,"QuestionPrompt, SectionB, Order:27",Number,Children —-------,Children —-------,Child count,27,Children —-------,,,,,,,बच्चे (18 वर्ष से कम)-------,टाबर (18 सूं कम)-------,,Antigravity,09/26/2026 08:00:00
Q_B_06_03,Survey,FamilyTotalEarning,"QuestionPrompt, SectionB, Order:28",Number,Total earning members ------,Total earning members ------,Total earning count,28,Total earning members ------,,,,,,,कुल कमाने वाले सदस्य ------,कुल कमावणिया जणा ------,,Antigravity,09/26/2026 08:00:00
Q_B_06_04,Survey,FamilyMaleEarning,"QuestionPrompt, SectionB, Order:29",Number,Male earning members—----,Male earning members—----,Male earning count,29,Male earning members—----,,,,,,,पुरुष कमाने वाले सदस्य ------,कमावणिया पुरुष ------,,Antigravity,09/26/2026 08:00:00
Q_B_06_05,Survey,FamilyFemaleEarning,"QuestionPrompt, SectionB, Order:30",Number,Female earning members—----,Female earning members—----,Female earning count,30,Female earning members—----,,,,,,,महिला कमाने वाली सदस्य ------,कमावणिया लुगायां ------,,Antigravity,09/26/2026 08:00:00
Q_B_06_06,Survey,FamilyDisabledCount,"QuestionPrompt, SectionB, Order:31",Number,Members with disability-------,Members with disability-------,Disabled count,31,Members with disability-------,,,,,,,दिव्यांग सदस्य -------,दिव्यांग जणा -------,,Antigravity,09/26/2026 08:00:00
INC_AGRI,AppVariables,IncomeSource,Option,Enum,Agricultural income,,Income Source Option,,Agricultural income,,,,,,,कृषि आय,खेती-बाड़ी री कमाई,,Antigravity,09/21/2026 12:22:37
INC_SALARY,AppVariables,IncomeSource,Option,Enum,Fixed Salary,,Income Source Option,,Fixed Salary,,,,,,,नियमित वेतन / नौकरी,पक्की तनख्वाह / नौकरी,,Antigravity,09/21/2026 12:22:37
INC_WAGES,AppVariables,IncomeSource,Option,Enum,Wages,,Income Source Option,,Wages,,,,,,,दैनिक मजदूरी,मजूरी,,Antigravity,09/21/2026 12:22:37
INC_SELF_EMP,AppVariables,IncomeSource,Option,Enum,Self employed,,Income Source Option,,Self employed,,,,,,,स्वरोजगार,खुद रो रोजगार,,Antigravity,09/21/2026 12:22:37
INC_NTFP,AppVariables,IncomeSource,Option,Enum,NTFP sale,,Income Source Option,,NTFP sale,,,,,,,लघु वनोपज (NTFP) बिक्री,जंगल री उपज बेचान,,Antigravity,09/21/2026 12:22:37
INC_DAIRY,AppVariables,IncomeSource,Option,Enum,Dairying,,Income Source Option,,Dairying,,,,,,,डेयरी व्यवसाय,दूध-डेरी रो काम,,Antigravity,09/21/2026 12:22:37
INC_ANIMAL_SALE,Survey,IncomeSource,"IncomeSourceOption, SubOption",Enum,Sale of animals,Income from sale of livestock / animals,Income Source Option,,Sale of animals,,,,,,,पशु बिक्री (जानवरों का बेचना),पशु बेचना / लेन-देन,,Antigravity,09/26/2026 08:45:00
INC_ANIMAL_PROD,AppVariables,IncomeSource,Option,Enum,Animal products,,Income Source Option,,Animal products,,,,,,,पशु उत्पाद बिक्री,पशु उत्पाद बेचान,,Antigravity,09/21/2026 12:22:37
INC_FAMILY_ENT,AppVariables,IncomeSource,Option,Enum,Family/husband's enterprise,,Income Source Option,,Family/husband's enterprise,,,,,,,परिवार / पति का उद्यम,घर रो / धणी रो धंधो,,Antigravity,09/21/2026 12:22:37
INC_RESP_ENT,AppVariables,IncomeSource,Option,Enum,Respondent's enterprise,,Income Source Option,,Respondent's enterprise,,,,,,,उत्तरदाता का स्वयं का उद्यम,थारो खुद रो धंधो,,Antigravity,09/21/2026 12:22:37
INC_MNREGA,AppVariables,IncomeSource,Option,Enum,MNREGA,,Income Source Option,,MNREGA,,,,,,,मनरेगा,नरेगा मजूरी,,Antigravity,09/21/2026 12:22:37
INC_PENSION,AppVariables,IncomeSource,Option,Enum,Pension,,Income Source Option,,Pension,,,,,,,पेंशन,पेंशन,,Antigravity,09/21/2026 12:22:37
INC_RENT,AppVariables,IncomeSource,Option,Enum,Rent from properties,,Income Source Option,,Rent from properties,,,,,,,मकान / दुकान किराया,किरायो,,Antigravity,09/21/2026 12:22:37
INC_OTHER,Survey,IncomeSource,"IncomeSourceOption, SubOption",Enum,"Any other, specify",Any other source of household income,Income Source Option,,"Any other, specify",,,,,,,अन्य कोई स्रोत (विवरण दें),दूजो कोई स्रोत,,Antigravity,09/26/2026 08:45:00
Q_B_07_00,Survey,FamilyIncomeSources,"QuestionPrompt, SectionB, Order:32",EnumList,Q7. What are your family’s sources of income? (Multiselect),Q7. What are your family’s sources of income? (Multiselect),Income sources,32,Q7. What are your family’s sources of income? (Multiselect),,"INC_AGRI , INC_SALARY , INC_WAGES , INC_SELF_EMP , INC_NTFP , INC_DAIRY , INC_ANIMAL_SALE , INC_ANIMAL_PROD , INC_FAMILY_ENT , INC_RESP_ENT , INC_MNREGA , INC_PENSION , INC_RENT , INC_OTHER",,,,,Q7. आपके परिवार की आय के स्रोत क्या हैं? (बहु-चयन),Q7. थारे घर री कमाई रा साधन काईं है?,,Antigravity,09/26/2026 08:00:00
Q_B_07_02,Survey,FamilyIncomeSourcesOther,"QuestionPrompt, SectionB, Order:35.2",Text,Q7.2 Any other source of income (Specify),Specify any other source of family income,Survey Question,35.2,Q7.2 Any other source of income (Specify),,,,,,,Q7.2 अन्य आय का स्रोत (विवरण दें),Q7.2 दूजी आमदनी रो स्रोत (ब्यौरो दो),,Antigravity,09/26/2026 08:45:00
Q_B_07_01,Survey,FamilyIncome_AnimalSale_Specify,"QuestionPrompt, SectionB, Order:35.1",Text,Q7.1 Sale of animals (Specify details / type of animals),Specify details and type of animals sold,Survey Question,35.1,Q7.1 Sale of animals (Specify details / type of animals),,,,,,,Q7.1 पशु बिक्री का विवरण (कौन से पशु / विवरण दें),Q7.1 पशु बिक्री रो विवरण (कुणसा पशु / ब्यौरो),,Antigravity,09/26/2026 08:45:00
INC_LT_80K,AppVariables,AnnualIncomeBracket,Option,Enum,"Less than Rs 80,000",,Bracket Option,,"Less than Rs 80,000",,,,,,,"रु 80,000 से कम",80 हजार सूं कम,,Antigravity,09/21/2026 12:22:37
INC_80K_120K,AppVariables,AnnualIncomeBracket,Option,Enum,"Rs 80,000 to Rs 1,20,000",,Bracket Option,,"Rs 80,000 to Rs 1,20,000",,,,,,,"रु 80,000 से रु 1,20,000",80 हजार सूं 1 लाख 20 हजार,,Antigravity,09/21/2026 12:22:37
INC_120K_160K,AppVariables,AnnualIncomeBracket,Option,Enum,"Rs 1,20,000 to Rs 1,60,000",,Bracket Option,,"Rs 1,20,000 to Rs 1,60,000",,,,,,,"रु 1,20,000 से रु 1,60,000",1.20 लाख सूं 1.60 लाख,,Antigravity,09/21/2026 12:22:37
INC_160K_200K,AppVariables,AnnualIncomeBracket,Option,Enum,"Rs 1,60,000 to Rs 2,00,000",,Bracket Option,,"Rs 1,60,000 to Rs 2,00,000",,,,,,,"रु 1,60,000 से रु 2,00,000",1.60 लाख सूं 2 लाख,,Antigravity,09/21/2026 12:22:37
INC_200K_240K,AppVariables,AnnualIncomeBracket,Option,Enum,"Rs 2,00,000 to Rs 2,40,000",,Bracket Option,,"Rs 2,00,000 to Rs 2,40,000",,,,,,,"रु 2,00,000 से रु 2,40,000",2 लाख सूं 2.40 लाख,,Antigravity,09/21/2026 12:22:37
INC_240K_280K,AppVariables,AnnualIncomeBracket,Option,Enum,"Rs 2,40,000 to Rs 2,80,000",,Bracket Option,,"Rs 2,40,000 to Rs 2,80,000",,,,,,,"रु 2,40,000 से रु 2,80,000",2.40 लाख सूं 2.80 लाख,,Antigravity,09/21/2026 12:22:37
INC_280K_320K,AppVariables,AnnualIncomeBracket,Option,Enum,"Rs 2,80,000 to Rs 3,20,000",,Bracket Option,,"Rs 2,80,000 to Rs 3,20,000",,,,,,,"रु 2,80,000 से रु 3,20,000",2.80 लाख सूं 3.20 लाख,,Antigravity,09/21/2026 12:22:37
INC_320K_360K,AppVariables,AnnualIncomeBracket,Option,Enum,"Rs 3,20,000 to Rs 3,60,000",,Bracket Option,,"Rs 3,20,000 to Rs 3,60,000",,,,,,,"रु 3,20,000 से रु 3,60,000",3.20 लाख सूं 3.60 लाख,,Antigravity,09/21/2026 12:22:37
INC_GT_360K,AppVariables,AnnualIncomeBracket,Option,Enum,"Above Rs 3,60,000",,Bracket Option,,"Above Rs 3,60,000",,,,,,,"रु 3,60,000 से अधिक",3 लाख 60 हजार सूं बत्ता,,Antigravity,09/21/2026 12:22:37
Q_B_08_00,Survey,AnnualHouseholdIncome,"QuestionPrompt, SectionB, Order:33",Enum,Q8. What is your annual household income and monetary benefits from all sources (including respondent’s enterprise)?,Q8. What is your annual household income and monetary benefits from all sources (including respondent’s enterprise)?,Household income bracket,33,Q8. What is your annual household income and monetary benefits from all sources (including respondent’s enterprise)?,,"INC_LT_80K , INC_80K_120K , INC_120K_160K , INC_160K_200K , INC_200K_240K , INC_240K_280K , INC_280K_320K , INC_320K_360K , INC_GT_360K",,,,,Q8. सभी स्रोतों से आपकी वार्षिक पारिवारिक आय कितनी है (उद्यम सहित)?,Q8. सगळा साधनां सूं साल री कुल कमाई कित्ती है?,,Antigravity,09/26/2026 08:00:00
RSN_SETBACK,AppVariables,ReasonStarting,Option,Enum,"My family faced a financial setback, and I needed to earn",,Reason Option,,"My family faced a financial setback, and I needed to earn",,,,,,,परिवार को आर्थिक संकट का सामना करना पड़ा और मुझे कमाना पड़ा,"घर में तंगी आग्यी ही, इस वास्ते कमावणो पड़्यो",,Antigravity,09/21/2026 12:22:37
RSN_RISING_EXP,AppVariables,ReasonStarting,Option,Enum,"Our expenses were rising, and my family needed an alternate source of income",,Reason Option,,"Our expenses were rising, and my family needed an alternate source of income",,,,,,,खर्च बढ़ रहे थे और परिवार को अतिरिक्त आय की आवश्यकता थी,खर्चा बढ़ग्या हा और दूजी कमाई री जरूरत ही,,Antigravity,09/21/2026 12:22:37
RSN_OWN_VENTURE,AppVariables,ReasonStarting,Option,Enum,I always wanted to own/run my own business,,Reason Option,,I always wanted to own/run my own business,,,,,,,मेरी हमेशा से अपना व्यवसाय चलाने की इच्छा थी,म्हारी खुद रो धंधो चलावण री इच्छा ही,,Antigravity,09/21/2026 12:22:37
RSN_LEARNT_SKILL,AppVariables,ReasonStarting,Option,Enum,I learnt the skill and wanted to start my own venture,,Reason Option,,I learnt the skill and wanted to start my own venture,,,,,,,मैंने हुनर सीखा और अपना काम शुरू करना चाहा,काम सीख्यो और खुद रो धंधो सुरू करयो,,Antigravity,09/21/2026 12:22:37
RSN_FROM_WAGE,AppVariables,ReasonStarting,Option,Enum,I was doing the same work as wage labour and later decided to start own venture,,Reason Option,,I was doing the same work as wage labour and later decided to start own venture,,,,,,,मैं मजदूरी करती थी और बाद में खुद का उद्यम शुरू करने का फैसला किया,"पैली मजूरी करती ही, फेर खुद रो काम सुरू करयो",,Antigravity,09/21/2026 12:22:37
RSN_ALL_SHG_LOAN,AppVariables,ReasonStarting,Option,Enum,All SHG members were getting loans for enterprise so I also decided to take and start,,Reason Option,,All SHG members were getting loans for enterprise so I also decided to take and start,,,,,,,सभी SHG सदस्यों को लोन मिल रहा था तो मैंने भी उद्यम शुरू किया,सगळी बाईयां लोन लेवती ही तो म्हैं भी लोन लियो,,Antigravity,09/21/2026 12:22:37
RSN_CRP_ENCOURAGED,AppVariables,ReasonStarting,Option,Enum,The OSF/SVEP CRP encouraged me to start the enterprise,,Reason Option,,The OSF/SVEP CRP encouraged me to start the enterprise,,,,,,,OSF/SVEP सीआरपी ने मुझे उद्यम शुरू करने के लिए प्रेरित किया,सीआरपी दीदी हौसलो दियो और काम सुरू करवायो,,Antigravity,09/21/2026 12:22:37
RSN_CLF_ENCOURAGED,AppVariables,ReasonStarting,Option,Enum,The CLF encouraged me to start the enterprise,,Reason Option,,The CLF encouraged me to start the enterprise,,,,,,,सीएलएफ ने मुझे उद्यम शुरू करने के लिए प्रेरित किया,सीएलएफ सूं प्रेरणा मिली,,Antigravity,09/21/2026 12:22:37
Q_C_01_00,Survey,ReasonsStartingBusiness,"QuestionPrompt, SectionC, Order:34",EnumList,Q1. Reasons for starting the business? (Multiselect),Q1. Reasons for starting the business? (Multiselect),Reasons for starting,34,Q1. Reasons for starting the business? (Multiselect),,"RSN_SETBACK , RSN_RISING_EXP , RSN_OWN_VENTURE , RSN_LEARNT_SKILL , RSN_FROM_WAGE , RSN_ALL_SHG_LOAN , RSN_CRP_ENCOURAGED , RSN_CLF_ENCOURAGED",,,,,Q1. व्यवसाय शुरू करने के क्या कारण थे? (बहु-चयन),Q1. काम-धंधो सुरू करण रा काईं कारण हा?,,Antigravity,09/26/2026 08:00:00
CYC_REGULAR_HOURS,AppVariables,BusinessCycle,Option,Enum,Operational for regular hours throughout the year,,Cycle Option,,Operational for regular hours throughout the year,,,,,,,पूरे वर्ष नियमित घंटों तक संचालित,पूरे साल रोज बंध्या टेम पर खुलै,,Antigravity,09/21/2026 12:22:37
CYC_WHENEVER_CUSTOMER,AppVariables,BusinessCycle,Option,Enum,Operational whenever the customer arrives throughout the year,,Cycle Option,,Operational whenever the customer arrives throughout the year,,,,,,,पूरे वर्ष जब भी ग्राहक आए तब संचालित,पूरे साल जद भी ग्राहक आवै जद खुलै,,Antigravity,09/21/2026 12:22:37
CYC_BOTH_ROUND_YEAR,AppVariables,BusinessCycle,Option,Enum,Both production and sales operational throughout the year,,Cycle Option,,Both production and sales operational throughout the year,,,,,,,पूरे वर्ष उत्पादन और बिक्री दोनों चालू रहते हैं,पूरे साल माल बणावण और बेचण रो काम चालै,,Antigravity,09/21/2026 12:22:37
CYC_ON_ORDER_ONLY,AppVariables,BusinessCycle,Option,Enum,Production and sale only on receiving order,,Cycle Option,,Production and sale only on receiving order,,,,,,,केवल ऑर्डर मिलने पर उत्पादन और बिक्री,ऑर्डर मिल्या पर ही माल बणावै और बेचै,,Antigravity,09/21/2026 12:22:37
CYC_SEASONAL_ROUND,AppVariables,BusinessCycle,Option,Enum,Seasonal production and sale throughout the year,,Cycle Option,,Seasonal production and sale throughout the year,,,,,,,मौसमी उत्पादन लेकिन पूरे साल बिक्री,मौसम में माल बणै पण पूरे साल बिकै,,Antigravity,09/21/2026 12:22:37
CYC_FEW_MONTHS,AppVariables,BusinessCycle,Option,Enum,Production and sale is limited to few months,,Cycle Option,,Production and sale is limited to few months,,,,,,,उत्पादन और बिक्री कुछ महीनों तक सीमित,साल में बस कुछेक महिना ही काम चालै,,Antigravity,09/21/2026 12:22:37
CYC_OTHER,AppVariables,BusinessCycle,Option,Enum,"Any other, specify",,Cycle Option,,"Any other, specify",,,,,,,"अन्य कोई, विवरण दें",दूजो कोई प्रकार,,Antigravity,09/21/2026 12:22:37
Q_C_02_00,Survey,BusinessCycle,"QuestionPrompt, SectionC, Order:35",Enum,Q2. Describe your business cycle?,Q2. Describe your business cycle?,Cycle type,35,Q2. Describe your business cycle?,,"CYC_REGULAR_HOURS , CYC_WHENEVER_CUSTOMER , CYC_BOTH_ROUND_YEAR , CYC_ON_ORDER_ONLY , CYC_SEASONAL_ROUND , CYC_FEW_MONTHS , CYC_OTHER",,,,,Q2. अपने व्यवसाय चक्र का विवरण दें?,Q2. काम-धंधो किण चक्र में चालै?,,Antigravity,09/26/2026 08:00:00
Q_C_02_01,Survey,BusinessCycleOther,"QuestionPrompt, SectionC, Order:36",Text,Specify other business cycle,Specify other business cycle,Other cycle description,36,Specify other business cycle,,,,,,,अन्य व्यवसाय चक्र बताएं,दूजो तरीको बताओ,,Antigravity,09/26/2026 08:00:00
PLC_OWN,AppVariables,BusinessPlace,Option,Enum,Own,,Place Option,,Own,,,,,,,स्वयं की जगह / दुकान,खुद री जगह,,Antigravity,09/21/2026 12:22:37
PLC_RENTED,AppVariables,BusinessPlace,Option,Enum,Rented,,Place Option,,Rented,,,,,,,किराए की जगह / दुकान,किराये री जगह,,Antigravity,09/21/2026 12:22:37
Q_C_03_00,Survey,BusinessPlaceType,"QuestionPrompt, SectionC, Order:37",Enum,Q3. What is the type of business place?,Q3. What is the type of business place?,Place type,37,Q3. What is the type of business place?,,"PLC_OWN , PLC_RENTED",,,,,Q3. व्यावसायिक स्थान किस प्रकार का है?,Q3. दुकान/काम री जगह किकण री है?,,Antigravity,09/26/2026 08:00:00
Q_C_04_00,Survey,AnnualRent,"QuestionPrompt, SectionC, Order:38",Decimal,"Q4. If rented, what is monthly rent? Rs______( mention in numbers)","Q4. If rented, what is monthly rent? Rs______( mention in numbers)",Annual rent amount,38,"Q4. If rented, what is monthly rent? Rs______( mention in numbers)",,,,,,,Q4. यदि किराए पर है तो मासिक किराया कितना है? (रु),Q4. किराए री है तो महिना रो कित्तो भाड़ो है? (रु),,Antigravity,09/26/2026 08:00:00
LOC_CONVENIENT,AppVariables,LocationConvenience,Option,Enum,"Yes, my location is very convenient to attract customers",,Location Option,,"Yes, my location is very convenient to attract customers",,,,,,,"हाँ, ग्राहकों को आकर्षित करने के लिए स्थान बहुत सुविधाजनक है","हाँ, गिराहक आराम सूं आवै, बढ़िया जगह छै",,Antigravity,09/21/2026 12:22:37
LOC_CHANGED_LOC,AppVariables,LocationConvenience,Option,Enum,"Yes, I changed my location to get the clients",,Location Option,,"Yes, I changed my location to get the clients",,,,,,,"हाँ, ग्राहकों के लिए मैंने अपना स्थान बदला","हाँ, गिराहकां खातर जगह बदली",,Antigravity,09/21/2026 12:22:37
LOC_HOME_CANT_MOVE,AppVariables,LocationConvenience,Option,Enum,"No, but I operate from home and can’t move to other location",,Location Option,,"No, but I operate from home and can’t move to other location",,,,,,,"नहीं, लेकिन मैं घर से काम करती हूँ और दूसरी जगह नहीं जा सकती","ना, पण घर सूं काम करां, बाहर नीं जा सका",,Antigravity,09/21/2026 12:22:37
LOC_AFFORD_ONLY,AppVariables,LocationConvenience,Option,Enum,"No, but I can afford only this space",,Location Option,,"No, but I can afford only this space",,,,,,,"नहीं, लेकिन मैं केवल इसी जगह का खर्च उठा सकती हूँ","ना, पण म्हारे बजट में आ ही जगह ही",,Antigravity,09/21/2026 12:22:37
LOC_OTHER,AppVariables,LocationConvenience,Option,Enum,"Any other, specify",,Location Option,,"Any other, specify",,,,,,,"अन्य कोई, विवरण दें",दूजी कोई बात,,Antigravity,09/21/2026 12:22:37
Q_C_05_00,Survey,LocationConvenience,"QuestionPrompt, SectionC, Order:39",Enum,Q5. Is the location of your premise convenient for your customers?,Q5. Is the location of your premise convenient for your customers?,Location convenience,39,Q5. Is the location of your premise convenient for your customers?,,"LOC_CONVENIENT , LOC_CHANGED_LOC , LOC_HOME_CANT_MOVE , LOC_AFFORD_ONLY , LOC_OTHER",,,,,Q5. क्या आपके परिसर का स्थान ग्राहकों के लिए सुविधाजनक है?,Q5. का दुकान री जगह ग्राहकां खातर ठीक है?,,Antigravity,09/26/2026 08:00:00
Q_C_05_01,Survey,LocationConvenienceOther,"QuestionPrompt, SectionC, Order:40",Text,Specify other location convenience remark,Specify other location convenience remark,Other location remark,40,Specify other location convenience remark,,,,,,,अन्य स्थान टिप्पणी बताएं,दूजी बात बताओ,,Antigravity,09/26/2026 08:00:00
INV_REGULAR,AppVariables,InvolvementLevel,Option,Enum,Regular,,Involvement Option,,Regular,,,,,,,नियमित,रोज/नियमित,,Antigravity,09/21/2026 12:22:37
INV_OCCASIONAL,AppVariables,InvolvementLevel,Option,Enum,Occasional,,Involvement Option,,Occasional,,,,,,,कभी-कभार,कदे-कदाई,,Antigravity,09/21/2026 12:22:37
INV_ONLY_RESP,AppVariables,InvolvementLevel,Option,Enum,Only respondent,,Involvement Option,,Only respondent,,,,,,,केवल उत्तरदाता,सिर्फ म्हैं खुद,,Antigravity,09/21/2026 12:22:37
INV_NOT_RELEVANT,AppVariables,InvolvementLevel,Option,Enum,Not relevant,,Involvement Option,,Not relevant,,,,,,,लागू नहीं,लागू कोनी,,Antigravity,09/21/2026 12:22:37
Q_C_06_Purchase_INV,Survey,Labor_Purchase_Involvement,"QuestionPrompt, SectionC, Order:41",Enum,Purchase of material — Involvement of family members,Section C Q6 Purchase,Involvement level,41,Purchase of material — Involvement of family members,,"INV_REGULAR , INV_OCCASIONAL , INV_ONLY_RESP , INV_NOT_RELEVANT",,,,,सामग्री की खरीद — परिवार के सदस्यों की भागीदारी,सामान खरीदण — घर रा जणां री भागीदारी,,Antigravity,09/21/2026 12:22:37
Q_C_06_Purchase_FAM,Survey,Labor_Purchase_FamilyCount,"QuestionPrompt, SectionC, Order:42",Number,Purchase of material — Family members involved (#),Section C Q6 Purchase,Family count,42,Purchase of material — Family members involved (#),,,,,,,सामग्री की खरीद — शामिल परिवार के सदस्य (संख्या),सामान खरीदण — घर रा जणां री गिनती,,Antigravity,09/21/2026 12:22:37
Q_C_06_Purchase_HIRED,Survey,Labor_Purchase_HiredCount,"QuestionPrompt, SectionC, Order:43",Number,Purchase of material — Hired help (#),Section C Q6 Purchase,Hired count,43,Purchase of material — Hired help (#),,,,,,,सामग्री की खरीद — रखे गए मजदूर/सहायक (संख्या),सामान खरीदण — मजूरा री गिनती,,Antigravity,09/21/2026 12:22:37
Q_C_06_Purchase_AMT,Survey,Labor_Purchase_AmountPaid,"QuestionPrompt, SectionC, Order:44",Decimal,Purchase of material — Amount paid in last one year (Rs),Section C Q6 Purchase,Amount paid,44,Purchase of material — Amount paid in last one year (Rs),,,,,,,सामग्री की खरीद — पिछले एक वर्ष में भुगतान की गई राशि (रु),सामान खरीदण — साल भर में कित्ता पीसा दिया (रु),,Antigravity,09/21/2026 12:22:37
Q_C_06_Prod_INV,Survey,Labor_Prod_Involvement,"QuestionPrompt, SectionC, Order:45",Enum,Production — Involvement of family members,Section C Q6 Prod,Involvement level,45,Production — Involvement of family members,,"INV_REGULAR , INV_OCCASIONAL , INV_ONLY_RESP , INV_NOT_RELEVANT",,,,,उत्पादन / निर्माण — परिवार के सदस्यों की भागीदारी,माल बणावण — घर रा जणां री भागीदारी,,Antigravity,09/21/2026 12:22:37
Q_C_06_Prod_FAM,Survey,Labor_Prod_FamilyCount,"QuestionPrompt, SectionC, Order:46",Number,Production — Family members involved (#),Section C Q6 Prod,Family count,46,Production — Family members involved (#),,,,,,,उत्पादन / निर्माण — शामिल परिवार के सदस्य (संख्या),माल बणावण — घर रा जणां री गिनती,,Antigravity,09/21/2026 12:22:37
Q_C_06_Prod_HIRED,Survey,Labor_Prod_HiredCount,"QuestionPrompt, SectionC, Order:47",Number,Production — Hired help (#),Section C Q6 Prod,Hired count,47,Production — Hired help (#),,,,,,,उत्पादन / निर्माण — रखे गए मजदूर/सहायक (संख्या),माल बणावण — मजूरा री गिनती,,Antigravity,09/21/2026 12:22:37
Q_C_06_Prod_AMT,Survey,Labor_Prod_AmountPaid,"QuestionPrompt, SectionC, Order:48",Decimal,Production — Amount paid in last one year (Rs),Section C Q6 Prod,Amount paid,48,Production — Amount paid in last one year (Rs),,,,,,,उत्पादन / निर्माण — पिछले एक वर्ष में भुगतान की गई राशि (रु),माल बणावण — साल भर में कित्ता पीसा दिया (रु),,Antigravity,09/21/2026 12:22:37
Q_C_06_Serv_INV,Survey,Labor_Serv_Involvement,"QuestionPrompt, SectionC, Order:49",Enum,Servicing — Involvement of family members,Section C Q6 Serv,Involvement level,49,Servicing — Involvement of family members,,"INV_REGULAR , INV_OCCASIONAL , INV_ONLY_RESP , INV_NOT_RELEVANT",,,,,सेवा / सर्विसिंग — परिवार के सदस्यों की भागीदारी,सेवा रो काम — घर रा जणां री भागीदारी,,Antigravity,09/21/2026 12:22:37
Q_C_06_Serv_FAM,Survey,Labor_Serv_FamilyCount,"QuestionPrompt, SectionC, Order:50",Number,Servicing — Family members involved (#),Section C Q6 Serv,Family count,50,Servicing — Family members involved (#),,,,,,,सेवा / सर्विसिंग — शामिल परिवार के सदस्य (संख्या),सेवा रो काम — घर रा जणां री गिनती,,Antigravity,09/21/2026 12:22:37
Q_C_06_Serv_HIRED,Survey,Labor_Serv_HiredCount,"QuestionPrompt, SectionC, Order:51",Number,Servicing — Hired help (#),Section C Q6 Serv,Hired count,51,Servicing — Hired help (#),,,,,,,सेवा / सर्विसिंग — रखे गए मजदूर/सहायक (संख्या),सेवा रो काम — मजूरा री गिनती,,Antigravity,09/21/2026 12:22:37
Q_C_06_Serv_AMT,Survey,Labor_Serv_AmountPaid,"QuestionPrompt, SectionC, Order:52",Decimal,Servicing — Amount paid in last one year (Rs),Section C Q6 Serv,Amount paid,52,Servicing — Amount paid in last one year (Rs),,,,,,,सेवा / सर्विसिंग — पिछले एक वर्ष में भुगतान की गई राशि (रु),सेवा रो काम — साल भर में कित्ता पीसा दिया (रु),,Antigravity,09/21/2026 12:22:37
Q_C_06_Mktg_INV,Survey,Labor_Mktg_Involvement,"QuestionPrompt, SectionC, Order:53",Enum,Social media marketing — Involvement of family members,Section C Q6 Mktg,Involvement level,53,Social media marketing — Involvement of family members,,"INV_REGULAR , INV_OCCASIONAL , INV_ONLY_RESP , INV_NOT_RELEVANT",,,,,सोशल मीडिया मार्केटिंग — परिवार के सदस्यों की भागीदारी,मोबाइल/प्रचार काम — घर रा जणां री भागीदारी,,Antigravity,09/21/2026 12:22:37
Q_C_06_Mktg_FAM,Survey,Labor_Mktg_FamilyCount,"QuestionPrompt, SectionC, Order:54",Number,Social media marketing — Family members involved (#),Section C Q6 Mktg,Family count,54,Social media marketing — Family members involved (#),,,,,,,सोशल मीडिया मार्केटिंग — शामिल परिवार के सदस्य (संख्या),मोबाइल/प्रचार काम — घर रा जणां री गिनती,,Antigravity,09/21/2026 12:22:37
Q_C_06_Mktg_HIRED,Survey,Labor_Mktg_HiredCount,"QuestionPrompt, SectionC, Order:55",Number,Social media marketing — Hired help (#),Section C Q6 Mktg,Hired count,55,Social media marketing — Hired help (#),,,,,,,सोशल मीडिया मार्केटिंग — रखे गए मजदूर/सहायक (संख्या),मोबाइल/प्रचार काम — मजूरा री गिनती,,Antigravity,09/21/2026 12:22:37
Q_C_06_Mktg_AMT,Survey,Labor_Mktg_AmountPaid,"QuestionPrompt, SectionC, Order:56",Decimal,Social media marketing — Amount paid in last one year (Rs),Section C Q6 Mktg,Amount paid,56,Social media marketing — Amount paid in last one year (Rs),,,,,,,सोशल मीडिया मार्केटिंग — पिछले एक वर्ष में भुगतान की गई राशि (रु),मोबाइल/प्रचार काम — साल भर में कित्ता पीसा दिया (रु),,Antigravity,09/21/2026 12:22:37
Q_C_06_Sale_INV,Survey,Labor_Sale_Involvement,"QuestionPrompt, SectionC, Order:57",Enum,Sale (shop/door to door/haat) — Involvement of family members,Section C Q6 Sale,Involvement level,57,Sale (shop/door to door/haat) — Involvement of family members,,"INV_REGULAR , INV_OCCASIONAL , INV_ONLY_RESP , INV_NOT_RELEVANT",,,,,बिक्री (दुकान/हाट/मेला) — परिवार के सदस्यों की भागीदारी,माल बेचण — घर रा जणां री भागीदारी,,Antigravity,09/21/2026 12:22:37
Q_C_06_Sale_FAM,Survey,Labor_Sale_FamilyCount,"QuestionPrompt, SectionC, Order:58",Number,Sale (shop/door to door/haat) — Family members involved (#),Section C Q6 Sale,Family count,58,Sale (shop/door to door/haat) — Family members involved (#),,,,,,,बिक्री (दुकान/हाट/मेला) — शामिल परिवार के सदस्य (संख्या),माल बेचण — घर रा जणां री गिनती,,Antigravity,09/21/2026 12:22:37
Q_C_06_Sale_HIRED,Survey,Labor_Sale_HiredCount,"QuestionPrompt, SectionC, Order:59",Number,Sale (shop/door to door/haat) — Hired help (#),Section C Q6 Sale,Hired count,59,Sale (shop/door to door/haat) — Hired help (#),,,,,,,बिक्री (दुकान/हाट/मेला) — रखे गए मजदूर/सहायक (संख्या),माल बेचण — मजूरा री गिनती,,Antigravity,09/21/2026 12:22:37
Q_C_06_Sale_AMT,Survey,Labor_Sale_AmountPaid,"QuestionPrompt, SectionC, Order:60",Decimal,Sale (shop/door to door/haat) — Amount paid in last one year (Rs),Section C Q6 Sale,Amount paid,60,Sale (shop/door to door/haat) — Amount paid in last one year (Rs),,,,,,,बिक्री (दुकान/हाट/मेला) — पिछले एक वर्ष में भुगतान की गई राशि (रु),माल बेचण — साल भर में कित्ता पीसा दिया (रु),,Antigravity,09/21/2026 12:22:37
Q_C_06_Record_INV,Survey,Labor_Record_Involvement,"QuestionPrompt, SectionC, Order:61",Enum,Record keeping — Involvement of family members,Section C Q6 Record,Involvement level,61,Record keeping — Involvement of family members,,"INV_REGULAR , INV_OCCASIONAL , INV_ONLY_RESP , INV_NOT_RELEVANT",,,,,हिसाब-किताब / रिकॉर्ड रखना — परिवार के सदस्यों की भागीदारी,हिसाब-किताब रखण — घर रा जणां री भागीदारी,,Antigravity,09/21/2026 12:22:37
Q_C_06_Record_FAM,Survey,Labor_Record_FamilyCount,"QuestionPrompt, SectionC, Order:62",Number,Record keeping — Family members involved (#),Section C Q6 Record,Family count,62,Record keeping — Family members involved (#),,,,,,,हिसाब-किताब / रिकॉर्ड रखना — शामिल परिवार के सदस्य (संख्या),हिसाब-किताब रखण — घर रा जणां री गिनती,,Antigravity,09/21/2026 12:22:37
Q_C_06_Record_HIRED,Survey,Labor_Record_HiredCount,"QuestionPrompt, SectionC, Order:63",Number,Record keeping — Hired help (#),Section C Q6 Record,Hired count,63,Record keeping — Hired help (#),,,,,,,हिसाब-किताब / रिकॉर्ड रखना — रखे गए मजदूर/सहायक (संख्या),हिसाब-किताब रखण — मजूरा री गिनती,,Antigravity,09/21/2026 12:22:37
Q_C_06_Record_AMT,Survey,Labor_Record_AmountPaid,"QuestionPrompt, SectionC, Order:64",Decimal,Record keeping — Amount paid in last one year (Rs),Section C Q6 Record,Amount paid,64,Record keeping — Amount paid in last one year (Rs),,,,,,,हिसाब-किताब / रिकॉर्ड रखना — पिछले एक वर्ष में भुगतान की गई राशि (रु),हिसाब-किताब रखण — साल भर में कित्ता पीसा दिया (रु),,Antigravity,09/21/2026 12:22:37
SAL_NOT_REL,AppVariables,SalaryBill,Option,Enum,Not relevant,,Salary Bill Option,,Not relevant,,,,,,,लागू नहीं,लागू कोनी,,Antigravity,09/21/2026 12:22:37
SAL_UPTO_5K,AppVariables,SalaryBill,Option,Enum,Upto Rs 5000,,Salary Bill Option,,Upto Rs 5000,,,,,,,"रु 5,000 तक",5 हजार तांई,,Antigravity,09/21/2026 12:22:37
SAL_6K_10K,AppVariables,SalaryBill,Option,Enum,"Rs 6000 to Rs 10,000",,Salary Bill Option,,"Rs 6000 to Rs 10,000",,,,,,,"रु 6,000 से रु 10,000",6 हजार सूं 10 हजार,,Antigravity,09/21/2026 12:22:37
SAL_11K_30K,AppVariables,SalaryBill,Option,Enum,"Rs 11,000 to Rs 30,000",,Salary Bill Option,,"Rs 11,000 to Rs 30,000",,,,,,,"रु 11,000 से रु 30,000",11 हजार सूं 30 हजार,,Antigravity,09/21/2026 12:22:37
SAL_31K_50K,AppVariables,SalaryBill,Option,Enum,"Rs 31,000 to Rs 50,000",,Salary Bill Option,,"Rs 31,000 to Rs 50,000",,,,,,,"रु 31,000 से रु 50,000",31 हजार सूं 50 हजार,,Antigravity,09/21/2026 12:22:37
SAL_51K_70K,AppVariables,SalaryBill,Option,Enum,"Rs 51,000 to Rs 70,000",,Salary Bill Option,,"Rs 51,000 to Rs 70,000",,,,,,,"रु 51,000 से रु 70,000",51 हजार सूं 70 हजार,,Antigravity,09/21/2026 12:22:37
SAL_71K_90K,AppVariables,SalaryBill,Option,Enum,"Rs 71,000 to Rs 90,000",,Salary Bill Option,,"Rs 71,000 to Rs 90,000",,,,,,,"रु 71,000 से रु 90,000",71 हजार सूं 90 हजार,,Antigravity,09/21/2026 12:22:37
SAL_90K_110K,AppVariables,SalaryBill,Option,Enum,"Rs 90,000 to Rs 1,10,000",,Salary Bill Option,,"Rs 90,000 to Rs 1,10,000",,,,,,,"रु 90,000 से रु 1,10,000",90 हजार सूं 1.10 लाख,,Antigravity,09/21/2026 12:22:37
SAL_111K_130K,AppVariables,SalaryBill,Option,Enum,"Rs 1,11,000 to Rs 1,30,000",,Salary Bill Option,,"Rs 1,11,000 to Rs 1,30,000",,,,,,,"रु 1,11,000 से रु 1,30,000",1.11 लाख सूं 1.30 लाख,,Antigravity,09/21/2026 12:22:37
SAL_131K_150K,AppVariables,SalaryBill,Option,Enum,"Rs 1,31,000 to Rs 1,50,000",,Salary Bill Option,,"Rs 1,31,000 to Rs 1,50,000",,,,,,,"रु 1,31,000 से रु 1,50,000",1.31 लाख सूं 1.50 लाख,,Antigravity,09/21/2026 12:22:37
SAL_GT_150K,AppVariables,SalaryBill,Option,Enum,"Above Rs 1,50,000",,Salary Bill Option,,"Above Rs 1,50,000",,,,,,,"रु 1,50,000 से अधिक",1.50 लाख सूं बत्ता,,Antigravity,09/21/2026 12:22:37
Q_C_07_00,Survey,AnnualSalaryBill,"QuestionPrompt, SectionC, Order:65",Section_Header,Q7. What percentage of raw material do you source from these places?,Prompt for Raw Material Sourcing Percentage,Salary bill bracket,65,Q7. What percentage of raw material do you source from these places?,,"PCT_0 , PCT_25 , PCT_50 , PCT_75 , PCT_100",,,,,Q7. आप इन स्थानों से कितने प्रतिशत कच्चा माल प्राप्त करती हैं?,Q7. थे ईं जगावां सूं कित्ता प्रतिशत माल लावो हो?,,Antigravity,09/26/2026 09:15:00
PCT_0,AppVariables,PercentageLevel,Option,Enum,0%,,Percentage Option,,0%,,,,,,,0%,0%,,Antigravity,09/21/2026 12:22:37
PCT_25,AppVariables,PercentageLevel,Option,Enum,25%,,Percentage Option,,25%,,,,,,,25%,25%,,Antigravity,09/21/2026 12:22:37
PCT_50,AppVariables,PercentageLevel,Option,Enum,50%,,Percentage Option,,50%,,,,,,,50%,50%,,Antigravity,09/21/2026 12:22:37
PCT_75,AppVariables,PercentageLevel,Option,Enum,75%,,Percentage Option,,75%,,,,,,,75%,75%,,Antigravity,09/21/2026 12:22:37
PCT_100,AppVariables,PercentageLevel,Option,Enum,100%,,Percentage Option,,100%,,,,,,,100%,100%,,Antigravity,09/21/2026 12:22:37
Q_C_08_NearbyTown,Survey,Sourcing_NearbyTown_Pct,"QuestionPrompt, SectionC, Order:66",Enum,Material sourcing % from Nearby town/district,Section C Q8 NearbyTown,Sourcing %,66,Material sourcing % from Nearby town/district,,"PCT_0 , PCT_25 , PCT_50 , PCT_75 , PCT_100",,,,,पास का कस्बा / जिला से सामग्री खरीद का %,नेड़लो शहर / जिलो सूं माल मंगावण रो %,,Antigravity,09/21/2026 12:22:37
Q_C_08_Jaipur,Survey,Sourcing_Jaipur_Pct,"QuestionPrompt, SectionC, Order:67",Enum,Material sourcing % from Jaipur,Section C Q8 Jaipur,Sourcing %,67,Material sourcing % from Jaipur,,"PCT_0 , PCT_25 , PCT_50 , PCT_75 , PCT_100",,,,,जयपुर से सामग्री खरीद का %,जयपुर सूं माल मंगावण रो %,,Antigravity,09/21/2026 12:22:37
Q_C_08_OutsideState,Survey,Sourcing_OutsideState_Pct,"QuestionPrompt, SectionC, Order:68",Enum,Material sourcing % from Outside the state,Section C Q8 OutsideState,Sourcing %,68,Material sourcing % from Outside the state,,"PCT_0 , PCT_25 , PCT_50 , PCT_75 , PCT_100",,,,,राज्य के बाहर से से सामग्री खरीद का %,राज सूं बाहर सूं माल मंगावण रो %,,Antigravity,09/21/2026 12:22:37
Q_C_08_Online,Survey,Sourcing_Online_Pct,"QuestionPrompt, SectionC, Order:69",Enum,Material sourcing % from Order online (Amazon/Meesho),Section C Q8 Online,Sourcing %,69,Material sourcing % from Order online (Amazon/Meesho),,"PCT_0 , PCT_25 , PCT_50 , PCT_75 , PCT_100",,,,,ऑनलाइन ऑर्डर (अमेज़न/मीशो) से सामग्री खरीद का %,ऑनलाइन मंगवायो सूं माल मंगावण रो %,,Antigravity,09/21/2026 12:22:37
Q_C_08_WhatsApp,Survey,Sourcing_WhatsApp_Pct,"QuestionPrompt, SectionC, Order:70",Enum,Material sourcing % from Order using WhatsApp from existing sources,Section C Q8 WhatsApp,Sourcing %,70,Material sourcing % from Order using WhatsApp from existing sources,,"PCT_0 , PCT_25 , PCT_50 , PCT_75 , PCT_100",,,,,व्हाट्सएप से पुराने सप्लायर से ऑर्डर से सामग्री खरीद का %,व्हाट्सएप सूं मंगवायो सूं माल मंगावण रो %,,Antigravity,09/21/2026 12:22:37
MKT_SHOP_ONLY,AppVariables,MarketingMethod,Option,Enum,My shop is the only place where I talk about my products/services,,Marketing Option,,My shop is the only place where I talk about my products/services,,,,,,,दुकान ही एकमात्र जगह है जहाँ मैं प्रचार करती हूँ,दुकान पर ही माल री बात करां,,Antigravity,09/21/2026 12:22:37
MKT_NAME_BOARD,AppVariables,MarketingMethod,Option,Enum,I have name board outside my premises with details of my products/services,I have name board outside my premises with details of my products/services,Marketing Option,,I have name board outside my premises with details of my products/services,,,,,,,दुकान/घर के बाहर बोर्ड लगा है जिस पर मेरे उत्पादों/सेवाओं का विवरण है,दुकान/घर रै बारै बोर्ड लाग्यो है जिण पै म्हारे माल/सेवावां रो ब्यौरो है,,Antigravity,09/26/2026 09:45:00
MKT_DOOR_TO_DOOR,AppVariables,MarketingMethod,Option,Enum,I visit local traders/shopkeepers and do door to door selling,,Marketing Option,,I visit local traders/shopkeepers and do door to door selling,,,,,,,व्यापारियों के पास जाती हूँ और घर-घर जाकर बेचती हूँ,घर-घर जा र माल बेचां,,Antigravity,09/21/2026 12:22:37
MKT_SHG_MEETINGS,AppVariables,MarketingMethod,Option,Enum,I talk about my products/services in SHG meetings,,Marketing Option,,I talk about my products/services in SHG meetings,,,,,,,SHG बैठकों में अपने उत्पादों/सेवाओं की बात करती हूँ,समूह री मीटिंग में बात करां,,Antigravity,09/21/2026 12:22:37
MKT_TRADERS_SAMPLES,AppVariables,MarketingMethod,Option,Enum,I visit local traders/shopkeepers with samples of my products,,Marketing Option,,I visit local traders/shopkeepers with samples of my products,,,,,,,व्यापारियों को उत्पाद के नमूने (सैंपल) दिखाती हूँ,व्यापारियां नें सैंपल दिखावां,,Antigravity,09/21/2026 12:22:37
MKT_INSTA_WHATSAPP,Survey,MarketingMethods,"MarketingMethodOption, SubOption",Enum,I market actively on instagram and whatsapp,Marketing actively on Instagram and WhatsApp,Marketing Method Option,,I market actively on instagram and whatsapp,,,,,,,मैं इंस्टाग्राम और व्हाट्सएप पर सक्रिय रूप से प्रचार/मार्केटिंग करती हूँ,म्हे इंस्टाग्राम अर व्हाट्सएप पै प्रचार करां,,Antigravity,09/26/2026 09:40:00
MKT_WAIT_ENQUIRIES,AppVariables,MarketingMethod,Option,Enum,I wait for people to make enquiries,,Marketing Option,,I wait for people to make enquiries,,,,,,,ग्राहकों के स्वयं पूछताछ करने का इंतजार करती हूँ,गिराहक आवै जद ही बात करां,,Antigravity,09/21/2026 12:22:37
MKT_DONT_KNOW_HOW,AppVariables,MarketingMethod,Option,Enum,I do not know how to market my products/services,,Marketing Option,,I do not know how to market my products/services,,,,,,,मुझे नहीं पता कि मार्केटिंग/प्रचार कैसे करें,म्हानें प्रचार करणो कोनी आवै,,Antigravity,09/21/2026 12:22:37
MKT_NO_NEED,AppVariables,MarketingMethod,Option,Enum,I don't feel the need to market my products/services,,Marketing Option,,I don't feel the need to market my products/services,,,,,,,मुझे प्रचार करने की आवश्यकता महसूस नहीं होती,प्रचार करण री जरूरत कोनी लागै,,Antigravity,09/21/2026 12:22:37
MKT_OTHER,AppVariables,MarketingMethod,Option,Enum,"Any other, specify",,Marketing Option,,"Any other, specify",,,,,,,"अन्य कोई, विवरण दें",दूजो कोई तरीको,,Antigravity,09/21/2026 12:22:37
Q_C_09_00,Survey,SeasonalSalesMethod,"QuestionPrompt, SectionC, Order:71",EnumList,Q9. How do you sell your products/services? (Multiselect),Q9. How do you sell your products/services? (Multiselect),Marketing methods,71,Q9. How do you sell your products/services? (Multiselect),,"SEL_NOT_REL , SEL_PRODUCE_WAIT_ORDERS , SEL_DOOR_TO_DOOR , SEL_PRIOR_ORDERS , SEL_LOCAL_HAAT , SEL_SARAS_FAIR , SEL_INSTAGRAM , SEL_WHATSAPP , SEL_ONLINE_AMAZON , SEL_ONLINE_MEESHO , SEL_ONLINE_OTHER , SEL_RAJEEVIKA , SEL_OTHER",,,,,Q9. आप अपने उत्पादों/सेवाओं की बिक्री कैसे करती हैं? (बहु-चयन),Q9. थे आपरा माल/सेवावां री बिक्री कियां करो हो?,,Antigravity,09/26/2026 08:00:00
Q_C_09_01,Survey,SeasonalSalesOnlinePlatform,"QuestionPrompt, SectionC, Order:72",Text,Specify online platform used,Specify online platform used,Other marketing remark,72,Specify online platform used,,,,,,,उपयोग किए जाने वाले ऑनलाइन प्लेटफॉर्म बताएं,ऑनलाइन प्लेटफॉर्म रो नाम बताओ,,Antigravity,09/26/2026 08:00:00
SEA_NOT_REL,AppVariables,SeasonalSalesMethod,Option,Enum,Not relevant,,Seasonal Sales Option,,Not relevant,,,,,,,लागू नहीं,लागू कोनी,,Antigravity,09/21/2026 12:22:37
SEA_LAST_YEAR_ORDERS,AppVariables,SeasonalSalesMethod,Option,Enum,I produce as per last year sales and wait for orders,,Seasonal Sales Option,,I produce as per last year sales and wait for orders,,,,,,,पिछले साल की बिक्री के अनुसार बनाकर ऑर्डर का इंतजार करती हूँ,पिछली साल जेड़ो बणा र ऑर्डर री बाट देखां,,Antigravity,09/21/2026 12:22:37
SEA_DOOR_TO_DOOR,AppVariables,SeasonalSalesMethod,Option,Enum,I visit local traders/shopkeepers and do door to door selling,,Seasonal Sales Option,,I visit local traders/shopkeepers and do door to door selling,,,,,,,व्यापारियों से मिलती हूँ और घर-घर जाकर बेचती हूँ,घर-घर जा र बेचां,,Antigravity,09/21/2026 12:22:37
SEA_PRIOR_WEEKS_ORDERS,AppVariables,SeasonalSalesMethod,Option,Enum,Visit local traders few weeks prior to peak season and get orders,,Seasonal Sales Option,,Visit local traders few weeks prior to peak season and get orders,,,,,,,सीजन से कुछ हफ्ते पहले व्यापारियों से ऑर्डर लेती हूँ,सीजन सूं पैली आर्डर लेवां,,Antigravity,09/21/2026 12:22:37
SEA_LOCAL_HAAT,AppVariables,SeasonalSalesMethod,Option,Enum,I sell in local haat/weekly market,,Seasonal Sales Option,,I sell in local haat/weekly market,,,,,,,स्थानीय हाट/साप्ताहिक बाजार में बेचती हूँ,हाट/साप्ताहिक बाजार में बेचां,,Antigravity,09/21/2026 12:22:37
SEA_SARAS_FAIR,AppVariables,SeasonalSalesMethod,Option,Enum,I sell in Saras fair,,Seasonal Sales Option,,I sell in Saras fair,,,,,,,सरस मेले में बेचती हूँ,सरस मेला में बेचां,,Antigravity,09/21/2026 12:22:37
SEA_ONLINE_PLATFORM,AppVariables,SeasonalSalesMethod,Option,Enum,I use online platforms to sell (Specify platform),,Seasonal Sales Option,,I use online platforms to sell (Specify platform),,,,,,,ऑनलाइन प्लेटफॉर्म से बेचती हूँ (प्लेटफॉर्म लिखें),ऑनलाइन बेचूं,,Antigravity,09/21/2026 12:22:37
SEA_OTHER,AppVariables,SeasonalSalesMethod,Option,Enum,"Any other, specify",,Seasonal Sales Option,,"Any other, specify",,,,,,,"अन्य कोई, विवरण दें",दूजो कोई तरीको,,Antigravity,09/21/2026 12:22:37
Q_C_10_00,Survey,SeasonalSalesMethod,"QuestionPrompt, SectionC, Order:73",Section_Header,Q10. What percentage of your products/services get sold through following channels?,Prompt for Sales Channels Percentage Breakdown,Seasonal sales method,73,Q10. What percentage of your products/services get sold through following channels?,,"PCT15_0 , PCT15_15 , PCT15_30 , PCT15_45 , PCT15_60 , PCT15_75 , PCT15_90 , PCT15_100",,,,,Q10. आपके उत्पादों/सेवाओं का कितना प्रतिशत निम्नलिखित माध्यमों से बिकता है?,Q10. थारे माल/सेवावां रो कित्तो प्रतिशत इण जरिया सूं बिकै है?,,Antigravity,09/26/2026 10:00:00
Q_C_10_01,Survey,SalesChannel_Online_Pct,"QuestionPrompt, SectionC, Order:74",Enum,a. Online platforms,Online platforms sales percentage,Platform name,74,Online platforms,,"PCT15_0 , PCT15_15 , PCT15_30 , PCT15_45 , PCT15_60 , PCT15_75 , PCT15_90 , PCT15_100",,,,,a. ऑनलाइन प्लेटफॉर्म (Online platforms),a. ऑनलाइन साइट्स,,Antigravity,09/26/2026 10:00:00
Q_C_10_02,Survey,SalesChannel_WhatsApp_Pct,"QuestionPrompt, SectionC, Order:75",Enum,b. Whatsapp,WhatsApp sales percentage,Other seasonal remark,75,Whatsapp,,"PCT15_0 , PCT15_15 , PCT15_30 , PCT15_45 , PCT15_60 , PCT15_75 , PCT15_90 , PCT15_100",,,,,b. व्हाट्सएप (WhatsApp),b. व्हाट्सएप,,Antigravity,09/26/2026 10:00:00
SMM_WHATSAPP_ORDERS,AppVariables,SocialMediaForMarketing,Option,Enum,I regularly share images on whatsapp to get orders,,SMM Option,,I regularly share images on whatsapp to get orders,,,,,,,ऑर्डर पाने के लिए नियमित व्हाट्सएप पर फोटो भेजती हूँ,व्हाट्सएप पर फोटो भेज र आर्डर लेवां,,Antigravity,09/21/2026 12:22:37
SMM_INSTA_ORDERS,AppVariables,SocialMediaForMarketing,Option,Enum,I regularly share images/reels on instagram to get orders,,SMM Option,,I regularly share images/reels on instagram to get orders,,,,,,,ऑर्डर पाने के लिए इंस्टाग्राम पर फोटो/रील शेयर करती हूँ,इंस्टाग्राम पर रील/फोटो शेयर करां,,Antigravity,09/21/2026 12:22:37
SMM_NO_SMARTPHONE,AppVariables,SocialMediaForMarketing,Option,Enum,It is important but I don’t have access to smart phone,,SMM Option,,It is important but I don’t have access to smart phone,,,,,,,महत्वपूर्ण है लेकिन मेरे पास स्मार्टफोन नहीं है,जरूरी छै पण म्हारे कनै स्मार्टफोन कोनी,,Antigravity,09/21/2026 12:22:37
SMM_DONT_KNOW_USE,AppVariables,SocialMediaForMarketing,Option,Enum,I do not use because I don’t know how to use whatsapp/instagram,,SMM Option,,I do not use because I don’t know how to use whatsapp/instagram,,,,,,,उपयोग नहीं करती क्योंकि व्हाट्सएप/इंस्टाग्राम चलाना नहीं आता,व्हाट्सएप/इंस्टा चलावणो कोनी आवै,,Antigravity,09/21/2026 12:22:37
SMM_NO_TIME_LEARN,AppVariables,SocialMediaForMarketing,Option,Enum,I don't have time to learn and use social media,,SMM Option,,I don't have time to learn and use social media,,,,,,,सीखने और उपयोग करने का समय नहीं है,सीखण रो टेम कोनी,,Antigravity,09/21/2026 12:22:37
SMM_DONT_WANT,AppVariables,SocialMediaForMarketing,Option,Enum,I don't want to use social media,,SMM Option,,I don't want to use social media,,,,,,,मैं सोशल मीडिया का उपयोग नहीं करना चाहती,सोशल मीडिया कोनी चलावणो,,Antigravity,09/21/2026 12:22:37
SMM_OTHER,AppVariables,SocialMediaForMarketing,Option,Enum,"Any other, specify",,SMM Option,,"Any other, specify",,,,,,,"अन्य कोई, विवरण दें",दूजी कोई बात,,Antigravity,09/21/2026 12:22:37
Q_C_11_00,Survey,RecordKeepingHabit,"QuestionPrompt, SectionC, Order:76",Enum,Q11. Do you maintain written records of business transactions?,Q11. Do you maintain written records of business transactions?,Social media marketing,76,Q11. Do you maintain written records of business transactions?,,"OPT_YES , OPT_NO",,,,,Q11. क्या आप व्यावसायिक लेन-देन का लिखित रिकॉर्ड रखती हैं?,Q11. का थे हिसाब-किताब लिख र रखो हो?,,Antigravity,09/26/2026 08:00:00
Q_C_11_01,Survey,SocialMediaForMarketingOther,"QuestionPrompt, SectionC, Order:77",Text,Specify other social media reason,Section C Q11.1,Other SMM remark,77,Specify other social media reason,,,,,,,अन्य सोशल मीडिया कारण का विवरण दें,दूजी बात लिखो,,Antigravity,09/21/2026 12:22:37
Q_C_12_Online,Survey,SalesChannel_Online_Pct,"QuestionPrompt, SectionC, Order:78",Enum,% products/services sold through Online platforms,Section C Q12 Online,Sales channel %,78,% products/services sold through Online platforms,,"PCT_0 , PCT_25 , PCT_50 , PCT_75 , PCT_100",,,,,ऑनलाइन प्लेटफॉर्म के माध्यम से बिक्री का %,ऑनलाइन साधन सूं बिक्री रो %,,Antigravity,09/21/2026 12:22:37
Q_C_12_WhatsApp,Survey,SalesChannel_WhatsApp_Pct,"QuestionPrompt, SectionC, Order:79",Enum,% products/services sold through WhatsApp,Section C Q12 WhatsApp,Sales channel %,79,% products/services sold through WhatsApp,,"PCT_0 , PCT_25 , PCT_50 , PCT_75 , PCT_100",,,,,व्हाट्सएप के माध्यम से बिक्री का %,व्हाट्सएप सूं बिक्री रो %,,Antigravity,09/21/2026 12:22:37
Q_C_12_Instagram,Survey,SalesChannel_Instagram_Pct,"QuestionPrompt, SectionC, Order:80",Enum,% products/services sold through Instagram,Section C Q12 Instagram,Sales channel %,80,% products/services sold through Instagram,,"PCT_0 , PCT_25 , PCT_50 , PCT_75 , PCT_100",,,,,इंस्टाग्राम के माध्यम से बिक्री का %,इंस्टाग्राम सूं बिक्री रो %,,Antigravity,09/21/2026 12:22:37
Q_C_12_Premise,Survey,SalesChannel_Premise_Pct,"QuestionPrompt, SectionC, Order:81",Enum,% products/services sold through Your premise / shop,Section C Q12 Premise,Sales channel %,81,% products/services sold through Your premise / shop,,"PCT_0 , PCT_25 , PCT_50 , PCT_75 , PCT_100",,,,,आपकी दुकान / परिसर के माध्यम से बिक्री का %,खुद री दुकान सूं बिक्री रो %,,Antigravity,09/21/2026 12:22:37
Q_C_12_Traders,Survey,SalesChannel_Traders_Pct,"QuestionPrompt, SectionC, Order:82",Enum,% products/services sold through Local traders / shopkeepers,Section C Q12 Traders,Sales channel %,82,% products/services sold through Local traders / shopkeepers,,"PCT_0 , PCT_25 , PCT_50 , PCT_75 , PCT_100",,,,,स्थानीय व्यापारी / दुकानदार के माध्यम से बिक्री का %,गांम/शहर रा व्यापारी सूं बिक्री रो %,,Antigravity,09/21/2026 12:22:37
Q_C_12_Haat,Survey,SalesChannel_Haat_Pct,"QuestionPrompt, SectionC, Order:83",Enum,% products/services sold through Local haat / weekly market,Section C Q12 Haat,Sales channel %,83,% products/services sold through Local haat / weekly market,,"PCT_0 , PCT_25 , PCT_50 , PCT_75 , PCT_100",,,,,स्थानीय हाट / बाजार के माध्यम से बिक्री का %,हाट/साप्ताहिक बाजार सूं बिक्री रो %,,Antigravity,09/21/2026 12:22:37
Q_C_12_Saras,Survey,SalesChannel_Saras_Pct,"QuestionPrompt, SectionC, Order:84",Enum,% products/services sold through Saras fair,Section C Q12 Saras,Sales channel %,84,% products/services sold through Saras fair,,"PCT_0 , PCT_25 , PCT_50 , PCT_75 , PCT_100",,,,,सरस मेला के माध्यम से बिक्री का %,सरस मेला सूं बिक्री रो %,,Antigravity,09/21/2026 12:22:37
RKH_ALWAYS_DONE,AppVariables,RecordKeepingHabit,Option,Enum,"Yes, I have always been doing it",,Habit Option,,"Yes, I have always been doing it",,,,,,,"हाँ, मैं हमेशा से लिखित हिसाब रखती आई हूँ","हाँ, म्हैं पैली सूं ही हिसाब राखूं",,Antigravity,09/21/2026 12:22:37
RKH_AFTER_CRP_TRAIN,AppVariables,RecordKeepingHabit,Option,Enum,"Yes, I started doing after being trained by OSF/SVEP CRP",,Habit Option,,"Yes, I started doing after being trained by OSF/SVEP CRP",,,,,,,"हाँ, OSF/SVEP सीआरपी से प्रशिक्षण मिलने के बाद शुरू किया","हाँ, सीआरपी दीदी सिखायो जद सूं हिसाब राखूं",,Antigravity,09/21/2026 12:22:37
RKH_FAMILY_MAINTAINS,AppVariables,RecordKeepingHabit,Option,Enum,"Yes, my family member maintains but I don’t check",,Habit Option,,"Yes, my family member maintains but I don’t check",,,,,,,"हाँ, परिवार का सदस्य हिसाब रखता है पर मैं नहीं देखती","घर रा जणां हिसाब राखै, म्हैं नीं देखूं",,Antigravity,09/21/2026 12:22:37
RKH_HIRED_HELP,AppVariables,RecordKeepingHabit,Option,Enum,"Yes, I have hired help to do that",,Habit Option,,"Yes, I have hired help to do that",,,,,,,"हाँ, हिसाब रखने के लिए मुनीम/सहायक रखा है",हिसाब सारु सहायक राख्यो छै,,Antigravity,09/21/2026 12:22:37
RKH_NOT_REGULAR,AppVariables,RecordKeepingHabit,Option,Enum,I don’t record regularly,,Habit Option,,I don’t record regularly,,,,,,,नियमित रूप से हिसाब नहीं रखती,रोज हिसाब कोनी राखूं,,Antigravity,09/21/2026 12:22:37
RKH_NO_RECORD,AppVariables,RecordKeepingHabit,Option,Enum,I don’t maintain any records at all,,Habit Option,,I don’t maintain any records at all,,,,,,,मैं कोई लिखित रिकॉर्ड नहीं रखती,कोई हिसाब कोनी राखूं,,Antigravity,09/21/2026 12:22:37
Q_C_13_00,Survey,Related_Q15_Turnover,"QuestionPrompt, SectionC, Order:85",Enum,Q13. Turnover and income from the enterprise,Q13. Turnover and income from the enterprise,Record keeping habit,85,Q13. Turnover and income from the enterprise,,"RKH_ALWAYS_DONE , RKH_AFTER_CRP_TRAIN , RKH_FAMILY_MAINTAINS , RKH_HIRED_HELP , RKH_NOT_REGULAR , RKH_NO_RECORD",,,,,Q13. उद्यम का टर्नओवर और शुद्ध मुनाफा (मासिक),Q13. उद्यम री बिक्री अर नफो,,Antigravity,09/26/2026 08:00:00
RKT_RECEIPT_BILLS,Survey,RecordKeepingMethod,"RecordKeepingOption, SubOption",Enum,Receipt book/bills,Receipt book or printed/written bills,Record Keeping Option,,Receipt book/bills,,,,,,,रसीद बुक / बिल,रसीद बही / बिल,,Antigravity,09/26/2026 10:35:00
RKT_DAILY_DIARY,Survey,RecordKeepingMethod,"RecordKeepingOption, SubOption",Enum,Maintain daily diary,Maintain daily handwritten diary,Record Keeping Option,,Maintain daily diary,,,,,,,दैनिक डायरी मेंटेन करती हूँ,रोज री डायरी राखूं,,Antigravity,09/26/2026 10:35:00
RKT_CRP_DIARY,Survey,RecordKeepingMethod,"RecordKeepingOption, SubOption",Enum,Maintain daily diary as taught by OSF/SVEP CRP,Maintain daily diary as trained by CRP,Record Keeping Option,,Maintain daily diary as taught by OSF/SVEP CRP,,,,,,,OSF/SVEP CRP द्वारा सिखाए अनुसार दैनिक डायरी रखती हूँ,सीआरपी दीदी रै सिखाये मुजब रोज डायरी राखूं,,Antigravity,09/26/2026 10:35:00
RKT_DIGITAL_APPS,Survey,RecordKeepingMethod,"RecordKeepingOption, SubOption",Enum,"Maintain digital records using Mera Bill, Bahi Khata",Maintain digital records using bookkeeping apps,Record Keeping Option,,"Maintain digital records using Mera Bill, Bahi Khata",,,,,,,"मेरा बिल, बही खाता जैसे ऐप से डिजिटल रिकॉर्ड रखती हूँ",मेरा बिल / बही खाता ऐप सूं हिसाब राखूं,,Antigravity,09/26/2026 10:35:00
RKT_NOT_REGULAR,Survey,RecordKeepingMethod,"RecordKeepingOption, SubOption",Enum,Don’t record regularly,Do not record business transactions regularly,Record Keeping Option,,Don’t record regularly,,,,,,,नियमित रूप से रिकॉर्ड नहीं रखती,रोज-रोज हिसाब कोनी राखूं,,Antigravity,09/26/2026 10:35:00
RKT_FAMILY_BOOK,Survey,RecordKeepingMethod,"RecordKeepingOption, SubOption",Enum,My family member maintains a book,A family member maintains the accounts book,Record Keeping Option,,My family member maintains a book,,,,,,,परिवार का कोई सदस्य हिसाब की किताब रखता है,घर रो कोई दूजो सदस्य हिसाब राखै,,Antigravity,09/26/2026 10:35:00
RKT_NO_RECORD,Survey,RecordKeepingMethod,"RecordKeepingOption, SubOption",Enum,I don’t maintain any record,Do not maintain any records,Record Keeping Option,,I don’t maintain any record,,,,,,,मैं कोई रिकॉर्ड / हिसाब नहीं रखती,म्हे कोई हिसाब-किताब कोनी राखां,,Antigravity,09/26/2026 10:35:00
RKT_OTHER,Survey,RecordKeepingMethod,"RecordKeepingOption, SubOption",Enum,"Any other, specify",Any other record keeping method,Record Keeping Option,,"Any other, specify",,,,,,,अन्य कोई तरीका (विवरण दें),दूजो कोई तरीको (ब्यौरो दो),,Antigravity,09/26/2026 10:35:00
Q_C_14_00,Survey,RecordKeepingMethod,"QuestionPrompt, SectionC, Order:86",Enum,How do you maintain business transactions?,Section C Q14,Transaction tool,86,How do you maintain business transactions?,,"RKT_RECEIPT_BILLS , RKT_DAILY_DIARY , RKT_CRP_DIARY , RKT_DIGITAL_APPS , RKT_NOT_REGULAR , RKT_FAMILY_BOOK , RKT_NO_RECORD , RKT_OTHER",,,,,आप व्यावसायिक लेन-देन का हिसाब कैसे रखती हैं?,लेन-देन रो हिसाब किकण राखो छो?,,Antigravity,09/21/2026 12:22:37
Q_C_14_01,Survey,RecordKeepingOther,"QuestionPrompt, SectionC, Order:87",Text,Specify other record keeping method,Section C Q14.1,Other tool remark,87,Specify other record keeping method,,,,,,,अन्य हिसाब पद्धति का विवरण दें,दूजी पद्धति रो ब्योरो लिखो,,Antigravity,09/21/2026 12:22:37
Q_C_15_Peak_MTH,Survey,Turnover_Peak_Months,"QuestionPrompt, SectionC, Order:88",Number,Peak season — Duration in months (count),Section C Q15 Peak,Months count,88,Peak season — Duration in months (count),,,,,,,पीक सीजन (सबसे अधिक बिक्री) — अवधि (महीनों में),घणी बिक्री रो सीजन — कित्ता महिना चालै?,,Antigravity,09/21/2026 12:22:37
Q_C_15_Peak_SALES,Survey,Turnover_Peak_Sales,"QuestionPrompt, SectionC, Order:89",Decimal,Peak season — Monthly sales (Rs),Section C Q15 Peak,Monthly sales,89,Peak season — Monthly sales (Rs),,,,,,,पीक सीजन (सबसे अधिक बिक्री) — औसत मासिक बिक्री (रु),घणी बिक्री रो सीजन — महिना री बिक्री (रु),,Antigravity,09/21/2026 12:22:37
Q_C_15_Peak_PROFIT,Survey,Turnover_Peak_Profit,"QuestionPrompt, SectionC, Order:90",Decimal,Peak season — Monthly income / profit (Rs),Section C Q15 Peak,Monthly profit,90,Peak season — Monthly income / profit (Rs),,,,,,,पीक सीजन (सबसे अधिक बिक्री) — मासिक शुद्ध आय / मुनाफा (रु),घणी बिक्री रो सीजन — महिना रो नफो/मुनाफो (रु),,Antigravity,09/21/2026 12:22:37
Q_C_15_Avg_MTH,Survey,Turnover_Avg_Months,"QuestionPrompt, SectionC, Order:91",Number,Average season — Duration in months (count),Section C Q15 Avg,Months count,91,Average season — Duration in months (count),,,,,,,औसत सीजन (सामान्य बिक्री) — अवधि (महीनों में),साधारण सीजन — कित्ता महिना चालै?,,Antigravity,09/21/2026 12:22:37
Q_C_15_Avg_SALES,Survey,Turnover_Avg_Sales,"QuestionPrompt, SectionC, Order:92",Decimal,Average season — Monthly sales (Rs),Section C Q15 Avg,Monthly sales,92,Average season — Monthly sales (Rs),,,,,,,औसत सीजन (सामान्य बिक्री) — औसत मासिक बिक्री (रु),साधारण सीजन — महिना री बिक्री (रु),,Antigravity,09/21/2026 12:22:37
Q_C_15_Avg_PROFIT,Survey,Turnover_Avg_Profit,"QuestionPrompt, SectionC, Order:93",Decimal,Average season — Monthly income / profit (Rs),Section C Q15 Avg,Monthly profit,93,Average season — Monthly income / profit (Rs),,,,,,,औसत सीजन (सामान्य बिक्री) — मासिक शुद्ध आय / मुनाफा (रु),साधारण सीजन — महिना रो नफो/मुनाफो (रु),,Antigravity,09/21/2026 12:22:37
Q_C_15_Lean_MTH,Survey,Turnover_Lean_Months,"QuestionPrompt, SectionC, Order:94",Number,Lean season — Duration in months (count),Section C Q15 Lean,Months count,94,Lean season — Duration in months (count),,,,,,,लीन सीजन (मंदी का समय) — अवधि (महीनों में),मंदी रो टेम — कित्ता महिना चालै?,,Antigravity,09/21/2026 12:22:37
Q_C_15_Lean_SALES,Survey,Turnover_Lean_Sales,"QuestionPrompt, SectionC, Order:95",Decimal,Lean season — Monthly sales (Rs),Section C Q15 Lean,Monthly sales,95,Lean season — Monthly sales (Rs),,,,,,,लीन सीजन (मंदी का समय) — औसत मासिक बिक्री (रु),मंदी रो टेम — महिना री बिक्री (रु),,Antigravity,09/21/2026 12:22:37
Q_C_15_Lean_PROFIT,Survey,Turnover_Lean_Profit,"QuestionPrompt, SectionC, Order:96",Decimal,Lean season — Monthly income / profit (Rs),Section C Q15 Lean,Monthly profit,96,Lean season — Monthly income / profit (Rs),,,,,,,लीन सीजन (मंदी का समय) — मासिक शुद्ध आय / मुनाफा (रु),मंदी रो टेम — महिना रो नफो/मुनाफो (रु),,Antigravity,09/21/2026 12:22:37
Q_C_16_00,Survey,InitialStartCapital,"QuestionPrompt, SectionC, Order:97",Decimal,With how much money did you start the enterprise? (Rs),Section C Q16,Start capital,97,With how much money did you start the enterprise? (Rs),,,,,,,आपने कितने रुपयों से उद्यम शुरू किया था? (रु),काम-धंधो सुरू करण खातर कित्ता पीसा लगाया हा? (रु),,Antigravity,09/21/2026 12:22:37
CAP_MY_SAVINGS,AppVariables,InitialCapitalSource,Option,Enum,My savings,,Source Option,,My savings,,,,,,,मेरी अपनी बचत,म्हारी खुद री बचत,,Antigravity,09/21/2026 12:22:37
CAP_HUSBAND,AppVariables,InitialCapitalSource,Option,Enum,Husband funded,,Source Option,,Husband funded,,,,,,,पति द्वारा वित्तपोषित,धणी पीसा दिया,,Antigravity,09/21/2026 12:22:37
CAP_FAMILY_FUND,AppVariables,InitialCapitalSource,Option,Enum,Other family members funded,,Source Option,,Other family members funded,,,,,,,परिवार के अन्य सदस्यों ने दिया,घर रा दूजा जणा दिया,,Antigravity,09/21/2026 12:22:37
CAP_SHG_LOAN,AppVariables,InitialCapitalSource,Option,Enum,SHG loan,,Source Option,,SHG loan,,,,,,,SHG से ऋण लिया,समूह सूं लोन लियो,,Antigravity,09/21/2026 12:22:37
CAP_SVEP_LOAN,AppVariables,InitialCapitalSource,Option,Enum,SVEP loan,,Source Option,,SVEP loan,,,,,,,SVEP ऋण लिया,SVEP रो लोन लियो,,Antigravity,09/21/2026 12:22:37
CAP_FAM_LOAN,AppVariables,InitialCapitalSource,Option,Enum,Loan from family member,,Source Option,,Loan from family member,,,,,,,रिश्तेदारों से उधार,नातेदारां सूं उधार,,Antigravity,09/21/2026 12:22:37
CAP_MONEYLENDER,AppVariables,InitialCapitalSource,Option,Enum,Loan from moneylender,,Source Option,,Loan from moneylender,,,,,,,साहूकार से कर्ज,साहूकार सूं ब्याज पर,,Antigravity,09/21/2026 12:22:37
CAP_NBFI,AppVariables,InitialCapitalSource,Option,Enum,Loan from NBFI / MFI,,Source Option,,Loan from NBFI / MFI,,,,,,,NBFI / माइक्रोफाइनेंस ऋण,कंपनी रो लोन,,Antigravity,09/21/2026 12:22:37
CAP_GOLD_MORTGAGE,AppVariables,InitialCapitalSource,Option,Enum,Mortgaged gold/silver,,Source Option,,Mortgaged gold/silver,,,,,,,सोना/चांदी गिरवी रखकर,सोना-चांदी गिरवी रख र,,Antigravity,09/21/2026 12:22:37
Q_C_17_00,Survey,InitialCapitalArranged,"QuestionPrompt, SectionC, Order:98",Enum,How did you arrange this amount?,Section C Q17,Arranging start capital,98,How did you arrange this amount?,,"CAP_MY_SAVINGS , CAP_HUSBAND , CAP_FAMILY_FUND , CAP_SHG_LOAN , CAP_SVEP_LOAN , CAP_FAM_LOAN , CAP_MONEYLENDER , CAP_NBFI , CAP_GOLD_MORTGAGE",,,,,आपने यह राशि कैसे जुटाई थी?,आ प्रारंभिक पूंजी किकण भेळी करी ही?,,Antigravity,09/21/2026 12:22:37
SHG_TRAINING,AppVariables,SHGAssistance,Option,Enum,Attended the skill training offered by SHG,,SHG Assistance Option,,Attended the skill training offered by SHG,,,,,,,SHG द्वारा आयोजित कौशल प्रशिक्षण में भाग लिया,समूह रो हुनर/काम सीखण वाळो प्रशिक्षण लियो,,Antigravity,09/21/2026 12:22:37
SHG_MEETINGS_SCOPE,AppVariables,SHGAssistance,Option,Enum,Got information about the scope of business from SHG meetings,,SHG Assistance Option,,Got information about the scope of business from SHG meetings,,,,,,,SHG बैठकों से व्यवसाय की संभावनाओं की जानकारी मिली,समूह री मीटिंग सूं धंधे री समझ मिली,,Antigravity,09/21/2026 12:22:37
SHG_SUBSIDY,AppVariables,SHGAssistance,Option,Enum,Got subsidy/grant due to SHG,,SHG Assistance Option,,Got subsidy/grant due to SHG,,,,,,,SHG के माध्यम से सरकारी सब्सिडी / अनुदान मिला,समूह सूं सब्सिडी/अनुदान मिल्यो,,Antigravity,09/21/2026 12:22:37
SHG_INITIATE_LOAN,AppVariables,SHGAssistance,Option,Enum,Took loan from SHG to buy material to initiate business,,SHG Assistance Option,,Took loan from SHG to buy material to initiate business,,,,,,,शुरुआती सामान खरीदने हेतु SHG से ऋण लिया,काम सुरू करण खातर समूह सूं लोन लियो,,Antigravity,09/21/2026 12:22:37
SHG_REGULAR_LOANS,AppVariables,SHGAssistance,Option,Enum,Take loans from SHG regularly as per business requirements,,SHG Assistance Option,,Take loans from SHG regularly as per business requirements,,,,,,,व्यावसायिक आवश्यकतानुसार SHG से नियमित ऋण लेती हूँ,काम वास्ते समूह सूं नियमित लोन लेवां,,Antigravity,09/21/2026 12:22:37
SHG_CRP_GUIDED,AppVariables,SHGAssistance,Option,Enum,OSF/SVEP CRP guided me in setting up the business,,SHG Assistance Option,,OSF/SVEP CRP guided me in setting up the business,,,,,,,OSF/SVEP सीआरपी ने व्यवसाय स्थापित करने में मार्गदर्शन दिया,सीआरपी दीदी काम जमावण में मदद करी,,Antigravity,09/21/2026 12:22:37
SHG_MUDRA_LOAN,AppVariables,SHGAssistance,Option,Enum,OSF/SVEP CRP helped me to get Mudra loan,,SHG Assistance Option,,OSF/SVEP CRP helped me to get Mudra loan,,,,,,,OSF/SVEP सीआरपी ने मुद्रा लोन दिलाने में मदद की,सीआरपी दीदी मुद्रा लोन करवायो,,Antigravity,09/21/2026 12:22:37
SHG_BANK_LOAN,AppVariables,SHGAssistance,Option,Enum,OSF/SVEP CRP helped me to get bank loan,,SHG Assistance Option,,OSF/SVEP CRP helped me to get bank loan,,,,,,,OSF/SVEP सीआरपी ने बैंक ऋण दिलाने में मदद की,सीआरपी दीदी बैंक सूं लोन करवायो,,Antigravity,09/21/2026 12:22:37
Q_C_18_00,Survey,SHGAssociationAssistance,"QuestionPrompt, SectionC, Order:99",EnumList,How has the SHG association helped in your enterprise? (Multiselect),Section C Q18,SHG benefits,99,How has the SHG association helped in your enterprise? (Multiselect),,"SHG_TRAINING , SHG_MEETINGS_SCOPE , SHG_SUBSIDY , SHG_INITIATE_LOAN , SHG_REGULAR_LOANS , SHG_CRP_GUIDED , SHG_MUDRA_LOAN , SHG_BANK_LOAN",,,,,SHG से जुड़ाव ने आपके उद्यम में किस प्रकार सहायता की?,समूह सूं जुड़बा सूं थारे काम-धंधे में कांई मदद मिली?,,Antigravity,09/21/2026 12:22:37
USE_SEED_CAPITAL,AppVariables,LoanUsagePurpose,Option,Enum,Seed capital to buy material and set up shop,,Usage Option,,Seed capital to buy material and set up shop,,,,,,,दुकान स्थापित करने हेतु सामग्री व बीज पूंजी,दुकान सुरू करण और माल लेवण री पूंजी,,Antigravity,09/21/2026 12:22:37
USE_NEW_MACHINE,AppVariables,LoanUsagePurpose,Option,Enum,Buy new machine to increase production (eg: sewing machine),,Usage Option,,Buy new machine to increase production (eg: sewing machine),,,,,,,उत्पादन क्षमता बढ़ाने हेतु नई मशीन (उदा. सिलाई मशीन),नई मशीन खरीदी (जैसें सिलाई मशीन),,Antigravity,09/21/2026 12:22:37
USE_ASSETS_STORE,AppVariables,LoanUsagePurpose,Option,Enum,Buy assets to store and sell new products (eg: fridge),,Usage Option,,Buy assets to store and sell new products (eg: fridge),,,,,,,उत्पाद रखने व बेचने हेतु उपकरण (उदा. फ्रिज),फ्रिज या दूजो साधन खरीद्यो,,Antigravity,09/21/2026 12:22:37
USE_EXPAND_SPACE,AppVariables,LoanUsagePurpose,Option,Enum,Get additional space to expand business (eg: flour mill),,Usage Option,,Get additional space to expand business (eg: flour mill),,,,,,,व्यवसाय विस्तार हेतु अतिरिक्त जगह (उदा. चक्की का कमरा),दुकान/काम बढ़ावण सारु जगह ली,,Antigravity,09/21/2026 12:22:37
USE_RANGE_VARIETY,AppVariables,LoanUsagePurpose,Option,Enum,Buy more material to increase product range,,Usage Option,,Buy more material to increase product range,,,,,,,उत्पादों की विविधता बढ़ाने हेतु अधिक सामग्री,नवा-नवा माल री वैरायटी लाई,,Antigravity,09/21/2026 12:22:37
USE_SCALE_VOLUME,AppVariables,LoanUsagePurpose,Option,Enum,Buy more material/inputs to increase scale,,Usage Option,,Buy more material/inputs to increase scale,,,,,,,व्यापार का पैमाना और स्टॉक बढ़ाने हेतु,काम रो दायरो बढ़ायो,,Antigravity,09/21/2026 12:22:37
USE_VEHICLE,AppVariables,LoanUsagePurpose,Option,Enum,Buy vehicle to access new market,,Usage Option,,Buy vehicle to access new market,,,,,,,माल लाने-ले जाने हेतु वाहन खरीदा,गाड़ी/वाहन खरीद्यो,,Antigravity,09/21/2026 12:22:37
USE_TRANSPORT,AppVariables,LoanUsagePurpose,Option,Enum,Access better transport services,,Usage Option,,Access better transport services,,,,,,,बेहतर परिवहन सेवाओं की व्यवस्था,भाड़ा/गाड़ी री व्यवस्था करी,,Antigravity,09/21/2026 12:22:37
USE_SMARTPHONE,AppVariables,LoanUsagePurpose,Option,Enum,Buy mobile phone to promote/sell online,,Usage Option,,Buy mobile phone to promote/sell online,,,,,,,ऑनलाइन प्रचार व बिक्री हेतु मोबाइल फोन खरीदा,स्मार्टफोन खरीद्यो,,Antigravity,09/21/2026 12:22:37
USE_OTHER,AppVariables,LoanUsagePurpose,Option,Enum,"Any other, specify",,Usage Option,,"Any other, specify",,,,,,,अन्य कोई उपयोग,दूजो कोई उपयोग,,Antigravity,09/21/2026 12:22:37
USE_NOT_USED,AppVariables,LoanUsagePurpose,Option,Enum,Not used the source,,Usage Option,,Not used the source,,,,,,,इस स्रोत का उपयोग नहीं किया,यो साधन काम कोनी लियो,,Antigravity,09/21/2026 12:22:37
Q_C_19_OwnSavings_YR1,Survey,Cap_OwnSavings_Yr1,"QuestionPrompt, SectionC, Order:100",Decimal,Own Savings — First year amount (Rs),Section C Q19 OwnSavings,Yr1 amount,100,Own Savings — First year amount (Rs),,,,,,,अपनी बचत — पहले वर्ष की राशि (रु),खुद री बचत — पैले साल कित्ता पीसा (रु),,Antigravity,09/21/2026 12:22:37
Q_C_19_OwnSavings_MID,Survey,Cap_OwnSavings_Mid,"QuestionPrompt, SectionC, Order:101",Decimal,Own Savings — In-between years amount (Rs),Section C Q19 OwnSavings,Mid years amount,101,Own Savings — In-between years amount (Rs),,,,,,,अपनी बचत — बीच के वर्षों की राशि (रु),खुद री बचत — बिचला सालां में कित्ता पीसा (रु),,Antigravity,09/21/2026 12:22:37
Q_C_19_OwnSavings_CUR,Survey,Cap_OwnSavings_Cur,"QuestionPrompt, SectionC, Order:102",Decimal,Own Savings — Current year (2026-27) amount (Rs),Section C Q19 OwnSavings,Current year amount,102,Own Savings — Current year (2026-27) amount (Rs),,,,,,,अपनी बचत — चालू वर्ष (2026-27) की राशि (रु),खुद री बचत — इबके साल (2026-27) में कित्ता पीसा (रु),,Antigravity,09/21/2026 12:22:37
Q_C_19_OwnSavings_PEN,Survey,Cap_OwnSavings_Pending,"QuestionPrompt, SectionC, Order:103",Decimal,Own Savings — Amount pending / balance (Rs),Section C Q19 OwnSavings,Pending amount,103,Own Savings — Amount pending / balance (Rs),,,,,,,अपनी बचत — बकाया राशि (रु),खुद री बचत — बाकी कित्ता पीसा देणा छै (रु),,Antigravity,09/21/2026 12:22:37
Q_C_20_OwnSavings_USE,Survey,Cap_OwnSavings_Usage,"QuestionPrompt, SectionC, Order:104",Enum,Own Savings — How loan used in business,Section C Q20 OwnSavings,Loan usage purpose,104,Own Savings — How loan used in business,,"USE_SEED_CAPITAL , USE_NEW_MACHINE , USE_ASSETS_STORE , USE_EXPAND_SPACE , USE_RANGE_VARIETY , USE_SCALE_VOLUME , USE_VEHICLE , USE_TRANSPORT , USE_SMARTPHONE , USE_OTHER , USE_NOT_USED",,,,,अपनी बचत — ऋण का व्यवसाय में क्या उपयोग किया गया?,खुद री बचत — लोन रा पीसा कांई काम में लगाया?,,Antigravity,09/21/2026 12:22:37
Q_C_19_Family_YR1,Survey,Cap_Family_Yr1,"QuestionPrompt, SectionC, Order:105",Decimal,Financed by family member — First year amount (Rs),Section C Q19 Family,Yr1 amount,105,Financed by family member — First year amount (Rs),,,,,,,परिवार के सदस्य द्वारा वित्तपोषित — पहले वर्ष की राशि (रु),घर रा जणा दिया — पैले साल कित्ता पीसा (रु),,Antigravity,09/21/2026 12:22:37
Q_C_19_Family_MID,Survey,Cap_Family_Mid,"QuestionPrompt, SectionC, Order:106",Decimal,Financed by family member — In-between years amount (Rs),Section C Q19 Family,Mid years amount,106,Financed by family member — In-between years amount (Rs),,,,,,,परिवार के सदस्य द्वारा वित्तपोषित — बीच के वर्षों की राशि (रु),घर रा जणा दिया — बिचला सालां में कित्ता पीसा (रु),,Antigravity,09/21/2026 12:22:37
Q_C_19_Family_CUR,Survey,Cap_Family_Cur,"QuestionPrompt, SectionC, Order:107",Decimal,Financed by family member — Current year (2026-27) amount (Rs),Section C Q19 Family,Current year amount,107,Financed by family member — Current year (2026-27) amount (Rs),,,,,,,परिवार के सदस्य द्वारा वित्तपोषित — चालू वर्ष (2026-27) की राशि (रु),घर रा जणा दिया — इबके साल (2026-27) में कित्ता पीसा (रु),,Antigravity,09/21/2026 12:22:37
Q_C_19_Family_PEN,Survey,Cap_Family_Pending,"QuestionPrompt, SectionC, Order:108",Decimal,Financed by family member — Amount pending / balance (Rs),Section C Q19 Family,Pending amount,108,Financed by family member — Amount pending / balance (Rs),,,,,,,परिवार के सदस्य द्वारा वित्तपोषित — बकाया राशि (रु),घर रा जणा दिया — बाकी कित्ता पीसा देणा छै (रु),,Antigravity,09/21/2026 12:22:37
Q_C_20_Family_USE,Survey,Cap_Family_Usage,"QuestionPrompt, SectionC, Order:109",Enum,Financed by family member — How loan used in business,Section C Q20 Family,Loan usage purpose,109,Financed by family member — How loan used in business,,"USE_SEED_CAPITAL , USE_NEW_MACHINE , USE_ASSETS_STORE , USE_EXPAND_SPACE , USE_RANGE_VARIETY , USE_SCALE_VOLUME , USE_VEHICLE , USE_TRANSPORT , USE_SMARTPHONE , USE_OTHER , USE_NOT_USED",,,,,परिवार के सदस्य द्वारा वित्तपोषित — ऋण का व्यवसाय में क्या उपयोग किया गया?,घर रा जणा दिया — लोन रा पीसा कांई काम में लगाया?,,Antigravity,09/21/2026 12:22:37
Q_C_19_Profit_YR1,Survey,Cap_Profit_Yr1,"QuestionPrompt, SectionC, Order:110",Decimal,Profit from business — First year amount (Rs),Section C Q19 Profit,Yr1 amount,110,Profit from business — First year amount (Rs),,,,,,,व्यवसाय का मुनाफा — पहले वर्ष की राशि (रु),धंधे रो मुनाफो — पैले साल कित्ता पीसा (रु),,Antigravity,09/21/2026 12:22:37
Q_C_19_Profit_MID,Survey,Cap_Profit_Mid,"QuestionPrompt, SectionC, Order:111",Decimal,Profit from business — In-between years amount (Rs),Section C Q19 Profit,Mid years amount,111,Profit from business — In-between years amount (Rs),,,,,,,व्यवसाय का मुनाफा — बीच के वर्षों की राशि (रु),धंधे रो मुनाफो — बिचला सालां में कित्ता पीसा (रु),,Antigravity,09/21/2026 12:22:37
Q_C_19_Profit_CUR,Survey,Cap_Profit_Cur,"QuestionPrompt, SectionC, Order:112",Decimal,Profit from business — Current year (2026-27) amount (Rs),Section C Q19 Profit,Current year amount,112,Profit from business — Current year (2026-27) amount (Rs),,,,,,,व्यवसाय का मुनाफा — चालू वर्ष (2026-27) की राशि (रु),धंधे रो मुनाफो — इबके साल (2026-27) में कित्ता पीसा (रु),,Antigravity,09/21/2026 12:22:37
Q_C_19_Profit_PEN,Survey,Cap_Profit_Pending,"QuestionPrompt, SectionC, Order:113",Decimal,Profit from business — Amount pending / balance (Rs),Section C Q19 Profit,Pending amount,113,Profit from business — Amount pending / balance (Rs),,,,,,,व्यवसाय का मुनाफा — बकाया राशि (रु),धंधे रो मुनाफो — बाकी कित्ता पीसा देणा छै (रु),,Antigravity,09/21/2026 12:22:37
Q_C_20_Profit_USE,Survey,Cap_Profit_Usage,"QuestionPrompt, SectionC, Order:114",Enum,Profit from business — How loan used in business,Section C Q20 Profit,Loan usage purpose,114,Profit from business — How loan used in business,,"USE_SEED_CAPITAL , USE_NEW_MACHINE , USE_ASSETS_STORE , USE_EXPAND_SPACE , USE_RANGE_VARIETY , USE_SCALE_VOLUME , USE_VEHICLE , USE_TRANSPORT , USE_SMARTPHONE , USE_OTHER , USE_NOT_USED",,,,,व्यवसाय का मुनाफा — ऋण का व्यवसाय में क्या उपयोग किया गया?,धंधे रो मुनाफो — लोन रा पीसा कांई काम में लगाया?,,Antigravity,09/21/2026 12:22:37
Q_C_19_MortgGold_YR1,Survey,Cap_MortgGold_Yr1,"QuestionPrompt, SectionC, Order:115",Decimal,Mortgaged gold/silver — First year amount (Rs),Section C Q19 MortgGold,Yr1 amount,115,Mortgaged gold/silver — First year amount (Rs),,,,,,,सोना/चांदी गिरवी रखकर — पहले वर्ष की राशि (रु),सोना-चांदी गिरवी रख र — पैले साल कित्ता पीसा (रु),,Antigravity,09/21/2026 12:22:37
Q_C_19_MortgGold_MID,Survey,Cap_MortgGold_Mid,"QuestionPrompt, SectionC, Order:116",Decimal,Mortgaged gold/silver — In-between years amount (Rs),Section C Q19 MortgGold,Mid years amount,116,Mortgaged gold/silver — In-between years amount (Rs),,,,,,,सोना/चांदी गिरवी रखकर — बीच के वर्षों की राशि (रु),सोना-चांदी गिरवी रख र — बिचला सालां में कित्ता पीसा (रु),,Antigravity,09/21/2026 12:22:37
Q_C_19_MortgGold_CUR,Survey,Cap_MortgGold_Cur,"QuestionPrompt, SectionC, Order:117",Decimal,Mortgaged gold/silver — Current year (2026-27) amount (Rs),Section C Q19 MortgGold,Current year amount,117,Mortgaged gold/silver — Current year (2026-27) amount (Rs),,,,,,,सोना/चांदी गिरवी रखकर — चालू वर्ष (2026-27) की राशि (रु),सोना-चांदी गिरवी रख र — इबके साल (2026-27) में कित्ता पीसा (रु),,Antigravity,09/21/2026 12:22:37
Q_C_19_MortgGold_PEN,Survey,Cap_MortgGold_Pending,"QuestionPrompt, SectionC, Order:118",Decimal,Mortgaged gold/silver — Amount pending / balance (Rs),Section C Q19 MortgGold,Pending amount,118,Mortgaged gold/silver — Amount pending / balance (Rs),,,,,,,सोना/चांदी गिरवी रखकर — बकाया राशि (रु),सोना-चांदी गिरवी रख र — बाकी कित्ता पीसा देणा छै (रु),,Antigravity,09/21/2026 12:22:37
Q_C_20_MortgGold_USE,Survey,Cap_MortgGold_Usage,"QuestionPrompt, SectionC, Order:119",Enum,Mortgaged gold/silver — How loan used in business,Section C Q20 MortgGold,Loan usage purpose,119,Mortgaged gold/silver — How loan used in business,,"USE_SEED_CAPITAL , USE_NEW_MACHINE , USE_ASSETS_STORE , USE_EXPAND_SPACE , USE_RANGE_VARIETY , USE_SCALE_VOLUME , USE_VEHICLE , USE_TRANSPORT , USE_SMARTPHONE , USE_OTHER , USE_NOT_USED",,,,,सोना/चांदी गिरवी रखकर — ऋण का व्यवसाय में क्या उपयोग किया गया?,सोना-चांदी गिरवी रख र — लोन रा पीसा कांई काम में लगाया?,,Antigravity,09/21/2026 12:22:37
Q_C_19_SoldGold_YR1,Survey,Cap_SoldGold_Yr1,"QuestionPrompt, SectionC, Order:120",Decimal,Sold gold/silver — First year amount (Rs),Section C Q19 SoldGold,Yr1 amount,120,Sold gold/silver — First year amount (Rs),,,,,,,सोना/चांदी बेचकर — पहले वर्ष की राशि (रु),सोना-चांदी बेच र — पैले साल कित्ता पीसा (रु),,Antigravity,09/21/2026 12:22:37
Q_C_19_SoldGold_MID,Survey,Cap_SoldGold_Mid,"QuestionPrompt, SectionC, Order:121",Decimal,Sold gold/silver — In-between years amount (Rs),Section C Q19 SoldGold,Mid years amount,121,Sold gold/silver — In-between years amount (Rs),,,,,,,सोना/चांदी बेचकर — बीच के वर्षों की राशि (रु),सोना-चांदी बेच र — बिचला सालां में कित्ता पीसा (रु),,Antigravity,09/21/2026 12:22:37
Q_C_19_SoldGold_CUR,Survey,Cap_SoldGold_Cur,"QuestionPrompt, SectionC, Order:122",Decimal,Sold gold/silver — Current year (2026-27) amount (Rs),Section C Q19 SoldGold,Current year amount,122,Sold gold/silver — Current year (2026-27) amount (Rs),,,,,,,सोना/चांदी बेचकर — चालू वर्ष (2026-27) की राशि (रु),सोना-चांदी बेच र — इबके साल (2026-27) में कित्ता पीसा (रु),,Antigravity,09/21/2026 12:22:37
Q_C_19_SoldGold_PEN,Survey,Cap_SoldGold_Pending,"QuestionPrompt, SectionC, Order:123",Decimal,Sold gold/silver — Amount pending / balance (Rs),Section C Q19 SoldGold,Pending amount,123,Sold gold/silver — Amount pending / balance (Rs),,,,,,,सोना/चांदी बेचकर — बकाया राशि (रु),सोना-चांदी बेच र — बाकी कित्ता पीसा देणा छै (रु),,Antigravity,09/21/2026 12:22:37
Q_C_20_SoldGold_USE,Survey,Cap_SoldGold_Usage,"QuestionPrompt, SectionC, Order:124",Enum,Sold gold/silver — How loan used in business,Section C Q20 SoldGold,Loan usage purpose,124,Sold gold/silver — How loan used in business,,"USE_SEED_CAPITAL , USE_NEW_MACHINE , USE_ASSETS_STORE , USE_EXPAND_SPACE , USE_RANGE_VARIETY , USE_SCALE_VOLUME , USE_VEHICLE , USE_TRANSPORT , USE_SMARTPHONE , USE_OTHER , USE_NOT_USED",,,,,सोना/चांदी बेचकर — ऋण का व्यवसाय में क्या उपयोग किया गया?,सोना-चांदी बेच र — लोन रा पीसा कांई काम में लगाया?,,Antigravity,09/21/2026 12:22:37
Q_C_19_FamLoan_YR1,Survey,Cap_FamLoan_Yr1,"QuestionPrompt, SectionC, Order:125",Decimal,Loan from family — First year amount (Rs),Section C Q19 FamLoan,Yr1 amount,125,Loan from family — First year amount (Rs),,,,,,,रिश्तेदारों से कर्ज — पहले वर्ष की राशि (रु),नातेदारां सूं लोन — पैले साल कित्ता पीसा (रु),,Antigravity,09/21/2026 12:22:37
Q_C_19_FamLoan_MID,Survey,Cap_FamLoan_Mid,"QuestionPrompt, SectionC, Order:126",Decimal,Loan from family — In-between years amount (Rs),Section C Q19 FamLoan,Mid years amount,126,Loan from family — In-between years amount (Rs),,,,,,,रिश्तेदारों से कर्ज — बीच के वर्षों की राशि (रु),नातेदारां सूं लोन — बिचला सालां में कित्ता पीसा (रु),,Antigravity,09/21/2026 12:22:37
Q_C_19_FamLoan_CUR,Survey,Cap_FamLoan_Cur,"QuestionPrompt, SectionC, Order:127",Decimal,Loan from family — Current year (2026-27) amount (Rs),Section C Q19 FamLoan,Current year amount,127,Loan from family — Current year (2026-27) amount (Rs),,,,,,,रिश्तेदारों से कर्ज — चालू वर्ष (2026-27) की राशि (रु),नातेदारां सूं लोन — इबके साल (2026-27) में कित्ता पीसा (रु),,Antigravity,09/21/2026 12:22:37
Q_C_19_FamLoan_PEN,Survey,Cap_FamLoan_Pending,"QuestionPrompt, SectionC, Order:128",Decimal,Loan from family — Amount pending / balance (Rs),Section C Q19 FamLoan,Pending amount,128,Loan from family — Amount pending / balance (Rs),,,,,,,रिश्तेदारों से कर्ज — बकाया राशि (रु),नातेदारां सूं लोन — बाकी कित्ता पीसा देणा छै (रु),,Antigravity,09/21/2026 12:22:37
Q_C_20_FamLoan_USE,Survey,Cap_FamLoan_Usage,"QuestionPrompt, SectionC, Order:129",Enum,Loan from family — How loan used in business,Section C Q20 FamLoan,Loan usage purpose,129,Loan from family — How loan used in business,,"USE_SEED_CAPITAL , USE_NEW_MACHINE , USE_ASSETS_STORE , USE_EXPAND_SPACE , USE_RANGE_VARIETY , USE_SCALE_VOLUME , USE_VEHICLE , USE_TRANSPORT , USE_SMARTPHONE , USE_OTHER , USE_NOT_USED",,,,,रिश्तेदारों से कर्ज — ऋण का व्यवसाय में क्या उपयोग किया गया?,नातेदारां सूं लोन — लोन रा पीसा कांई काम में लगाया?,,Antigravity,09/21/2026 12:22:37
Q_C_19_Moneylender_YR1,Survey,Cap_Moneylender_Yr1,"QuestionPrompt, SectionC, Order:130",Decimal,Loan from moneylender — First year amount (Rs),Section C Q19 Moneylender,Yr1 amount,130,Loan from moneylender — First year amount (Rs),,,,,,,साहूकार से ऋण — पहले वर्ष की राशि (रु),साहूकार सूं कर्ज — पैले साल कित्ता पीसा (रु),,Antigravity,09/21/2026 12:22:37
Q_C_19_Moneylender_MID,Survey,Cap_Moneylender_Mid,"QuestionPrompt, SectionC, Order:131",Decimal,Loan from moneylender — In-between years amount (Rs),Section C Q19 Moneylender,Mid years amount,131,Loan from moneylender — In-between years amount (Rs),,,,,,,साहूकार से ऋण — बीच के वर्षों की राशि (रु),साहूकार सूं कर्ज — बिचला सालां में कित्ता पीसा (रु),,Antigravity,09/21/2026 12:22:37
Q_C_19_Moneylender_CUR,Survey,Cap_Moneylender_Cur,"QuestionPrompt, SectionC, Order:132",Decimal,Loan from moneylender — Current year (2026-27) amount (Rs),Section C Q19 Moneylender,Current year amount,132,Loan from moneylender — Current year (2026-27) amount (Rs),,,,,,,साहूकार से ऋण — चालू वर्ष (2026-27) की राशि (रु),साहूकार सूं कर्ज — इबके साल (2026-27) में कित्ता पीसा (रु),,Antigravity,09/21/2026 12:22:37
Q_C_19_Moneylender_PEN,Survey,Cap_Moneylender_Pending,"QuestionPrompt, SectionC, Order:133",Decimal,Loan from moneylender — Amount pending / balance (Rs),Section C Q19 Moneylender,Pending amount,133,Loan from moneylender — Amount pending / balance (Rs),,,,,,,साहूकार से ऋण — बकाया राशि (रु),साहूकार सूं कर्ज — बाकी कित्ता पीसा देणा छै (रु),,Antigravity,09/21/2026 12:22:37
Q_C_20_Moneylender_USE,Survey,Cap_Moneylender_Usage,"QuestionPrompt, SectionC, Order:134",Enum,Loan from moneylender — How loan used in business,Section C Q20 Moneylender,Loan usage purpose,134,Loan from moneylender — How loan used in business,,"USE_SEED_CAPITAL , USE_NEW_MACHINE , USE_ASSETS_STORE , USE_EXPAND_SPACE , USE_RANGE_VARIETY , USE_SCALE_VOLUME , USE_VEHICLE , USE_TRANSPORT , USE_SMARTPHONE , USE_OTHER , USE_NOT_USED",,,,,साहूकार से ऋण — ऋण का व्यवसाय में क्या उपयोग किया गया?,साहूकार सूं कर्ज — लोन रा पीसा कांई काम में लगाया?,,Antigravity,09/21/2026 12:22:37
Q_C_19_SHGLoan_YR1,Survey,Cap_SHGLoan_Yr1,"QuestionPrompt, SectionC, Order:135",Decimal,Loan from SHG — First year amount (Rs),Section C Q19 SHGLoan,Yr1 amount,135,Loan from SHG — First year amount (Rs),,,,,,,SHG से ऋण — पहले वर्ष की राशि (रु),समूह सूं लोन — पैले साल कित्ता पीसा (रु),,Antigravity,09/21/2026 12:22:37
Q_C_19_SHGLoan_MID,Survey,Cap_SHGLoan_Mid,"QuestionPrompt, SectionC, Order:136",Decimal,Loan from SHG — In-between years amount (Rs),Section C Q19 SHGLoan,Mid years amount,136,Loan from SHG — In-between years amount (Rs),,,,,,,SHG से ऋण — बीच के वर्षों की राशि (रु),समूह सूं लोन — बिचला सालां में कित्ता पीसा (रु),,Antigravity,09/21/2026 12:22:37
Q_C_19_SHGLoan_CUR,Survey,Cap_SHGLoan_Cur,"QuestionPrompt, SectionC, Order:137",Decimal,Loan from SHG — Current year (2026-27) amount (Rs),Section C Q19 SHGLoan,Current year amount,137,Loan from SHG — Current year (2026-27) amount (Rs),,,,,,,SHG से ऋण — चालू वर्ष (2026-27) की राशि (रु),समूह सूं लोन — इबके साल (2026-27) में कित्ता पीसा (रु),,Antigravity,09/21/2026 12:22:37
Q_C_19_SHGLoan_PEN,Survey,Cap_SHGLoan_Pending,"QuestionPrompt, SectionC, Order:138",Decimal,Loan from SHG — Amount pending / balance (Rs),Section C Q19 SHGLoan,Pending amount,138,Loan from SHG — Amount pending / balance (Rs),,,,,,,SHG से ऋण — बकाया राशि (रु),समूह सूं लोन — बाकी कित्ता पीसा देणा छै (रु),,Antigravity,09/21/2026 12:22:37
Q_C_20_SHGLoan_USE,Survey,Cap_SHGLoan_Usage,"QuestionPrompt, SectionC, Order:139",Enum,Loan from SHG — How loan used in business,Section C Q20 SHGLoan,Loan usage purpose,139,Loan from SHG — How loan used in business,,"USE_SEED_CAPITAL , USE_NEW_MACHINE , USE_ASSETS_STORE , USE_EXPAND_SPACE , USE_RANGE_VARIETY , USE_SCALE_VOLUME , USE_VEHICLE , USE_TRANSPORT , USE_SMARTPHONE , USE_OTHER , USE_NOT_USED",,,,,SHG से ऋण — ऋण का व्यवसाय में क्या उपयोग किया गया?,समूह सूं लोन — लोन रा पीसा कांई काम में लगाया?,,Antigravity,09/21/2026 12:22:37
Q_C_19_OSFSVEPLoan_YR1,Survey,Cap_OSFSVEPLoan_Yr1,"QuestionPrompt, SectionC, Order:140",Decimal,Loan from OSF/SVEP — First year amount (Rs),Section C Q19 OSFSVEPLoan,Yr1 amount,140,Loan from OSF/SVEP — First year amount (Rs),,,,,,,OSF/SVEP से ऋण — पहले वर्ष की राशि (रु),OSF/SVEP सूं लोन — पैले साल कित्ता पीसा (रु),,Antigravity,09/21/2026 12:22:37
Q_C_19_OSFSVEPLoan_MID,Survey,Cap_OSFSVEPLoan_Mid,"QuestionPrompt, SectionC, Order:141",Decimal,Loan from OSF/SVEP — In-between years amount (Rs),Section C Q19 OSFSVEPLoan,Mid years amount,141,Loan from OSF/SVEP — In-between years amount (Rs),,,,,,,OSF/SVEP से ऋण — बीच के वर्षों की राशि (रु),OSF/SVEP सूं लोन — बिचला सालां में कित्ता पीसा (रु),,Antigravity,09/21/2026 12:22:37
Q_C_19_OSFSVEPLoan_CUR,Survey,Cap_OSFSVEPLoan_Cur,"QuestionPrompt, SectionC, Order:142",Decimal,Loan from OSF/SVEP — Current year (2026-27) amount (Rs),Section C Q19 OSFSVEPLoan,Current year amount,142,Loan from OSF/SVEP — Current year (2026-27) amount (Rs),,,,,,,OSF/SVEP से ऋण — चालू वर्ष (2026-27) की राशि (रु),OSF/SVEP सूं लोन — इबके साल (2026-27) में कित्ता पीसा (रु),,Antigravity,09/21/2026 12:22:37
Q_C_19_OSFSVEPLoan_PEN,Survey,Cap_OSFSVEPLoan_Pending,"QuestionPrompt, SectionC, Order:143",Decimal,Loan from OSF/SVEP — Amount pending / balance (Rs),Section C Q19 OSFSVEPLoan,Pending amount,143,Loan from OSF/SVEP — Amount pending / balance (Rs),,,,,,,OSF/SVEP से ऋण — बकाया राशि (रु),OSF/SVEP सूं लोन — बाकी कित्ता पीसा देणा छै (रु),,Antigravity,09/21/2026 12:22:37
Q_C_20_OSFSVEPLoan_USE,Survey,Cap_OSFSVEPLoan_Usage,"QuestionPrompt, SectionC, Order:144",Enum,Loan from OSF/SVEP — How loan used in business,Section C Q20 OSFSVEPLoan,Loan usage purpose,144,Loan from OSF/SVEP — How loan used in business,,"USE_SEED_CAPITAL , USE_NEW_MACHINE , USE_ASSETS_STORE , USE_EXPAND_SPACE , USE_RANGE_VARIETY , USE_SCALE_VOLUME , USE_VEHICLE , USE_TRANSPORT , USE_SMARTPHONE , USE_OTHER , USE_NOT_USED",,,,,OSF/SVEP से ऋण — ऋण का व्यवसाय में क्या उपयोग किया गया?,OSF/SVEP सूं लोन — लोन रा पीसा कांई काम में लगाया?,,Antigravity,09/21/2026 12:22:37
Q_C_19_OSFSubsidy_YR1,Survey,Cap_OSFSubsidy_Yr1,"QuestionPrompt, SectionC, Order:145",Decimal,Subsidy/grant under OSF/SVEP — First year amount (Rs),Section C Q19 OSFSubsidy,Yr1 amount,145,Subsidy/grant under OSF/SVEP — First year amount (Rs),,,,,,,OSF/SVEP के तहत सब्सिडी/अनुदान — पहले वर्ष की राशि (रु),योजना री सब्सिडी/अनुदान — पैले साल कित्ता पीसा (रु),,Antigravity,09/21/2026 12:22:37
Q_C_19_OSFSubsidy_MID,Survey,Cap_OSFSubsidy_Mid,"QuestionPrompt, SectionC, Order:146",Decimal,Subsidy/grant under OSF/SVEP — In-between years amount (Rs),Section C Q19 OSFSubsidy,Mid years amount,146,Subsidy/grant under OSF/SVEP — In-between years amount (Rs),,,,,,,OSF/SVEP के तहत सब्सिडी/अनुदान — बीच के वर्षों की राशि (रु),योजना री सब्सिडी/अनुदान — बिचला सालां में कित्ता पीसा (रु),,Antigravity,09/21/2026 12:22:37
Q_C_19_OSFSubsidy_CUR,Survey,Cap_OSFSubsidy_Cur,"QuestionPrompt, SectionC, Order:147",Decimal,Subsidy/grant under OSF/SVEP — Current year (2026-27) amount (Rs),Section C Q19 OSFSubsidy,Current year amount,147,Subsidy/grant under OSF/SVEP — Current year (2026-27) amount (Rs),,,,,,,OSF/SVEP के तहत सब्सिडी/अनुदान — चालू वर्ष (2026-27) की राशि (रु),योजना री सब्सिडी/अनुदान — इबके साल (2026-27) में कित्ता पीसा (रु),,Antigravity,09/21/2026 12:22:37
Q_C_19_OSFSubsidy_PEN,Survey,Cap_OSFSubsidy_Pending,"QuestionPrompt, SectionC, Order:148",Decimal,Subsidy/grant under OSF/SVEP — Amount pending / balance (Rs),Section C Q19 OSFSubsidy,Pending amount,148,Subsidy/grant under OSF/SVEP — Amount pending / balance (Rs),,,,,,,OSF/SVEP के तहत सब्सिडी/अनुदान — बकाया राशि (रु),योजना री सब्सिडी/अनुदान — बाकी कित्ता पीसा देणा छै (रु),,Antigravity,09/21/2026 12:22:37
Q_C_20_OSFSubsidy_USE,Survey,Cap_OSFSubsidy_Usage,"QuestionPrompt, SectionC, Order:149",Enum,Subsidy/grant under OSF/SVEP — How loan used in business,Section C Q20 OSFSubsidy,Loan usage purpose,149,Subsidy/grant under OSF/SVEP — How loan used in business,,"USE_SEED_CAPITAL , USE_NEW_MACHINE , USE_ASSETS_STORE , USE_EXPAND_SPACE , USE_RANGE_VARIETY , USE_SCALE_VOLUME , USE_VEHICLE , USE_TRANSPORT , USE_SMARTPHONE , USE_OTHER , USE_NOT_USED",,,,,OSF/SVEP के तहत सब्सिडी/अनुदान — ऋण का व्यवसाय में क्या उपयोग किया गया?,योजना री सब्सिडी/अनुदान — लोन रा पीसा कांई काम में लगाया?,,Antigravity,09/21/2026 12:22:37
Q_C_19_PrivSaving_YR1,Survey,Cap_PrivSaving_Yr1,"QuestionPrompt, SectionC, Order:150",Decimal,Loan from private saving groups/BC — First year amount (Rs),Section C Q19 PrivSaving,Yr1 amount,150,Loan from private saving groups/BC — First year amount (Rs),,,,,,,निजी बचत समूह / बीसी से कर्ज — पहले वर्ष की राशि (रु),निजी बीसी/ग्रुप सूं लोन — पैले साल कित्ता पीसा (रु),,Antigravity,09/21/2026 12:22:37
Q_C_19_PrivSaving_MID,Survey,Cap_PrivSaving_Mid,"QuestionPrompt, SectionC, Order:151",Decimal,Loan from private saving groups/BC — In-between years amount (Rs),Section C Q19 PrivSaving,Mid years amount,151,Loan from private saving groups/BC — In-between years amount (Rs),,,,,,,निजी बचत समूह / बीसी से कर्ज — बीच के वर्षों की राशि (रु),निजी बीसी/ग्रुप सूं लोन — बिचला सालां में कित्ता पीसा (रु),,Antigravity,09/21/2026 12:22:37
Q_C_19_PrivSaving_CUR,Survey,Cap_PrivSaving_Cur,"QuestionPrompt, SectionC, Order:152",Decimal,Loan from private saving groups/BC — Current year (2026-27) amount (Rs),Section C Q19 PrivSaving,Current year amount,152,Loan from private saving groups/BC — Current year (2026-27) amount (Rs),,,,,,,निजी बचत समूह / बीसी से कर्ज — चालू वर्ष (2026-27) की राशि (रु),निजी बीसी/ग्रुप सूं लोन — इबके साल (2026-27) में कित्ता पीसा (रु),,Antigravity,09/21/2026 12:22:37
Q_C_19_PrivSaving_PEN,Survey,Cap_PrivSaving_Pending,"QuestionPrompt, SectionC, Order:153",Decimal,Loan from private saving groups/BC — Amount pending / balance (Rs),Section C Q19 PrivSaving,Pending amount,153,Loan from private saving groups/BC — Amount pending / balance (Rs),,,,,,,निजी बचत समूह / बीसी से कर्ज — बकाया राशि (रु),निजी बीसी/ग्रुप सूं लोन — बाकी कित्ता पीसा देणा छै (रु),,Antigravity,09/21/2026 12:22:37
Q_C_20_PrivSaving_USE,Survey,Cap_PrivSaving_Usage,"QuestionPrompt, SectionC, Order:154",Enum,Loan from private saving groups/BC — How loan used in business,Section C Q20 PrivSaving,Loan usage purpose,154,Loan from private saving groups/BC — How loan used in business,,"USE_SEED_CAPITAL , USE_NEW_MACHINE , USE_ASSETS_STORE , USE_EXPAND_SPACE , USE_RANGE_VARIETY , USE_SCALE_VOLUME , USE_VEHICLE , USE_TRANSPORT , USE_SMARTPHONE , USE_OTHER , USE_NOT_USED",,,,,निजी बचत समूह / बीसी से कर्ज — ऋण का व्यवसाय में क्या उपयोग किया गया?,निजी बीसी/ग्रुप सूं लोन — लोन रा पीसा कांई काम में लगाया?,,Antigravity,09/21/2026 12:22:37
Q_C_19_NBFC_YR1,Survey,Cap_NBFC_Yr1,"QuestionPrompt, SectionC, Order:155",Decimal,Loan from NBFC — First year amount (Rs),Section C Q19 NBFC,Yr1 amount,155,Loan from NBFC — First year amount (Rs),,,,,,,NBFC / माइक्रोफाइनेंस ऋण — पहले वर्ष की राशि (रु),कंपनी रो लोन — पैले साल कित्ता पीसा (रु),,Antigravity,09/21/2026 12:22:37
Q_C_19_NBFC_MID,Survey,Cap_NBFC_Mid,"QuestionPrompt, SectionC, Order:156",Decimal,Loan from NBFC — In-between years amount (Rs),Section C Q19 NBFC,Mid years amount,156,Loan from NBFC — In-between years amount (Rs),,,,,,,NBFC / माइक्रोफाइनेंस ऋण — बीच के वर्षों की राशि (रु),कंपनी रो लोन — बिचला सालां में कित्ता पीसा (रु),,Antigravity,09/21/2026 12:22:37
Q_C_19_NBFC_CUR,Survey,Cap_NBFC_Cur,"QuestionPrompt, SectionC, Order:157",Decimal,Loan from NBFC — Current year (2026-27) amount (Rs),Section C Q19 NBFC,Current year amount,157,Loan from NBFC — Current year (2026-27) amount (Rs),,,,,,,NBFC / माइक्रोफाइनेंस ऋण — चालू वर्ष (2026-27) की राशि (रु),कंपनी रो लोन — इबके साल (2026-27) में कित्ता पीसा (रु),,Antigravity,09/21/2026 12:22:37
Q_C_19_NBFC_PEN,Survey,Cap_NBFC_Pending,"QuestionPrompt, SectionC, Order:158",Decimal,Loan from NBFC — Amount pending / balance (Rs),Section C Q19 NBFC,Pending amount,158,Loan from NBFC — Amount pending / balance (Rs),,,,,,,NBFC / माइक्रोफाइनेंस ऋण — बकाया राशि (रु),कंपनी रो लोन — बाकी कित्ता पीसा देणा छै (रु),,Antigravity,09/21/2026 12:22:37
Q_C_20_NBFC_USE,Survey,Cap_NBFC_Usage,"QuestionPrompt, SectionC, Order:159",Enum,Loan from NBFC — How loan used in business,Section C Q20 NBFC,Loan usage purpose,159,Loan from NBFC — How loan used in business,,"USE_SEED_CAPITAL , USE_NEW_MACHINE , USE_ASSETS_STORE , USE_EXPAND_SPACE , USE_RANGE_VARIETY , USE_SCALE_VOLUME , USE_VEHICLE , USE_TRANSPORT , USE_SMARTPHONE , USE_OTHER , USE_NOT_USED",,,,,NBFC / माइक्रोफाइनेंस ऋण — ऋण का व्यवसाय में क्या उपयोग किया गया?,कंपनी रो लोन — लोन रा पीसा कांई काम में लगाया?,,Antigravity,09/21/2026 12:22:37
Q_C_19_Mudra_YR1,Survey,Cap_Mudra_Yr1,"QuestionPrompt, SectionC, Order:160",Decimal,Mudra loan — First year amount (Rs),Section C Q19 Mudra,Yr1 amount,160,Mudra loan — First year amount (Rs),,,,,,,मुद्रा लोन — पहले वर्ष की राशि (रु),मुद्रा लोन — पैले साल कित्ता पीसा (रु),,Antigravity,09/21/2026 12:22:37
Q_C_19_Mudra_MID,Survey,Cap_Mudra_Mid,"QuestionPrompt, SectionC, Order:161",Decimal,Mudra loan — In-between years amount (Rs),Section C Q19 Mudra,Mid years amount,161,Mudra loan — In-between years amount (Rs),,,,,,,मुद्रा लोन — बीच के वर्षों की राशि (रु),मुद्रा लोन — बिचला सालां में कित्ता पीसा (रु),,Antigravity,09/21/2026 12:22:37
Q_C_19_Mudra_CUR,Survey,Cap_Mudra_Cur,"QuestionPrompt, SectionC, Order:162",Decimal,Mudra loan — Current year (2026-27) amount (Rs),Section C Q19 Mudra,Current year amount,162,Mudra loan — Current year (2026-27) amount (Rs),,,,,,,मुद्रा लोन — चालू वर्ष (2026-27) की राशि (रु),मुद्रा लोन — इबके साल (2026-27) में कित्ता पीसा (रु),,Antigravity,09/21/2026 12:22:37
Q_C_19_Mudra_PEN,Survey,Cap_Mudra_Pending,"QuestionPrompt, SectionC, Order:163",Decimal,Mudra loan — Amount pending / balance (Rs),Section C Q19 Mudra,Pending amount,163,Mudra loan — Amount pending / balance (Rs),,,,,,,मुद्रा लोन — बकाया राशि (रु),मुद्रा लोन — बाकी कित्ता पीसा देणा छै (रु),,Antigravity,09/21/2026 12:22:37
Q_C_20_Mudra_USE,Survey,Cap_Mudra_Usage,"QuestionPrompt, SectionC, Order:164",Enum,Mudra loan — How loan used in business,Section C Q20 Mudra,Loan usage purpose,164,Mudra loan — How loan used in business,,"USE_SEED_CAPITAL , USE_NEW_MACHINE , USE_ASSETS_STORE , USE_EXPAND_SPACE , USE_RANGE_VARIETY , USE_SCALE_VOLUME , USE_VEHICLE , USE_TRANSPORT , USE_SMARTPHONE , USE_OTHER , USE_NOT_USED",,,,,मुद्रा लोन — ऋण का व्यवसाय में क्या उपयोग किया गया?,मुद्रा लोन — लोन रा पीसा कांई काम में लगाया?,,Antigravity,09/21/2026 12:22:37
Q_C_19_BankLoan_YR1,Survey,Cap_BankLoan_Yr1,"QuestionPrompt, SectionC, Order:165",Decimal,Loan from banks — First year amount (Rs),Section C Q19 BankLoan,Yr1 amount,165,Loan from banks — First year amount (Rs),,,,,,,बैंक ऋण — पहले वर्ष की राशि (रु),बैंक सूं लोन — पैले साल कित्ता पीसा (रु),,Antigravity,09/21/2026 12:22:37
Q_C_19_BankLoan_MID,Survey,Cap_BankLoan_Mid,"QuestionPrompt, SectionC, Order:166",Decimal,Loan from banks — In-between years amount (Rs),Section C Q19 BankLoan,Mid years amount,166,Loan from banks — In-between years amount (Rs),,,,,,,बैंक ऋण — बीच के वर्षों की राशि (रु),बैंक सूं लोन — बिचला सालां में कित्ता पीसा (रु),,Antigravity,09/21/2026 12:22:37
Q_C_19_BankLoan_CUR,Survey,Cap_BankLoan_Cur,"QuestionPrompt, SectionC, Order:167",Decimal,Loan from banks — Current year (2026-27) amount (Rs),Section C Q19 BankLoan,Current year amount,167,Loan from banks — Current year (2026-27) amount (Rs),,,,,,,बैंक ऋण — चालू वर्ष (2026-27) की राशि (रु),बैंक सूं लोन — इबके साल (2026-27) में कित्ता पीसा (रु),,Antigravity,09/21/2026 12:22:37
Q_C_19_BankLoan_PEN,Survey,Cap_BankLoan_Pending,"QuestionPrompt, SectionC, Order:168",Decimal,Loan from banks — Amount pending / balance (Rs),Section C Q19 BankLoan,Pending amount,168,Loan from banks — Amount pending / balance (Rs),,,,,,,बैंक ऋण — बकाया राशि (रु),बैंक सूं लोन — बाकी कित्ता पीसा देणा छै (रु),,Antigravity,09/21/2026 12:22:37
Q_C_20_BankLoan_USE,Survey,Cap_BankLoan_Usage,"QuestionPrompt, SectionC, Order:169",Enum,Loan from banks — How loan used in business,Section C Q20 BankLoan,Loan usage purpose,169,Loan from banks — How loan used in business,,"USE_SEED_CAPITAL , USE_NEW_MACHINE , USE_ASSETS_STORE , USE_EXPAND_SPACE , USE_RANGE_VARIETY , USE_SCALE_VOLUME , USE_VEHICLE , USE_TRANSPORT , USE_SMARTPHONE , USE_OTHER , USE_NOT_USED",,,,,बैंक ऋण — ऋण का व्यवसाय में क्या उपयोग किया गया?,बैंक सूं लोन — लोन रा पीसा कांई काम में लगाया?,,Antigravity,09/21/2026 12:22:37
INC_UPTO_2K,AppVariables,IncomeIncreaseBracket,Option,Enum,Upto Rs 2000,,Increase Bracket Option,,Upto Rs 2000,,,,,,,"रु 2,000 तक",2 हजार तांई,,Antigravity,09/21/2026 12:22:37
INC_2K_3K,AppVariables,IncomeIncreaseBracket,Option,Enum,Rs 2000 to Rs 3000,,Increase Bracket Option,,Rs 2000 to Rs 3000,,,,,,,"रु 2,000 से रु 3,000",2 हजार सूं 3 हजार,,Antigravity,09/21/2026 12:22:37
INC_3K_4K,AppVariables,IncomeIncreaseBracket,Option,Enum,Rs 3000 to Rs 4000,,Increase Bracket Option,,Rs 3000 to Rs 4000,,,,,,,"रु 3,000 से रु 4,000",3 हजार सूं 4 हजार,,Antigravity,09/21/2026 12:22:37
INC_4K_5K,AppVariables,IncomeIncreaseBracket,Option,Enum,Rs 4000 to Rs 5000,,Increase Bracket Option,,Rs 4000 to Rs 5000,,,,,,,"रु 4,000 से रु 5,000",4 हजार सूं 5 हजार,,Antigravity,09/21/2026 12:22:37
INC_5K_6K,AppVariables,IncomeIncreaseBracket,Option,Enum,Rs 5000 to Rs 6000,,Increase Bracket Option,,Rs 5000 to Rs 6000,,,,,,,"रु 5,000 से रु 6,000",5 हजार सूं 6 हजार,,Antigravity,09/21/2026 12:22:37
INC_GT_6K,AppVariables,IncomeIncreaseBracket,Option,Enum,Above Rs 6000,,Increase Bracket Option,,Above Rs 6000,,,,,,,"रु 6,000 से अधिक",6 हजार सूं बत्ता,,Antigravity,09/21/2026 12:22:37
INC_CANT_SAY,AppVariables,IncomeIncreaseBracket,Option,Enum,Cant say,,Increase Bracket Option,,Cant say,,,,,,,कह नहीं सकती,कह नीं सका / ठा कोनी,,Antigravity,09/21/2026 12:22:37
Q_C_21_00,Survey,MonthlyIncomeIncreaseByOSFSVEP,"QuestionPrompt, SectionC, Order:170",Enum,Amount by which monthly income increased directly due to OSF/SVEP loans,Section C Q21,Direct income rise,170,Amount by which monthly income increased directly due to OSF/SVEP loans,,"INC_UPTO_2K , INC_2K_3K , INC_3K_4K , INC_4K_5K , INC_5K_6K , INC_GT_6K , INC_CANT_SAY",,,,,OSF/SVEP ऋण से हुए बदलावों के कारण औसत मासिक आय में कितनी वृद्धि हुई?,लोन मिल्या पाछै महिना री कमाई कित्ती बढ़गी?,,Antigravity,09/21/2026 12:22:37
Q_C_22_Sales_YR1,Survey,Trajectory_Sales_Yr1,"QuestionPrompt, SectionC, Order:171",Decimal,Average sales/month (First Year) [Rs],Section C Q22 Sales,First year metric,171,Average sales/month (First Year) [Rs],,,,,,,औसत मासिक बिक्री (पहले वर्ष में) [रु],महिना री बिक्री (पैले साल में) [रु],,Antigravity,09/21/2026 12:22:37
Q_C_22_Sales_CUR,Survey,Trajectory_Sales_Cur,"QuestionPrompt, SectionC, Order:172",Decimal,Average sales/month (Current Year) [Rs],Section C Q22 Sales,Current year metric,172,Average sales/month (Current Year) [Rs],,,,,,,औसत मासिक बिक्री (वर्तमान वर्ष में) [रु],महिना री बिक्री (इबके साल में) [रु],,Antigravity,09/21/2026 12:22:37
Q_C_22_Income_YR1,Survey,Trajectory_Income_Yr1,"QuestionPrompt, SectionC, Order:173",Decimal,Average monthly income (First Year) [Rs],Section C Q22 Income,First year metric,173,Average monthly income (First Year) [Rs],,,,,,,औसत मासिक आय (पहले वर्ष में) [रु],महिना री कमाई (पैले साल में) [रु],,Antigravity,09/21/2026 12:22:37
Q_C_22_Income_CUR,Survey,Trajectory_Income_Cur,"QuestionPrompt, SectionC, Order:174",Decimal,Average monthly income (Current Year) [Rs],Section C Q22 Income,Current year metric,174,Average monthly income (Current Year) [Rs],,,,,,,औसत मासिक आय (वर्तमान वर्ष में) [रु],महिना री कमाई (इबके साल में) [रु],,Antigravity,09/21/2026 12:22:37
Q_C_22_TradeStock_YR1,Survey,Trajectory_TradeStock_Yr1,"QuestionPrompt, SectionC, Order:175",Decimal,"In case of trading, value of inventory/stock (First Year) [Rs]",Section C Q22 TradeStock,First year metric,175,"In case of trading, value of inventory/stock (First Year) [Rs]",,,,,,,ट्रेडिंग में स्टॉक/इन्वेंटरी का मूल्य (पहले वर्ष में) [रु],ट्रेडिंग माल रो मोल (पैले साल में) [रु],,Antigravity,09/21/2026 12:22:37
Q_C_22_TradeStock_CUR,Survey,Trajectory_TradeStock_Cur,"QuestionPrompt, SectionC, Order:176",Decimal,"In case of trading, value of inventory/stock (Current Year) [Rs]",Section C Q22 TradeStock,Current year metric,176,"In case of trading, value of inventory/stock (Current Year) [Rs]",,,,,,,ट्रेडिंग में स्टॉक/इन्वेंटरी का मूल्य (वर्तमान वर्ष में) [रु],ट्रेडिंग माल रो मोल (इबके साल में) [रु],,Antigravity,09/21/2026 12:22:37
Q_C_22_ProdInputs_YR1,Survey,Trajectory_ProdInputs_Yr1,"QuestionPrompt, SectionC, Order:177",Decimal,"In case of production, value of stock of inputs (First Year) [Rs]",Section C Q22 ProdInputs,First year metric,177,"In case of production, value of stock of inputs (First Year) [Rs]",,,,,,,उत्पादन में कच्चे माल (इनपुट) का मूल्य (पहले वर्ष में) [रु],कच्चा माल रो मोल (पैले साल में) [रु],,Antigravity,09/21/2026 12:22:37
Q_C_22_ProdInputs_CUR,Survey,Trajectory_ProdInputs_Cur,"QuestionPrompt, SectionC, Order:178",Decimal,"In case of production, value of stock of inputs (Current Year) [Rs]",Section C Q22 ProdInputs,Current year metric,178,"In case of production, value of stock of inputs (Current Year) [Rs]",,,,,,,उत्पादन में कच्चे माल (इनपुट) का मूल्य (वर्तमान वर्ष में) [रु],कच्चा माल रो मोल (इबके साल में) [रु],,Antigravity,09/21/2026 12:22:37
Q_C_22_ProdFinished_YR1,Survey,Trajectory_ProdFinished_Yr1,"QuestionPrompt, SectionC, Order:179",Decimal,"In case of production, value of finished products (First Year) [Rs]",Section C Q22 ProdFinished,First year metric,179,"In case of production, value of finished products (First Year) [Rs]",,,,,,,उत्पादन में तैयार माल का मूल्य (पहले वर्ष में) [रु],तैयार माल रो मोल (पैले साल में) [रु],,Antigravity,09/21/2026 12:22:37
Q_C_22_ProdFinished_CUR,Survey,Trajectory_ProdFinished_Cur,"QuestionPrompt, SectionC, Order:180",Decimal,"In case of production, value of finished products (Current Year) [Rs]",Section C Q22 ProdFinished,Current year metric,180,"In case of production, value of finished products (Current Year) [Rs]",,,,,,,उत्पादन में तैयार माल का मूल्य (वर्तमान वर्ष में) [रु],तैयार माल रो मोल (इबके साल में) [रु],,Antigravity,09/21/2026 12:22:37
Q_C_22_ServAssets_YR1,Survey,Trajectory_ServAssets_Yr1,"QuestionPrompt, SectionC, Order:181",Decimal,"In case of servicing, value of enterprise related assets (First Year) [Rs]",Section C Q22 ServAssets,First year metric,181,"In case of servicing, value of enterprise related assets (First Year) [Rs]",,,,,,,सर्विसिंग में कार्य-संबंधित परिसंपत्तियों का मूल्य (पहले वर्ष में) [रु],सर्विसिंग औजार/मशीन रो मोल (पैले साल में) [रु],,Antigravity,09/21/2026 12:22:37
Q_C_22_ServAssets_CUR,Survey,Trajectory_ServAssets_Cur,"QuestionPrompt, SectionC, Order:182",Decimal,"In case of servicing, value of enterprise related assets (Current Year) [Rs]",Section C Q22 ServAssets,Current year metric,182,"In case of servicing, value of enterprise related assets (Current Year) [Rs]",,,,,,,सर्विसिंग में कार्य-संबंधित परिसंपत्तियों का मूल्य (वर्तमान वर्ष में) [रु],सर्विसिंग औजार/मशीन रो मोल (इबके साल में) [रु],,Antigravity,09/21/2026 12:22:37
HLP_NO_ASK_HUSBAND,AppVariables,FinancialHelpImpact,Option,Enum,I don’t need to ask money from husband/family for my needs,,Impact Option,,I don’t need to ask money from husband/family for my needs,,,,,,,अपनी जरूरतों के लिए पति या परिवार से पैसे मांगने की जरूरत नहीं पड़ती,खुद रा खर्चा सारु धणी या घर में पीसा नीं मांगणा पड़ै,,Antigravity,09/21/2026 12:22:37
HLP_BIGGEST_SOURCE,AppVariables,FinancialHelpImpact,Option,Enum,Income from enterprise is biggest source of income for family,,Impact Option,,Income from enterprise is biggest source of income for family,,,,,,,उद्यम की आय परिवार की आय का सबसे बड़ा स्रोत है,धंधे री कमाई घर री कमाई रो सबसूं बड़ो साधन छै,,Antigravity,09/21/2026 12:22:37
HLP_CHILD_EDUCATION,AppVariables,FinancialHelpImpact,Option,Enum,Income used in covering education expenses for children,,Impact Option,,Income used in covering education expenses for children,,,,,,,बच्चों की पढ़ाई-लिखाई के खर्च उठाने में उपयोग हुई,टाबरां री पढ़ाई रो खारचो संभाल्यो,,Antigravity,09/21/2026 12:22:37
HLP_PAY_DEBTS,AppVariables,FinancialHelpImpact,Option,Enum,I have been able to pay the family debts,,Impact Option,,I have been able to pay the family debts,,,,,,,परिवार का पुराना कर्ज चुकाने में सक्षम हुई,घर रो पुरानो कर्ज उतार्यो,,Antigravity,09/21/2026 12:22:37
HLP_ACQUIRE_ASSETS,AppVariables,FinancialHelpImpact,Option,Enum,Contributed money in acquiring assets for family,,Impact Option,,Contributed money in acquiring assets for family,,,,,,,परिवार के लिए परिसंपत्तियां (जमीन/मकान/सामान) खरीदने में योगदान दिया,घर सारु जमीन/सम्पत्ति बणाई,,Antigravity,09/21/2026 12:22:37
HLP_MARRIAGE_EXP,AppVariables,FinancialHelpImpact,Option,Enum,Contributed money for marriage expenses,,Impact Option,,Contributed money for marriage expenses,,,,,,,विवाह/शादी-ब्याह के खर्चों में सहयोग दिया,ब्याव-शादी में पीसा लगाया,,Antigravity,09/21/2026 12:22:37
Q_C_23_00,Survey,FinancialHelpFromIncome,"QuestionPrompt, SectionC, Order:183",EnumList,How has income from enterprise helped you financially? (Multiselect),Section C Q23,Financial impact,183,How has income from enterprise helped you financially? (Multiselect),,"HLP_NO_ASK_HUSBAND , HLP_BIGGEST_SOURCE , HLP_CHILD_EDUCATION , HLP_PAY_DEBTS , HLP_ACQUIRE_ASSETS , HLP_MARRIAGE_EXP",,,,,उद्यम से हुई आय ने आपकी आर्थिक रूप से कैसे मदद की?,धंधे री कमाई सूं थारी आर्थिक हालत में कांई सुधार हुयो?,,Antigravity,09/21/2026 12:22:37
Q_C_23_01,Survey,FinancialHelp_EducationAmt,"QuestionPrompt, SectionC, Order:184",Decimal,Education expenses contribution amount (Rs),Section C Q23.1,Education amount,184,Education expenses contribution amount (Rs),,,,,,,शिक्षा में योगदान राशि (रु),पढ़ाई में कित्ता पीसा लगाया (रु),,Antigravity,09/21/2026 12:22:37
Q_C_23_02,Survey,FinancialHelp_DebtsAmt,"QuestionPrompt, SectionC, Order:185",Decimal,Family debts paid amount (Rs),Section C Q23.2,Debts paid amount,185,Family debts paid amount (Rs),,,,,,,कर्ज चुकाने में योगदान राशि (रु),कर्ज उतारण में कित्ता पीसा लगाया (रु),,Antigravity,09/21/2026 12:22:37
Q_C_23_03,Survey,FinancialHelp_AssetsAmt,"QuestionPrompt, SectionC, Order:186",Decimal,Assets acquisition contribution amount (Rs),Section C Q23.3,Assets amount,186,Assets acquisition contribution amount (Rs),,,,,,,परिसंपत्ति निर्माण में योगदान राशि (रु),सम्पत्ति लेवण में कित्ता पीसा लगाया (रु),,Antigravity,09/21/2026 12:22:37
Q_C_23_04,Survey,FinancialHelp_MarriageAmt,"QuestionPrompt, SectionC, Order:187",Decimal,Marriage expenses contribution amount (Rs),Section C Q23.4,Marriage amount,187,Marriage expenses contribution amount (Rs),,,,,,,विवाह खर्च में योगदान राशि (रु),ब्याव-शादी में कित्ता पीसा लगाया (रु),,Antigravity,09/21/2026 12:22:37
FAM_INDEPENDENT,AppVariables,FamilySupportResponse,Option,Enum,I am able to run my enterprise independently,,Family Support Option,,I am able to run my enterprise independently,,,,,,,मैं अपना उद्यम पूरी तरह स्वतंत्र रूप से चलाने में सक्षम हूँ,म्हैं खुद अकेली धंधो चलाऊं,,Antigravity,09/21/2026 12:22:37
FAM_NOT_IN_FAVOUR,AppVariables,FamilySupportResponse,Option,Enum,My husband was not in favour of starting the business,,Family Support Option,,My husband was not in favour of starting the business,,,,,,,शुरुआत में पति व्यवसाय शुरू करने के पक्ष में नहीं थे,पैली धणी राजी कोनी हा,,Antigravity,09/21/2026 12:22:37
FAM_NOT_SUPPORTIVE_INITIAL,AppVariables,FamilySupportResponse,Option,Enum,"Husband not supportive initially, but now helps when required",,Family Support Option,,"Husband not supportive initially, but now helps when required",,,,,,,पति पहले असहयोगी थे पर अब जरूरत पड़ने पर मदद करते हैं,पैली साथ कोनी देता पण अबै मदद करै,,Antigravity,09/21/2026 12:22:37
FAM_SUPPORTED_SHG_LOAN,AppVariables,FamilySupportResponse,Option,Enum,"Since enterprise started with SHG loan, husband supported",,Family Support Option,,"Since enterprise started with SHG loan, husband supported",,,,,,,"क्योंकि काम SHG लोन से शुरू हुआ, पति ने पूरा समर्थन दिया",समूह सूं लोन मिल्यो तो धणी साथ दियो,,Antigravity,09/21/2026 12:22:37
FAM_INITIAL_INVESTMENT,AppVariables,FamilySupportResponse,Option,Enum,My husband/family supported me with initial investment,,Family Support Option,,My husband/family supported me with initial investment,,,,,,,पति/परिवार ने शुरुआती पूंजी में पूरा सहयोग दिया,शुरुआती पीसा घर का दिया,,Antigravity,09/21/2026 12:22:37
FAM_FULL_SUPPORT,AppVariables,FamilySupportResponse,Option,Enum,I have full support of husband/family and helped in every way,,Family Support Option,,I have full support of husband/family and helped in every way,,,,,,,पति व परिवार का हर संभव तरीके से पूरा समर्थन मिला,घर का रो पूरो सहयोग मिल्यो,,Antigravity,09/21/2026 12:22:37
FAM_EFFECTIVE_WITH_SUPPORT,AppVariables,FamilySupportResponse,Option,Enum,I run/could run enterprise more effectively with family support,,Family Support Option,,I run/could run enterprise more effectively with family support,,,,,,,परिवार के सहयोग से व्यवसाय और बेहतर चला पा रही हूँ,घर रा जणां रे सहयोग सूं काम बढ़िया चालै,,Antigravity,09/21/2026 12:22:37
Q_D_01_00,Survey,SHGAssociationAssistance,"QuestionPrompt, SectionD, Order:188",EnumList,Q1. How has the SHG association helped in your enterprise? ( Multiselect),Q1. How has the SHG association helped in your enterprise? ( Multiselect),Family support level,188,Q1. How has the SHG association helped in your enterprise? ( Multiselect),,"FAM_INDEPENDENT , FAM_NOT_IN_FAVOUR , FAM_NOT_SUPPORTIVE_INITIAL , FAM_SUPPORTED_SHG_LOAN , FAM_INITIAL_INVESTMENT , FAM_FULL_SUPPORT , FAM_EFFECTIVE_WITH_SUPPORT",,,,,Q1. एसएचजी (समूह) से जुड़ने से आपके उद्यम में क्या मदद मिली?,Q1. समूह सूं जुड़ण सूं धंधे में काईं मदद मिली?,,Antigravity,09/26/2026 08:00:00
SRC_TRAVEL_ALONE,AppVariables,SourcingComfort,Option,Enum,I travel alone and I handle negotiations independently,,Comfort Option,,I travel alone and I handle negotiations independently,,,,,,,मैं अकेले यात्रा करती हूँ और मोलभाव खुद स्वतंत्र रूप से करती हूँ,अकेली जा र सौदो कर ल्याऊं,,Antigravity,09/21/2026 12:22:37
SRC_TRAVEL_COMPANION,AppVariables,SourcingComfort,Option,Enum,I need travel companion but I handle negotiations independently,,Comfort Option,,I need travel companion but I handle negotiations independently,,,,,,,साथी चाहिए पर मोलभाव खुद स्वतंत्र रूप से करती हूँ,साथी चाहिजे पण मोलतोल खुद करूं,,Antigravity,09/21/2026 12:22:37
SRC_FAMILY_HANDLES,AppVariables,SourcingComfort,Option,Enum,My family member handles the purchase,,Comfort Option,,My family member handles the purchase,,,,,,,परिवार का सदस्य सामग्री खरीद का काम संभालता है,घर रो जणो माल लावै,,Antigravity,09/21/2026 12:22:37
SRC_CRP_HELPS,AppVariables,SourcingComfort,Option,Enum,OSF/SVEP CRP helps in sourcing material,,Comfort Option,,OSF/SVEP CRP helps in sourcing material,,,,,,,OSF/SVEP सीआरपी सामग्री जुटाने में मदद करती हैं,सीआरपी दीदी माल मंगावण में मदद करै,,Antigravity,09/21/2026 12:22:37
SRC_WANT_DIFF_NEED_SUPP,AppVariables,SourcingComfort,Option,Enum,Want to source from different places but need support,,Comfort Option,,Want to source from different places but need support,,,,,,,अलग-अलग जगहों से माल लाना चाहती हूँ पर सहयोग चाहिए,दूजी जगां सूं माल लावणो चाहूं पण मदद चाहिजे,,Antigravity,09/21/2026 12:22:37
SRC_CONTENT_NEARBY,AppVariables,SourcingComfort,Option,Enum,I am content to source material from nearby market,,Comfort Option,,I am content to source material from nearby market,,,,,,,पास के बाजार से ही सामग्री लेने में संतुष्ट हूँ,नेड़ले बाजार सूं माल लेवण में ही राजी हूँ,,Antigravity,09/21/2026 12:22:37
Q_D_02_00,Survey,Related_Q19_Capital,"QuestionPrompt, SectionD, Order:189",Enum,Q2. How have you arranged capital over the enterprise duration? ( Ask for each option. Put 0 if the source is not used),Q2. How have you arranged capital over the enterprise duration? ( Ask for each option. Put 0 if the source is not used),Sourcing autonomy,189,Q2. How have you arranged capital over the enterprise duration? ( Ask for each option. Put 0 if the source is not used),,"SRC_TRAVEL_ALONE , SRC_TRAVEL_COMPANION , SRC_FAMILY_HANDLES , SRC_CRP_HELPS , SRC_WANT_DIFF_NEED_SUPP , SRC_CONTENT_NEARBY",,,,,Q2. आपने उद्यम के दौरान पूंजी की व्यवस्था कैसे की? (प्रत्येक विकल्प पूछें),Q2. पूंजी रो प्रबंध किकण कियो?,,Antigravity,09/26/2026 08:00:00
REC_NO_ISSUES,AppVariables,DebtRecoveryStatus,Option,Enum,"Yes, I don’t face any issues",,Recovery Option,,"Yes, I don’t face any issues",,,,,,,"हाँ, मुझे कोई समस्या नहीं आती","हाँ, कोई तकलीफ कोनी आवै",,Antigravity,09/21/2026 12:22:37
REC_CASH_ONLY,AppVariables,DebtRecoveryStatus,Option,Enum,"Yes, but I conduct only cash transactions",,Recovery Option,,"Yes, but I conduct only cash transactions",,,,,,,"हाँ, क्योंकि मैं केवल नकद लेन-देन ही करती हूँ","हाँ, क्यूंकि नकद ही काम करां",,Antigravity,09/21/2026 12:22:37
REC_EVENTUALLY_PAYS,AppVariables,DebtRecoveryStatus,Option,Enum,"Yes, eventually everyone pays",,Recovery Option,,"Yes, eventually everyone pays",,,,,,,"हाँ, देर-सबेर सभी भुगतान कर देते हैं","हाँ, आज नीं तो काल सगळा दे देवै",,Antigravity,09/21/2026 12:22:37
REC_LEARNT_NEGOTIATE,AppVariables,DebtRecoveryStatus,Option,Enum,"Yes, but I have learnt over the years how to negotiate",,Recovery Option,,"Yes, but I have learnt over the years how to negotiate",,,,,,,"हाँ, समय के साथ मैंने तकादा करना सीख लिया है","हाँ, टेम रे सागे समझ आगी किकण तगादो करणो",,Antigravity,09/21/2026 12:22:37
REC_HUSBAND_RECOVERS,AppVariables,DebtRecoveryStatus,Option,Enum,"No, but my husband is able to recover",,Recovery Option,,"No, but my husband is able to recover",,,,,,,"नहीं, लेकिन मेरे पति वसूली कर लेते हैं","ना, पण धणी वसूली कर ल्यावै",,Antigravity,09/21/2026 12:22:37
REC_LOSSES_DEBT,AppVariables,DebtRecoveryStatus,Option,Enum,"No, my business has suffered losses due to debt",,Recovery Option,,"No, my business has suffered losses due to debt",,,,,,,"नहीं, उधारी डूबने के कारण व्यवसाय को नुकसान हुआ है","ना, उधारी डूबबा सूं नुकसान हुयो",,Antigravity,09/21/2026 12:22:37
Q_D_03_00,Survey,Related_Q20_Loan_Usage,"QuestionPrompt, SectionD, Order:190",Enum,Q3. How did you use the loans taken from different sources?,Q3. How did you use the loans taken from different sources?,Payment recovery,190,Q3. How did you use the loans taken from different sources?,,"REC_NO_ISSUES , REC_CASH_ONLY , REC_EVENTUALLY_PAYS , REC_LEARNT_NEGOTIATE , REC_HUSBAND_RECOVERS , REC_LOSSES_DEBT",,,,,Q3. विभिन्न स्रोतों से लिए गए ऋण का उपयोग कैसे किया?,Q3. लोन रो उपयोग किकण कियो?,,Antigravity,09/26/2026 08:00:00
FND_SHG_SUFFICIENT,AppVariables,FundingExperience,Option,Enum,SHG loan is sufficient for current scale of business,,Funding Option,,SHG loan is sufficient for current scale of business,,,,,,,व्यवसाय के वर्तमान पैमाने के लिए SHG लोन पर्याप्त है,अबार रा काम सारु समूह रो लोन घणो छै,,Antigravity,09/21/2026 12:22:37
FND_PLOUGH_EARNINGS,AppVariables,FundingExperience,Option,Enum,I regularly plough in my business earnings,,Funding Option,,I regularly plough in my business earnings,,,,,,,मैं अपने व्यवसाय की कमाई को दोबारा व्यवसाय में लगाती हूँ,कमाई पाछी धंधे में ही लगावां,,Antigravity,09/21/2026 12:22:37
FND_SHG_SMALL,AppVariables,FundingExperience,Option,Enum,SHG loan size is smaller than my requirement,,Funding Option,,SHG loan size is smaller than my requirement,,,,,,,SHG ऋण की राशि मेरी जरूरत से कम है,समूह रो लोन म्हारी जरूरत सूं कम पड़ै,,Antigravity,09/21/2026 12:22:37
FND_EASY_MFI,AppVariables,FundingExperience,Option,Enum,I get required loan easily from moneylender/NBFIs,,Funding Option,,I get required loan easily from moneylender/NBFIs,,,,,,,साहूकार/NBFI से जरूरत के अनुसार आसानी से कर्ज मिल जाता है,साहूकार/कंपनी सूं लोन असानी सूं मिल जावै,,Antigravity,09/21/2026 12:22:37
FND_FAMILY_HELPS,AppVariables,FundingExperience,Option,Enum,My family members help me with funds and loans,,Funding Option,,My family members help me with funds and loans,,,,,,,परिवार के सदस्य पूंजी और ऋण में मेरी मदद करते हैं,घर का पीसा री मदद करै,,Antigravity,09/21/2026 12:22:37
FND_AVOID_HIGH_INT,AppVariables,FundingExperience,Option,Enum,Don’t prefer moneylender/NBFIs as interest rate is high,,Funding Option,,Don’t prefer moneylender/NBFIs as interest rate is high,,,,,,,साहूकार/NBFI नहीं लेती क्योंकि ब्याज दर बहुत अधिक है,साहूकार/कंपनी रो ब्याज घणो लागै इस वास्ते नीं लेवां,,Antigravity,09/21/2026 12:22:37
FND_AVOID_SHORT_TIME,AppVariables,FundingExperience,Option,Enum,Don’t prefer moneylender/NBFIs as repayment time is shorter,,Funding Option,,Don’t prefer moneylender/NBFIs as repayment time is shorter,,,,,,,साहूकार/NBFI नहीं लेती क्योंकि चुकाने का समय बहुत कम होता है,चुकावण रो टेम घणो कम मिलै,,Antigravity,09/21/2026 12:22:37
Q_D_04_00,Survey,FundingExperience,"QuestionPrompt, SectionD, Order:191",EnumList,Q4. What has been your experience in funding your business? (Multi select),Q4. What has been your experience in funding your business? (Multi select),Funding experiences,191,Q4. What has been your experience in funding your business? (Multi select),,"FND_SHG_SUFFICIENT , FND_PLOUGH_EARNINGS , FND_SHG_SMALL , FND_EASY_MFI , FND_FAMILY_HELPS , FND_AVOID_HIGH_INT , FND_AVOID_SHORT_TIME",,,,,Q4. व्यवसाय के लिए फंडिंग का आपका अनुभव कैसा रहा?,Q4. फंडिंग रो अनुभव किकण रो रह्यो?,,Antigravity,09/26/2026 08:00:00
CHL_OSF_PHASED,AppVariables,BusinessChallenge,Option,Enum,OSF phased out which affected fund sufficiency (Specify amount),,Challenge Option,,OSF phased out which affected fund sufficiency (Specify amount),,,,,,,OSF समाप्त हो गया जिससे फंड की कमी हो गई (राशि लिखें),OSF बंद होग्यो जिणसूं पीसा री तंगी होगी,,Antigravity,09/21/2026 12:22:37
CHL_SCALE_UP_FUNDS,AppVariables,BusinessChallenge,Option,Enum,Need more funds to scale up business (Specify amount),,Challenge Option,,Need more funds to scale up business (Specify amount),,,,,,,व्यवसाय बढ़ाने के लिए और पूंजी चाहिए (राशि लिखें),काम बढ़ावण खातर और पीसा चाहिजे,,Antigravity,09/21/2026 12:22:37
CHL_RENOVATE_FUNDS,AppVariables,BusinessChallenge,Option,Enum,Need large funds to renovate shop/premise (Specify amount),,Challenge Option,,Need large funds to renovate shop/premise (Specify amount),,,,,,,दुकान की मरम्मत/सजावट हेतु बड़ी राशि चाहिए (राशि लिखें),दुकान सुधारण खातर पीसा चाहिजे,,Antigravity,09/21/2026 12:22:37
CHL_TIMELY_INPUTS,AppVariables,BusinessChallenge,Option,Enum,Need timely access to funds before production begins (Specify amount),,Challenge Option,,Need timely access to funds before production begins (Specify amount),,,,,,,उत्पादन शुरू होने से पहले समय पर पूंजी चाहिए (राशि लिखें),सीजन सूं पैली टेम पर पीसा चाहिजे,,Antigravity,09/21/2026 12:22:37
CHL_ACCESS_MARKET,AppVariables,BusinessChallenge,Option,Enum,Need support to access bigger market at lower cost,,Challenge Option,,Need support to access bigger market at lower cost,,,,,,,कम लागत पर माल पाने हेतु बड़े बाजार तक पहुँच का समर्थन चाहिए,बड़ा बाजार सूं सस्ता में माल लेवण री मदद चाहिजे,,Antigravity,09/21/2026 12:22:37
CHL_SELL_INVENTORY,AppVariables,BusinessChallenge,Option,Enum,Need help in selling my inventory (Specify current value),,Challenge Option,,Need help in selling my inventory (Specify current value),,,,,,,बचा हुआ स्टॉक/इन्वेंटरी बेचने में मदद चाहिए (मूल्य लिखें),पड़्यो माल बेचण में मदद चाहिजे,,Antigravity,09/21/2026 12:22:37
CHL_LEARN_SOCIAL_MEDIA,AppVariables,BusinessChallenge,Option,Enum,Need help in learning use of social media,,Challenge Option,,Need help in learning use of social media,,,,,,,सोशल मीडिया का उपयोग सीखने में मदद चाहिए,मोबाइल/सोशल मीडिया सीखण में मदद चाहिजे,,Antigravity,09/21/2026 12:22:37
CHL_OTHER,AppVariables,BusinessChallenge,Option,Enum,"Any other, specify",,Challenge Option,,"Any other, specify",,,,,,,"अन्य कोई, विवरण दें",दूजी कोई अड़चन,,Antigravity,09/21/2026 12:22:37
Q_D_05_00,Survey,Related_Q22_Trajectory,"QuestionPrompt, SectionD, Order:192",EnumList,Q5. What changes have happened in your business? ( The SHG member may not be able to give an exact number. In such a case ask for rough estimates but don’t pressure ),Q5. What changes have happened in your business? ( The SHG member may not be able to give an exact number. In such a case ask for rough estimates but don’t pressure ),Active challenges,192,Q5. What changes have happened in your business? ( The SHG member may not be able to give an exact number. In such a case ask for rough estimates but don’t pressure ),,"CHL_OSF_PHASED , CHL_SCALE_UP_FUNDS , CHL_RENOVATE_FUNDS , CHL_TIMELY_INPUTS , CHL_ACCESS_MARKET , CHL_SELL_INVENTORY , CHL_LEARN_SOCIAL_MEDIA , CHL_OTHER",,,,,Q5. आपके व्यवसाय में क्या बदलाव आए हैं? (अनुमानित आंकड़ा पूछें),Q5. काम-धंधे में काईं फेरबदल होया?,,Antigravity,09/26/2026 08:00:00
Q_D_05_01,Survey,Challenge_OSFPhasedOutAmt,"QuestionPrompt, SectionD, Order:193",Decimal,OSF phased out fund deficit amount (Rs),Section D Q5.1,OSF deficit amount,193,OSF phased out fund deficit amount (Rs),,,,,,,OSF समाप्ति से हुई कमी की राशि (रु),OSF बंद होबा सूं कित्ता पीसा री कमी पड़ी (रु),,Antigravity,09/21/2026 12:22:37
Q_D_05_02,Survey,Challenge_ScaleUpFundAmt,"QuestionPrompt, SectionD, Order:194",Decimal,Scale up funds required amount (Rs),Section D Q5.2,Scale up amount,194,Scale up funds required amount (Rs),,,,,,,व्यवसाय विस्तार हेतु आवश्यक राशि (रु),धंधो बढ़ावण सारु कित्ता पीसा चाहिजे (रु),,Antigravity,09/21/2026 12:22:37
Q_D_05_03,Survey,Challenge_RenovationFundAmt,"QuestionPrompt, SectionD, Order:195",Decimal,Renovation funds required amount (Rs),Section D Q5.3,Renovation amount,195,Renovation funds required amount (Rs),,,,,,,दुकान सुधार हेतु आवश्यक राशि (रु),दुकान ठीक करावण सारु कित्ता पीसा चाहिजे (रु),,Antigravity,09/21/2026 12:22:37
Q_D_05_04,Survey,Challenge_TimelyInputsAmt,"QuestionPrompt, SectionD, Order:196",Decimal,Timely inputs funds required amount (Rs),Section D Q5.4,Inputs amount,196,Timely inputs funds required amount (Rs),,,,,,,उत्पादन सामग्री हेतु समय पर आवश्यक राशि (रु),कच्चा माल सारु टेम पर कित्ता पीसा चाहिजे (रु),,Antigravity,09/21/2026 12:22:37
Q_D_05_05,Survey,Challenge_InventoryHelpAmt,"QuestionPrompt, SectionD, Order:197",Decimal,Current value of unsold inventory (Rs),Section D Q5.5,Inventory value,197,Current value of unsold inventory (Rs),,,,,,,बिना बिके स्टॉक का वर्तमान मूल्य (रु),पड़्या माल रो मोल कित्तो छै (रु),,Antigravity,09/21/2026 12:22:37
Q_D_05_06,Survey,Challenge_Other,"QuestionPrompt, SectionD, Order:198",Text,Specify other challenge remark,Section D Q5.6,Other challenge remark,198,Specify other challenge remark,,,,,,,अन्य चुनौती का विवरण दें,दूजी अड़चन रो ब्योरो लिखो,,Antigravity,09/21/2026 12:22:37
Q_E_01_00,Survey,HusbandFamilyResponse,"QuestionPrompt, SectionE, Order:199",Enum,Q1. How has been your husband’s response towards your enterprise? (Multiselect),Q1. How has been your husband’s response towards your enterprise? (Multiselect),Attended training,199,Q1. How has been your husband’s response towards your enterprise? (Multiselect),,"OPT_YES , OPT_NO",,,,,Q1. आपके उद्यम के प्रति आपके पति/परिवार का क्या रुख रहा है?,Q1. धंधे माथे पति/घर आळां रो काईं रुख रह्यो?,,Antigravity,09/26/2026 08:00:00
Q_E_02_00,Survey,MaterialSourcingComfort,"QuestionPrompt, SectionE, Order:200",Text,Q2. What is your level of comfort in sourcing material?,Q2. What is your level of comfort in sourcing material?,Training topic,200,Q2. What is your level of comfort in sourcing material?,,,,,,,Q2. कच्चा माल खरीदने में आपकी सहूलियत का स्तर क्या है?,Q2. कच्चो माल लावण में कित्ती सहूलियत है?,,Antigravity,09/26/2026 08:00:00
Q_E_03_00,Survey,CustomerPaymentRecovery,"QuestionPrompt, SectionE, Order:201",Enum,Q3. Are you able to recover money from customers?,Q3. Are you able to recover money from customers?,Used training,201,Q3. Are you able to recover money from customers?,,"OPT_YES , OPT_NO",,,,,Q3. क्या आप ग्राहकों से समय पर भुगतान वसूल पाती हैं?,Q3. का ग्राहकां सूं पईसा वसूल हो जावै?,,Antigravity,09/26/2026 08:00:00
Q_E_04_00,Survey,CurrentChallenges,"QuestionPrompt, SectionE, Order:202",Text,Q4. What are the challenges you are facing now? (Multiselect),Q4. What are the challenges you are facing now? (Multiselect),Component used details,202,Q4. What are the challenges you are facing now? (Multiselect),,,,,,,Q4. वर्तमान में आप किन चुनौतियों का सामना कर रही हैं?,Q4. अबार थानै काईं-काईं दिक्कतां आवे है?,,Antigravity,09/26/2026 08:00:00
Q_E_05_01,Survey,MonthlyIncomeBeforeLoan,"QuestionPrompt, SectionE, Order:203",Decimal,Monthly income BEFORE the changes (Rs),Section E Q5.1,Pre loan income,203,Monthly income BEFORE the changes (Rs),,,,,,,ऋण से हुए बदलाव से पहले मासिक आय (रु),लोन लेवण सूं पैली महिना री कमाई (रु),,Antigravity,09/21/2026 12:22:37
Q_E_05_02,Survey,MonthlyIncomeAfterLoan,"QuestionPrompt, SectionE, Order:204",Decimal,Monthly income AFTER the changes (Rs),Section E Q5.2,Post loan income,204,Monthly income AFTER the changes (Rs),,,,,,,ऋण से हुए बदलाव के बाद मासिक आय (रु),लोन लेवण पाछै महिना री कमाई (रु),,Antigravity,09/21/2026 12:22:37
CRP_SUBSIDY,AppVariables,CRPContribution,Option,Enum,Accessing subsidy,,CRP Option,,Accessing subsidy,,,,,,,सब्सिडी प्राप्त करने में सहायता,सब्सिडी दिलावण में मदद,,Antigravity,09/21/2026 12:22:37
CRP_DOCUMENTS,AppVariables,CRPContribution,Option,Enum,"Getting necessary documents (Aadhar, PAN, Udyam, FSSAI)",,CRP Option,,"Getting necessary documents (Aadhar, PAN, Udyam, FSSAI)",,,,,,,"आवश्यक दस्तावेज (आधार, पैन, उद्यम, FSSAI) बनवाना","जरूरी कागज (आधार, पैन, उद्यम) बणावण में",,Antigravity,09/21/2026 12:22:37
CRP_BIZ_PLANS,AppVariables,CRPContribution,Option,Enum,They helped in preparing Business Plan,,CRP Option,,They helped in preparing Business Plan,,,,,,,उन्होंने Business Plan (व्यावसायिक योजना) बनाने में मदद की,Business Plan बणावण में मदद करी,,Antigravity,09/26/2026 06:00:00
CRP_FEEDBACK,AppVariables,CRPContribution,Option,Enum,Gave critical feedback on business idea to improve operations,,CRP Option,,Gave critical feedback on business idea to improve operations,,,,,,,व्यावसायिक विचार पर महत्वपूर्ण सुझाव दिए जिससे काम सुधरा,सुझाव दिया जिणसूं काम सुधर्यो,,Antigravity,09/21/2026 12:22:37
CRP_RECORDS,AppVariables,CRPContribution,Option,Enum,Trained us on maintaining records which we didn’t know earlier,,CRP Option,,Trained us on maintaining records which we didn’t know earlier,,,,,,,बही-खाता और लिखित रिकॉर्ड रखने का प्रशिक्षण दिया,हिसाब-किताब रखणो सिखायो,,Antigravity,09/21/2026 12:22:37
CRP_NEW_IDEAS,AppVariables,CRPContribution,Option,Enum,Gave us new ideas to increase our income from enterprise,,CRP Option,,Gave us new ideas to increase our income from enterprise,,,,,,,आय बढ़ाने के नए विचार और तरीके बताए,कमाई बढ़ावण रा नवा विचार दिया,,Antigravity,09/21/2026 12:22:37
CRP_BANK_LOANS,AppVariables,CRPContribution,Option,Enum,Helped in accessing loans from bank,,CRP Option,,Helped in accessing loans from bank,,,,,,,बैंक से ऋण प्राप्त करने में सहयोग किया,बैंक सूं लोन करवायो,,Antigravity,09/21/2026 12:22:37
CRP_COMMUNICATION,AppVariables,CRPContribution,Option,Enum,Helped in our communication skills,,CRP Option,,Helped in our communication skills,,,,,,,बातचीत और आत्मविश्वास में सुधार कराया,बोलचाल और आत्मविश्वास बढ़ायो,,Antigravity,09/21/2026 12:22:37
CRP_MARKETING,AppVariables,CRPContribution,Option,Enum,Helped in marketing,,CRP Option,,Helped in marketing,,,,,,,मार्केटिंग और प्रचार में मदद की,मार्केटिंग में मदद करी,,Antigravity,09/21/2026 12:22:37
CRP_COMPETITORS,AppVariables,CRPContribution,Option,Enum,Helped understand competitors and suggested ways to beat competition,,CRP Option,,Helped understand competitors and suggested ways to beat competition,,,,,,,प्रतिस्पर्धा समझने और बेहतर सेवा देने के तरीके बताए,प्रतिस्पर्धा सूं निपटण रा तरीका बताया,,Antigravity,09/21/2026 12:22:37
Q_E_06_00,Survey,CompetitorAdvantages,"QuestionPrompt, SectionE, Order:205",EnumList,Q6. What advantage do you have over your competitors? (Multiselect),Q6. What advantage do you have over your competitors? (Multiselect),CRP contributions,205,Q6. What advantage do you have over your competitors? (Multiselect),,"CRP_SUBSIDY , CRP_DOCUMENTS , CRP_BIZ_PLANS , CRP_FEEDBACK , CRP_RECORDS , CRP_NEW_IDEAS , CRP_BANK_LOANS , CRP_COMMUNICATION , CRP_MARKETING , CRP_COMPETITORS , CRP_INSTAGRAM , CRP_PROFIT_IDEAS",,,,,Q6. प्रतिस्पर्धियों की तुलना में आपको क्या बढ़त/फायदा है?,Q6. दूजां सूं थानै काईं बढ़त/फायदो है?,,Antigravity,09/26/2026 08:00:00
Q_E_06_01,Survey,CRPContributionDocDetails,"QuestionPrompt, SectionE, Order:206",Text,Specify documents made with CRP help,Section E Q6.1,Document details,206,Specify documents made with CRP help,,,,,,,सीआरपी की मदद से बनवाए गए दस्तावेजों का विवरण,बणवाया कागजां रो ब्योरो लिखो,,Antigravity,09/21/2026 12:22:37
Q_E_07_00,Survey,ExpectationsFromScheme,"QuestionPrompt, SectionE, Order:207",EnumList,What are your expectations from the SVEP/OSF scheme?,Section E Q7,Scheme expectations,207,What are your expectations from the SVEP/OSF scheme?,,"EXP_BIGGER_LOAN , EXP_MUDRA_LOAN , EXP_CRP_GUIDANCE , EXP_BIGGER_MARKETS , EXP_ONLINE_PURCHASE , EXP_INSTAGRAM , EXP_BUSINESS_TRAINING , EXP_OTHER",,,,,SVEP/OSF योजना से आपकी क्या अपेक्षाएं हैं?,योजना सूं थारी और कांई आशावां छै?,,Antigravity,09/25/2026 21:00:00
PHN_YES,AppVariables,PhoneAccess,Option,Enum,Yes,,Phone Option,,Yes,,,,,,,"हाँ, खुद का स्मार्टफोन है","हाँ, खुद रो स्मार्टफोन छै",,Antigravity,09/21/2026 12:22:37
PHN_NO,AppVariables,PhoneAccess,Option,Enum,No,,Phone Option,,No,,,,,,,"नहीं, स्मार्टफोन नहीं है","ना, स्मार्टफोन कोनी",,Antigravity,09/21/2026 12:22:37
PHN_ACCESS,AppVariables,PhoneAccess,Option,Enum,"No, but I have access to smart phone",,Phone Option,,"No, but I have access to smart phone",,,,,,,"नहीं, लेकिन परिवार के स्मार्टफोन तक पहुंच है","ना, पण घर रा फोन सूं काम चालै",,Antigravity,09/21/2026 12:22:37
Q_F_01_00,Survey,FutureExpansionPlans,"QuestionPrompt, SectionF, Order:208",Enum,"Q1. For next one year, what are your plans to increase the scale of your business?","Q1. For next one year, what are your plans to increase the scale of your business?",Smartphone access,208,"Q1. For next one year, what are your plans to increase the scale of your business?",,"PHN_YES , PHN_NO , PHN_ACCESS",,,,,Q1. अगले एक वर्ष में व्यवसाय बढ़ाने की आपकी क्या योजनाएं हैं?,Q1. आगले एक साल में धंधो बढ़ावण री काईं योजना है?,,Antigravity,09/26/2026 08:00:00
Q_F_02_00,Survey,AspirationBottlenecks,"QuestionPrompt, SectionF, Order:209",Enum,"Q2. What is holding you back from pursuing these aspirations? (Multiselect, don't prompt)","Q2. What is holding you back from pursuing these aspirations? (Multiselect, don't prompt)",QR / UPI usage,209,"Q2. What is holding you back from pursuing these aspirations? (Multiselect, don't prompt)",,"OPT_YES , OPT_NO",,,,,Q2. इन आकांक्षाओं को पूरा करने में क्या बाधा आ रही है?,Q2. योजना पूरी करण में काईं रुकावट है?,,Antigravity,09/26/2026 08:00:00
QRC_1_4,AppVariables,QRCount,Option,Enum,1-4,,QR Count Option,,1-4,,,,,,,प्रतिदिन 1-4 लेन-देन,रोज 1-4 बार,,Antigravity,09/25/2026 20:35:00
QRC_5_10,AppVariables,QRCount,Option,Enum,5-10,,QR Count Option,,5-10,,,,,,,प्रतिदिन 5-10 लेन-देन,रोज 5-10 बार,,Antigravity,09/21/2026 12:22:37
QRC_10_20,AppVariables,QRCount,Option,Enum,10-20,,QR Count Option,,10-20,,,,,,,प्रतिदिन 10-20 लेन-देन,रोज 10-20 बार,,Antigravity,09/21/2026 12:22:37
QRC_20_40,AppVariables,QRCount,Option,Enum,20-40,,QR Count Option,,20-40,,,,,,,प्रतिदिन 20-40 लेन-देन,रोज 20-40 बार,,Antigravity,09/21/2026 12:22:37
QRC_GT_40,AppVariables,QRCount,Option,Enum,More than 40,,QR Count Option,,More than 40,,,,,,,प्रतिदिन 40 से अधिक,रोज 40 सूं बत्ती बार,,Antigravity,09/21/2026 12:22:37
Q_F_03_00,Survey,FutureFundsRequired,"QuestionPrompt, SectionF, Order:210",Enum,Q3. How much funds do you need to fund your plan?,Q3. How much funds do you need to fund your plan?,QR transaction count,210,Q3. How much funds do you need to fund your plan?,,"QRC_1_4 , QRC_5_10 , QRC_10_20 , QRC_20_40 , QRC_GT_40",,,,,Q3. अपनी योजना को पूरा करने के लिए कितने फंड की आवश्यकता है?,Q3. योजना खातर कित्ता पईसां री जरूरत है?,,Antigravity,09/26/2026 08:00:00
QRN_NO_PHONE,AppVariables,QRNonReason,Option,Enum,"Since I don’t own smart phone, it is difficult to transact",,QR Non Option,,"Since I don’t own smart phone, it is difficult to transact",,,,,,,स्मार्टफोन न होने के कारण लेन-देन कठिन है,स्मार्टफोन नीं होबा सूं लेन-देन कोनी हुवै,,Antigravity,09/21/2026 12:22:37
QRN_FEW_CUSTOMERS,AppVariables,QRNonReason,Option,Enum,Not many customers use smart phone for payments,,QR Non Option,,Not many customers use smart phone for payments,,,,,,,हमारे क्षेत्र में ग्राहक ऑनलाइन भुगतान का उपयोग नहीं करते,गिराहक ऑनलाइन पीसा कोनी देवै,,Antigravity,09/21/2026 12:22:37
QRN_DONT_KNOW,AppVariables,QRNonReason,Option,Enum,I don’t know how to use and monitor transactions,,QR Non Option,,I don’t know how to use and monitor transactions,,,,,,,मुझे क्यूआर कोड/मोबाइल बैंकिंग का उपयोग और जांच करना नहीं आता,म्हानें ऑनलाइन लेन-देन करणो कोनी आवै,,Antigravity,09/21/2026 12:22:37
QRN_NOT_APPLICABLE,AppVariables,QRNonReason,Option,Enum,Not applicable,,QR Non Option,,Not applicable,,,,,,,लागू नहीं,लागू कोनी,,Antigravity,09/21/2026 12:22:37
Q_F_04_00,Survey,QRNonUseReason,"QuestionPrompt, SectionF, Order:211",Enum,"If no, reason for not using QR code / mobile banking",Section F Q4,Reason for no QR,211,"If no, reason for not using QR code / mobile banking",,"QRN_NO_PHONE , QRN_FEW_CUSTOMERS , QRN_DONT_KNOW , QRN_NOT_APPLICABLE",,,,,"यदि नहीं, तो क्यूआर कोड/मोबाइल बैंकिंग का उपयोग न करने का कारण","अगर ना, तो ऑनलाइन काम नीं लेवण रो कारण?",,Antigravity,09/21/2026 12:22:37
SOC_WHATSAPP,AppVariables,SocialPlatform,Option,Enum,Whatsapp,,Platform Option,,Whatsapp,,,,,,,व्हाट्सएप,व्हाट्सएप,,Antigravity,09/21/2026 12:22:37
SOC_INSTA,AppVariables,SocialPlatform,Option,Enum,Instagram,,Platform Option,,Instagram,,,,,,,इंस्टाग्राम,इंस्टाग्राम,,Antigravity,09/21/2026 12:22:37
SOC_PINTEREST,AppVariables,SocialPlatform,Option,Enum,Pinterest,,Platform Option,,Pinterest,,,,,,,पिंटरेस्ट,पिंटरेस्ट,,Antigravity,09/21/2026 12:22:37
SOC_FB,AppVariables,SocialPlatform,Option,Enum,Facebook,,Platform Option,,Facebook,,,,,,,फेसबुक,फेसबुक,,Antigravity,09/21/2026 12:22:37
SOC_SNAP,AppVariables,SocialPlatform,Option,Enum,Snapchat,,Platform Option,,Snapchat,,,,,,,स्नैपचैट,स्नैपचैट,,Antigravity,09/21/2026 12:22:37
SOC_NONE,AppVariables,SocialPlatform,Option,Enum,Don’t use social media,,Platform Option,,Don’t use social media,,,,,,,सोशल मीडिया का उपयोग नहीं करतीं,सोशल मीडिया कोनी चलावां,,Antigravity,09/21/2026 12:22:37
Q_F_05_00,Survey,SocialPlatformsUsed,"QuestionPrompt, SectionF, Order:212",EnumList,Which social media platforms do you use for your business? (Multiselect),Section F Q5,Platforms used,212,Which social media platforms do you use for your business? (Multiselect),,"SOC_WHATSAPP , SOC_INSTA , SOC_PINTEREST , SOC_FB , SOC_SNAP , SOC_NONE",,,,,आप अपने व्यवसाय के लिए कौन-से सोशल मीडिया प्लेटफॉर्म का उपयोग करती हैं?,धंधे सारु कौन-सा सोशल मीडिया चलावो छो?,,Antigravity,09/21/2026 12:22:37
USOC_TEXTS,AppVariables,SocialUsageMode,Option,Enum,Use texts to ask/share prices and book orders,,Usage Option,,Use texts to ask/share prices and book orders,,,,,,,कीमत पूछने/साझा करने और ऑर्डर बुक करने के लिए मैसेजिंग,मैसेज सूं भाव बतावण और आर्डर लेवण,,Antigravity,09/21/2026 12:22:37
USOC_IMAGES_PROMO,AppVariables,SocialUsageMode,Option,Enum,Share images to promote business,,Usage Option,,Share images to promote business,,,,,,,व्यवसाय प्रचार के लिए उत्पादों के फोटो साझा करना,धंधे रो प्रचार सारु फोटो भेजण,,Antigravity,09/21/2026 12:22:37
USOC_IMAGES_VENDOR,AppVariables,SocialUsageMode,Option,Enum,Share images to enquire about availability of products to vendors,,Usage Option,,Share images to enquire about availability of products to vendors,,,,,,,सप्लायर से माल की उपलब्धता पूछने हेतु फोटो भेजना,सप्लायर नें फोटो भेज र माल पूछण,,Antigravity,09/21/2026 12:22:37
USOC_IDEAS,AppVariables,SocialUsageMode,Option,Enum,Get new ideas and information about new products/services,,Usage Option,,Get new ideas and information about new products/services,,,,,,,नए उत्पादों/सेवाओं के नए विचार व डिजाइन देखना,नवा डिजाइन और माल री जानकारी लेवण,,Antigravity,09/21/2026 12:22:37
USOC_NONE,AppVariables,SocialUsageMode,Option,Enum,Don’t use social media,,Usage Option,,Don’t use social media,,,,,,,सोशल मीडिया का उपयोग नहीं करतीं,सोशल मीडिया कोनी काम लेवां,,Antigravity,09/21/2026 12:22:37
Q_F_06_00,Survey,SocialPlatformUsageMode,"QuestionPrompt, SectionF, Order:213",EnumList,How do you use these platforms in your business? (Multiselect),Section F Q6,Platform usage mode,213,How do you use these platforms in your business? (Multiselect),,"USOC_TEXTS , USOC_IMAGES_PROMO , USOC_IMAGES_VENDOR , USOC_IDEAS , USOC_NONE",,,,,आप अपने व्यवसाय में इन प्लेटफॉर्म्स का उपयोग कैसे करती हैं?,धंधे में सोशल मीडिया किकण काम आवै छै?,,Antigravity,09/21/2026 12:22:37
FRQ_DAILY,AppVariables,SocialFrequency,Option,Enum,Daily,,Freq Option,,Daily,,,,,,,प्रतिदिन,रोज,,Antigravity,09/21/2026 12:22:37
FRQ_2_3_WEEK,AppVariables,SocialFrequency,Option,Enum,Twice or thrice a week,,Freq Option,,Twice or thrice a week,,,,,,,सप्ताह में 2-3 बार,हफ्ते में 2-3 बार,,Antigravity,09/21/2026 12:22:37
FRQ_4_5_MONTH,AppVariables,SocialFrequency,Option,Enum,Four-five times a month,,Freq Option,,Four-five times a month,,,,,,,महीने में 4-5 बार,महिना में 4-5 बार,,Antigravity,09/21/2026 12:22:37
FRQ_OCCASIONS,AppVariables,SocialFrequency,Option,Enum,Only on occasions,,Freq Option,,Only on occasions,,,,,,,केवल विशेष अवसरों / त्योहारों पर,कदे-कदाई त्योहार पर,,Antigravity,09/21/2026 12:22:37
FRQ_NONE,AppVariables,SocialFrequency,Option,Enum,Don’t use social media,,Freq Option,,Don’t use social media,,,,,,,सोशल मीडिया का उपयोग नहीं करतीं,काम कोनी लेवां,,Antigravity,09/21/2026 12:22:37
Q_F_07_00,Survey,SocialMediaFrequency,"QuestionPrompt, SectionF, Order:214",Enum,How often do you use social media for your business?,Section F Q7,Frequency of social media,214,How often do you use social media for your business?,,"FRQ_DAILY , FRQ_2_3_WEEK , FRQ_4_5_MONTH , FRQ_OCCASIONS , FRQ_NONE",,,,,आप व्यवसाय के लिए सोशल मीडिया का उपयोग कितनी बार करती हैं?,धंधे सारु सोशल मीडिया कित्ती बार काम लेवो छो?,,Antigravity,09/21/2026 12:22:37
Q_G_01_00,Survey,AttendedTraining,"QuestionPrompt, SectionG, Order:215",Number,Q1. Have you attended any training under SVEP/OSF?,Q1. Have you attended any training under SVEP/OSF?,Intervention year,215,Q1. Have you attended any training under SVEP/OSF?,,,,,,,Q1. क्या आपने SVEP/OSF के तहत कोई प्रशिक्षण लिया है?,Q1. का थे कोई ट्रेनिंग ली है?,,Antigravity,09/26/2026 08:00:00
BOS_SALE_REDUCED,AppVariables,BusinessOperationalStatus,Option,Enum,Yes but the sale has reduced,,Status Option,,Yes but the sale has reduced,,,,,,,"हाँ, लेकिन बिक्री कम हो गई है","हाँ, पण बिक्री घटगी",,Antigravity,09/21/2026 12:22:37
BOS_SCALE_INCREASED,AppVariables,BusinessOperationalStatus,Option,Enum,Yes but the scale has increased,,Status Option,,Yes but the scale has increased,,,,,,,"हाँ, और व्यवसाय का दायरा/बिक्री बढ़ी है","हाँ, और काम बढ़ग्यो",,Antigravity,09/21/2026 12:22:37
BOS_SCALE_SAME,AppVariables,BusinessOperationalStatus,Option,Enum,"Yes, but the scale has remained the same",,Status Option,,"Yes, but the scale has remained the same",,,,,,,"हाँ, लेकिन दायरा पहले जैसा ही रहा है","हाँ, पण काम पैली जेड़ो ही छै",,Antigravity,09/21/2026 12:22:37
BOS_CLOSED,AppVariables,BusinessOperationalStatus,Option,Enum,"No, enterprise closed",,Status Option,,"No, enterprise closed",,,,,,,"नहीं, व्यवसाय बंद हो गया है","ना, काम-धंधो बंद होग्यो",,Antigravity,09/21/2026 12:22:37
Q_G_02_00,Survey,TrainingDetails,"QuestionPrompt, SectionG, Order:216",Enum,"Q2. If Yes, specify__________","Q2. If Yes, specify__________",Current operational status,216,"Q2. If Yes, specify__________",,"BOS_SALE_REDUCED , BOS_SCALE_INCREASED , BOS_SCALE_SAME , BOS_CLOSED",,,,,"Q2. यदि हाँ, तो प्रशिक्षण का विवरण दें",Q2. ट्रेनिंग रो ब्योरो देवो,,Antigravity,09/26/2026 08:00:00
Q_G_02_01,Survey,BusinessClosureYear,"QuestionPrompt, SectionG, Order:217",Number,"If closed, specify year when it was closed",Section G Q2.1,Closure year,217,"If closed, specify year when it was closed",,,,,,,"यदि बंद हुआ, तो किस वर्ष में बंद हुआ?","अगर बंद हुयो, तो किस साल बंद हुयो?",,Antigravity,09/21/2026 12:22:37
CLR_NO_GUIDE,AppVariables,ClosingReason,Option,Enum,Sales reduced over the years as there was no one guiding us,,Reason Option,,Sales reduced over the years as there was no one guiding us,,,,,,,मार्गदर्शन न मिलने से बिक्री कम होती गई,कोई समझावण वाळो कोनी हो जिणसूं बिक्री घटगी,,Antigravity,09/21/2026 12:22:37
CLR_NO_CAPITAL,AppVariables,ClosingReason,Option,Enum,Needed more capital to source material but there was no source of loan,,Reason Option,,Needed more capital to source material but there was no source of loan,,,,,,,माल लाने के लिए पूंजी चाहिए थी लेकिन कोई ऋण नहीं मिला,माल लावण सारु पूंजी कोनी मिली,,Antigravity,09/21/2026 12:22:37
CLR_BANK_REFUSED,AppVariables,ClosingReason,Option,Enum,Banks refused to give us loan,,Reason Option,,Banks refused to give us loan,,,,,,,बैंकों ने ऋण देने से मना कर दिया,बैंक लोन देबा सूं मना कर दियो,,Antigravity,09/21/2026 12:22:37
CLR_NO_NEW_CUSTOMERS,AppVariables,ClosingReason,Option,Enum,Unable to reach new customers,,Reason Option,,Unable to reach new customers,,,,,,,नए ग्राहकों तक पहुँचने में असमर्थ रहे,नवा गिराहक कोनी मिल्या,,Antigravity,09/21/2026 12:22:37
CLR_COMPETITORS,AppVariables,ClosingReason,Option,Enum,New competitors in the market offering discounts,,Reason Option,,New competitors in the market offering discounts,,,,,,,बाजार में नए प्रतिस्पर्धियों ने छूट देकर ग्राहक तोड़ लिए,नवा दुकानदार छूट दे र गिराहक तोड़ लिया,,Antigravity,09/21/2026 12:22:37
CLR_OTHER,AppVariables,ClosingReason,Option,Enum,"Any other, specify",,Reason Option,,"Any other, specify",,,,,,,"अन्य कोई कारण, विवरण दें",दूजो कोई कारण,,Antigravity,09/21/2026 12:22:37
CLR_DONT_KNOW,AppVariables,ClosingReason,Option,Enum,Don’t know,,Reason Option,,Don’t know,,,,,,,पता नहीं,ठा कोनी,,Antigravity,09/21/2026 12:22:37
Q_G_03_00,Survey,UsedTrainingComponent,"QuestionPrompt, SectionG, Order:218",EnumList,Q3. Did you use any training component in your enterprise?,Q3. Did you use any training component in your enterprise?,Scale down / close reasons,218,Q3. Did you use any training component in your enterprise?,,"CLR_NO_GUIDE , CLR_NO_CAPITAL , CLR_BANK_REFUSED , CLR_NO_NEW_CUSTOMERS , CLR_COMPETITORS , CLR_OTHER , CLR_DONT_KNOW",,,,,Q3. क्या आपने प्रशिक्षण के किसी घटक का उपयोग उद्यम में किया?,Q3. का ट्रेनिंग रो फायदो धंधे में लियो?,,Antigravity,09/26/2026 08:00:00
Q_G_03_01,Survey,ScalingDownOtherReason,"QuestionPrompt, SectionG, Order:219",Text,Specify other closing reason,Section G Q3.1,Other close reason remark,219,Specify other closing reason,,,,,,,अन्य कारण का विवरण दें,दूजे कारण रो ब्योरो लिखो,,Antigravity,09/21/2026 12:22:37
SUP_CONT_LOAN,AppVariables,SupportNeeded,Option,Enum,Continued access to OSF loan,,Support Option,,Continued access to OSF loan,,,,,,,OSF ऋण की निरंतर उपलब्धता,OSF रो लोन चालतो रैहतो,,Antigravity,09/21/2026 12:22:37
SUP_CONT_CRP,AppVariables,SupportNeeded,Option,Enum,Continued support by OSF CRPs,,Support Option,,Continued support by OSF CRPs,,,,,,,OSF सीआरपी का निरंतर सहयोग,सीआरपी दीदी रो साथ रैहतो,,Antigravity,09/21/2026 12:22:37
SUP_OTHER,AppVariables,SupportNeeded,Option,Enum,"Any other, specify",,Support Option,,"Any other, specify",,,,,,,"अन्य कोई, विवरण दें",दूजी कोई सहायता,,Antigravity,09/21/2026 12:22:37
Q_G_04_00,Survey,UsedTrainingDetails,"QuestionPrompt, SectionG, Order:220",Enum,"Q4. If Yes, specify__________","Q4. If Yes, specify__________",Support needed,220,"Q4. If Yes, specify__________",,"SUPP_HUSBAND_ENCOURAGE , SUPP_HUSBAND_FINANCE , SUPP_FAMILY_CHORES , SUPP_NEUTRAL_NO_INTERFERENCE , SUPP_INITIAL_OPPOSITION , SUPP_NO_SUPPORT_OPPOSED",,,,,"Q4. यदि हाँ, तो उपयोग का विवरण दें",Q4. उपयोग रो ब्योरो देवो,,Antigravity,09/26/2026 08:00:00
Q_G_04_01,Survey,SupportNeededOther,"QuestionPrompt, SectionG, Order:221",Text,Specify other support needed,Section G Q4.1,Other support remark,221,Specify other support needed,,,,,,,अन्य आवश्यक सहायता का विवरण दें,दूजी मदद रो ब्योरो लिखो,,Antigravity,09/21/2026 12:22:37
SEC_A_HEADER,Survey,SEC_A_HEADER,"Header,Page_Header",Show,Section A: Basic Details,,,,,,,,,,,खंड क: बुनियादी विवरण,खंड क: बुनियादी विवरण,,Antigravity,09/21/2026 13:23:39
SEC_B_HEADER,Survey,SEC_B_HEADER,"Header,Page_Header",Show,Section B: Respondent & Household Profile,,,,,,,,,,,खंड ख: उत्तरदाता एवं परिवार प्रोफ़ाइल,खंड ख: उत्तरदाता अर परिवार प्रोफ़ाइल,,Antigravity,09/21/2026 13:23:39
SEC_C_HEADER,Survey,SEC_C_HEADER,"Header,Page_Header",Show,Section C: Enterprise Operations,,,,,,,,,,,खंड ग: उद्यम संचालन एवं वित्तीय विवरण,खंड ग: उद्यम संचालन अर वित्तीय विवरण,,Antigravity,09/21/2026 13:23:39
SEC_D_HEADER,Survey,SEC_D_HEADER,"Header,Page_Header",Show,Section D: Ease of Doing Business & Challenges,,,,,,,,,,,खंड घ: व्यवसाय सुगमता एवं चुनौतियाँ,खंड घ: व्यवसाय सुगमता अर चुनौतियाँ,,Antigravity,09/21/2026 13:23:39
SEC_E_HEADER,Survey,SEC_E_HEADER,"Header,Page_Header",Show,Section E: Impact of SVEP / OSF Schemes,,,,,,,,,,,खंड ङ: योजनाओं (SVEP/OSF) का प्रभाव,खंड ङ: योजनावां रो प्रभाव,,Antigravity,09/21/2026 13:23:39
SEC_F_HEADER,Survey,SEC_F_HEADER,"Header,Page_Header",Show,Section F: Online Transactions & Digital Media,,,,,,,,,,,खंड च: डिजिटल लेन-देन एवं प्रचार,खंड च: डिजिटल लेन-देन अर प्रचार,,Antigravity,09/21/2026 13:23:39
SEC_G_HEADER,Survey,SEC_G_HEADER,"Header,Page_Header",Show,Section G: Post-Exit OSF in Baran & Ratangarh,,,,,,,,,,,खंड छ: एग्जिट पश्चात स्थिति (बारां व रतनगढ़),खंड छ: एग्जिट पछै री स्थिति (बारां अर रतनगढ़),,Antigravity,09/21/2026 13:23:39
Q_C_06_00,Survey,Related_Q6_Labor,"QuestionPrompt, SectionC, Matrix",InlineTable,Q6. Involvement of family members and hired help in business operations,Q6. Involvement of family members and hired help in business operations,Subtable Header,6,Q6. Involvement of family members and hired help in business operations,,,,,,,Q6. व्यवसाय में परिवार के सदस्यों और hired help की भागीदारी,Q6. काम-धंधे में घर रा जणां अर मजूरां री भागीदारी,users,Antigravity,09/26/2026 08:00:00
Q_C_15_00,Survey,Related_Q15_Turnover,"QuestionPrompt, SectionC, Matrix",InlineTable,Q15. Turnover and income from the enterprise,Section C Q15 Turnover & Income Subtable Header,Subtable Header,15,Q15. Turnover and income from the enterprise,,,,,,,Q15. उद्यम से टर्नओवर और आय,Q15. काम-धंधे सूं बिक्री और कमाई,trending-up,OmmNoMi AppsScript,09/23/2026 14:41:06
Q_C_19_00,Survey,Related_Q19_Capital,"QuestionPrompt, SectionC, Matrix",InlineTable,Q19. Capital arranged over the enterprise duration,Section C Q19 Capital Sources Subtable Header,Subtable Header,19,Q19. Capital arranged over the enterprise duration,,,,,,,Q19. उद्यम अवधि के दौरान पूंजी की व्यवस्था,Q19. काम-धंधे सारु पूंजी रो इंतज़ाम,dollar-sign,OmmNoMi AppsScript,09/23/2026 14:41:06
Q_C_20_00,Survey,Related_Q20_Loan_Usage,"QuestionPrompt, SectionC, Matrix",InlineTable,Q20. Utilization of loans taken from different sources,Section C Q20 Loan Usage Subtable Header,Subtable Header,20,Q20. Utilization of loans taken from different sources,,,,,,,Q20. विभिन्न स्रोतों से लिए गए ऋण का उपयोग,Q20. अलग-अलग साधनां सूं लिया गया लोन रो उपयोग,credit-card,OmmNoMi AppsScript,09/23/2026 14:41:06
Q_C_22_00,Survey,Related_Q22_Trajectory,"QuestionPrompt, SectionC, Matrix",InlineTable,Q22. Changes in the business over time,Section C Q22 Business Trajectory Subtable Header,Subtable Header,22,Q22. Changes in the business over time,,,,,,,Q22. व्यवसाय में आए बदलाव,Q22. काम-धंधे में आया बदलाव,activity,OmmNoMi AppsScript,09/23/2026 14:41:06
SEC_C_TBL_LABOR,Survey,Related_Survey_Labor,Table_Header,Label,Q6. Involvement of family members and hired help in business operations,,,,,,,,,,,Q6. व्यवसाय संचालन में परिवार के सदस्यों एवं hired श्रमिकों की भागीदारी,Q6. काम-धंधा में घर रा जणां अर मजूरां री भागीदारी,,,
SEC_C_TBL_TURNOVER,Survey,Related_Survey_Turnover,Table_Header,Label,Q15. Turnover and income from the enterprise,,,,,,,,,,,Q15. उद्यम से बिक्री (टर्नओवर) एवं शुद्ध आय/मुनाफा,Q15. धंधे सूं बिक्री (टर्नओवर) अर महिना री कमाई,,,
SEC_C_TBL_CAPITAL_LOANS,Survey,Related_Survey_Capital_Loans,Table_Header,Label,Q17-18. Capital arranged & Loan usage across enterprise duration,,,,,,,,,,,Q17-18. उद्यम अवधि में पूंजी की व्यवस्था एवं ऋणों का व्यावसायिक उपयोग,Q17-18. काम-धंधा में पूंजी री व्यवस्था अर लोन रो उपयोग,,,
SEC_C_TBL_BUSINESS_CHANGES,Survey,Related_Survey_Business_Changes,Table_Header,Label,Q20. What changes have happened in your business?,,,,,,,,,,,Q20. आपके व्यवसाय में क्या-क्या परिवर्तन एवं प्रगति हुई है?,Q20. थारे काम-धंधे में कांई-कांई बदलाव अर तरक्की आई छै?,,,
COL_LABOR_ACTIVITY,Survey_Labor,Activity,,Text,Business Activity,,,,,,"ROW_LABOR_PURCHASE , ROW_LABOR_PROD , ROW_LABOR_SERV , ROW_LABOR_MKTG , ROW_LABOR_SALE , ROW_LABOR_RECORD , ROW_LABOR_OTHER",,,,,व्यावसायिक गतिविधि,काम-धंधा री गतिविधि,,,
COL_LABOR_INVOLVEMENT,Survey_Labor,Involvement_Type,,Enum,Involvement of family members,,,,,,"Regular , Occasional , Only respondent , Not relevant",,,,,परिवार के सदस्यों की भागीदारी,घर रा जणां री भागीदारी,,,
COL_LABOR_FAM_COUNT,Survey_Labor,Family_Members_Count,,Number,Family members involved (#),,,,,,,,,,,शामिल परिवार के सदस्य (संख्या),घर रा कित्ता जणा शामिल छै (#),,,
COL_LABOR_HIRED_COUNT,Survey_Labor,Hired_Help_Count,,Number,Hired help (#),,,,,,,,,,,रखे गए hired श्रमिक (संख्या),भाड़े रा कित्ता मजदूर राखिया (#),,,
COL_LABOR_AMOUNT_PAID,Survey_Labor,Amount_Paid_Last_Year,,Enum,Amount paid in last one year,,,,,,"Not relevant , Upto Rs 5000 , Rs 6000 to Rs 10000 , Rs 11000 to Rs 30000 , Rs 31000 to Rs 50000 , Rs 51000 to Rs 70000 , Rs 71000 to Rs 90000 , Rs 91000 to Rs 110000 , Rs 111000 to Rs 130000 , Rs 131000 to Rs 150000 , Above Rs 150000",,,,,पिछले एक वर्ष में दिया गया भुगतान,पाछले एक साल में कित्ता पीसा दिया,,,
COL_TURN_SEASON,Survey_Turnover,Season,,Enum,Season,,,,,,"ROW_TURN_PEAK , ROW_TURN_AVG , ROW_TURN_LEAN",,,,,सीजन का प्रकार,सीजन रो प्रकार,,,
COL_TURN_DURATION,Survey_Turnover,Duration_Months,,Number,Duration in months (count),,,,,,,,,,,सीजन की अवधि (महीनों में),सीजन कित्ता महीना चाले (संख्या),,,
COL_TURN_SALES,Survey_Turnover,Monthly_Sales,,Price,Monthly sales (Rs),,,,,,,,,,,औसत मासिक बिक्री (रु),महिना री बिक्री (रु),,,
COL_TURN_PROFIT,Survey_Turnover,Monthly_Net_Profit,,Price,Monthly net profit [Rs],,,,,,,,,,,मासिक शुद्ध आय / मुनाफा [रु],महिना रो शुद्ध नफो [रु],,,
COL_CAP_SOURCE,Survey_Capital_Arrangement,Source,,Text,Capital Source,,,,,,"ROW_CAP_SAVINGS , ROW_CAP_FAMILY , ROW_CAP_PROFIT , ROW_CAP_MORTG_GOLD , ROW_CAP_SOLD_GOLD , ROW_CAP_FAM_LOAN , ROW_CAP_MONEYLENDER , ROW_CAP_SHG_LOAN , ROW_CAP_OSF_LOAN , ROW_CAP_OSF_SUBSIDY , ROW_CAP_PRIV_SAVING , ROW_CAP_NBFC , ROW_CAP_MUDRA , ROW_CAP_BANK , ROW_CAP_OTHER",,,,,पूंजी का स्रोत,पूंजी रो साधन,,,
COL_CAP_YR1,Survey_Capital_Arrangement,Amount_First_Year,,Price,First year amount (Rs),,,,,,,,,,,पहले वर्ष की राशि (रु),पैले साल कित्ता पीसा लिया (रु),,,
COL_CAP_MID,Survey_Capital_Arrangement,Amount_In_Between_Years,,Price,Years in-between amount (Rs),,,,,,,,,,,बीच के वर्षों की राशि (रु),बिचला सालां में कित्ता पीसा लिया (रु),,,
COL_CAP_CUR,Survey_Capital_Arrangement,Amount_Current_Year_2026_27,,Price,Current year (2026-27) [Rs],,,,,,,,,,,वर्तमान वर्ष (2026-27) की राशि [रु],इबके साल (2026-27) कित्ता पीसा लिया [रु],,,
COL_CAP_PEN,Survey_Capital_Arrangement,Amount_Pending,,Price,Amount pending (Rs),,,,,,,,,,,बकाया राशि (रु),बाकी कित्ता पीसा देणा छै (रु),,,
COL_CAP_USAGE,Survey_Capital_Loans,Loan_Usage_Purpose,,Enum,How did you use the loan in business?,,,,,,"Seed capital to buy material and set up shop , Buy new machine to increase capacity , Buy assets to store/sell (e.g. fridge) , Get additional space to expand , Buy more material to increase product range , Buy more inputs to increase production scale , Buy vehicle to access new market , Access better transport services , Buy mobile phone to promote/sell online , Any other , Not used the source",,,,,ऋण का व्यवसाय में क्या उपयोग किया?,लोन रा पीसा काम-धंधा में किकण काम में लिया?,,,
COL_CHG_HEADING,Survey_Business_Changes,Indicator_Heading,,Text,Performance Indicator,,,,,,"ROW_TRAJ_SALES , ROW_TRAJ_INCOME , ROW_TRAJ_STOCK , ROW_TRAJ_INPUTS , ROW_TRAJ_FINISHED , ROW_TRAJ_ASSETS",,,,,व्यावसायिक संकेतक,धंधे रो संकेतक,,,
COL_CHG_YR1,Survey_Business_Changes,First_Year_Value,,Text,First year (Don’t remember / Rs),,,,,,,,,,,पहला वर्ष (याद नहीं / रु),पैले साल (याद कोनी / रु),,,
COL_CHG_CUR,Survey_Business_Changes,Current_Year_Value,,Price,Current year (Rs),,,,,,,,,,,वर्तमान वर्ष (रु),इबके साल (रु),,,
SEC_C_TBL_CAP_ARRANGE,Survey,Related_Survey_Capital_Arrangement,Table_Header,Label,Q17. How have you arranged capital over enterprise duration?,,,,,,,,,,,Q17. उद्यम अवधि में पूंजी की व्यवस्था कैसे की?,Q17. काम-धंधा में पूंजी री व्यवस्था किकण करी?,,,
SEC_C_TBL_LOAN_USE,Survey,Related_Survey_Loan_Usage,Table_Header,Label,Q18. How did you use loans taken from different sources?,,,,,,,,,,,Q18. विभिन्न स्रोतों से लिए गए ऋणों का क्या उपयोग किया?,Q18. अलग-अलग साधनों सूं लिया लोन रो कांई उपयोग कियो?,,,
COL_LOAN_SOURCE,Survey_Loan_Usage,Source,,Text,Loan Source,,,,,,"ROW_CAP_SAVINGS , ROW_CAP_FAMILY , ROW_CAP_PROFIT , ROW_CAP_MORTG_GOLD , ROW_CAP_SOLD_GOLD , ROW_CAP_FAM_LOAN , ROW_CAP_MONEYLENDER , ROW_CAP_SHG_LOAN , ROW_CAP_OSF_LOAN , ROW_CAP_OSF_SUBSIDY , ROW_CAP_PRIV_SAVING , ROW_CAP_NBFC , ROW_CAP_MUDRA , ROW_CAP_BANK , ROW_CAP_OTHER",,,,,ऋण का स्रोत,कर्ज रो साधन,,,
COL_LOAN_USAGE,Survey_Loan_Usage,Loan_Usage_Purpose,,Enum,Loan usage in business,,,,,,"USE_SEED_CAPITAL , USE_NEW_MACHINE , USE_ASSETS_STORE , USE_EXPAND_SPACE , USE_RANGE_VARIETY , USE_SCALE_VOLUME , USE_VEHICLE , USE_TRANSPORT , USE_SMARTPHONE , USE_OTHER , USE_NOT_USED",,,,,ऋण का व्यवसाय में क्या उपयोग किया?,लोन रो कांई उपयोग कियो?,,,
Q_A_20_00,Survey,RegistrationsDocuments,"QuestionPrompt, Section A: Profile",EnumList,Do you have the following registrations / documents?,,,,,,"Udyam Aadhar , GST Registration , FSSAI License , Trade License , PAN in enterprise name , Current Bank Account , None , Other",,,,,क्या आपके उद्यम के पास निम्नलिखित पंजीकरण / दस्तावेज हैं?,कांई थारे काम-धंधा रा ये कागजात / रजिस्ट्रेशन बण्या छै?,,,
Q_A_20_01,Survey,RegistrationsDocumentsOther,"QuestionPrompt, Section A: Profile",Text,Specify other enterprise registration / document,,,,,,,,,,,अन्य पंजीकरण / दस्तावेज का विवरण दें,दूजा कागजात / रजिस्ट्रेशन रो नांव बताओ,,,
Q_D_06_SameScale,Survey,Competitors_Same_Scale,"QuestionPrompt, Section D: Competitors",Number,How many people in your village / town have business at same scale?,,,,,,,,,,,आपके गांव / कस्बे में लगभग कितने लोगों का व्यवसाय आपके समान स्तर का है?,थारे गांव / कस्बा में कित्ता लोगां रो धंधो थारे बराबर रो छै?,,,
Q_D_06_SmallerScale,Survey,Competitors_Smaller_Scale,"QuestionPrompt, Section D: Competitors",Number,How many people have business at smaller scale?,,,,,,,,,,,आपके गांव / कस्बे में लगभग कितने लोगों का व्यवसाय आपसे छोटे स्तर का है?,थारे गांव / कस्बा में कित्ता लोगां रो धंधो थारे सूं छोटा स्तर रो छै?,,,
Q_D_06_HigherScale,Survey,Competitors_Higher_Scale,"QuestionPrompt, Section D: Competitors",Number,How many people have business at higher / larger scale?,,,,,,,,,,,आपके गांव / कस्बे में लगभग कितने लोगों का व्यवसाय आपसे बड़े स्तर का है?,थारे गांव / कस्बा में कित्ता लोगां रो धंधो थारे सूं मोटा स्तर रो छै?,,,
Q_D_07_00,Survey,CompetitorAdvantages,"QuestionPrompt, Section D: Competitors",EnumList,What advantage do you have over your competitors?,,,,,,"Larger capital / investment , Better machinery / technology , Better location / shop , Cheaper raw material source , More family labor , Stronger marketing / customer connections , Older / established business , Other",,,,,आपके प्रतिस्पर्धियों की तुलना में आपकी क्या विशेष बढ़त या लाभ है?,दूजा धंधे वाळां सूं थारे काम में कांई फायदा या खास बात छै?,,,
Q_D_07_01,Survey,CompetitorAdvantagesOther,"QuestionPrompt, Section D: Competitors",Text,Specify other advantage over competitors,,,,,,,,,,,प्रतिस्पर्धियों पर अन्य लाभ का विवरण दें,दूजां सूं खास बढ़त री दूजी बात बताओ,,,
Q_D_08_00,Survey,FutureExpansionPlans,"QuestionPrompt, SectionD, Order:197",Enum,Do you have plans to expand your business?,Future expansion inclination,Survey Question,,Do you have plans to expand your business?,,"OPT_YES , OPT_NO",,,,,क्या आपकी भविष्य में व्यवसाय विस्तार की योजना है?,कांई थारी आगै काम-धंधो बढ़ावण री कोई योजना छै?,,DevHardi,"9/24/2026, 7:45:00 PM"
Q_D_08_01,Survey,FutureBusinessPlansOther,"QuestionPrompt, Section D: Growth Plans",Text,Specify other future business plan,,,,,,,,,,,अन्य भावी योजना का विवरण दें,धंधो बढ़ाबा री दूजी योजना रो ब्यौरो द्यो,,,
Q_D_09_00,Survey,AspirationConstraints,"QuestionPrompt, Section D: Challenges",EnumList,What is holding you back from achieving business aspirations?,,,,,,"Lack of capital / finance , Difficulty in getting bank loans , Raw material price rise / unavailability , Market competition / low demand , Lack of skilled labor , Lack of family support , Transportation issues , High electricity / utility costs , Other",,,,,अपनी व्यावसायिक आकांक्षाओं को पूरा करने में क्या बाधाएं आ रही हैं?,धंधो मन-मुताबिक बढ़ाबा में कांई-कांई अड़चणां आ री छै?,,,
Q_D_09_01,Survey,AspirationConstraintsOther,"QuestionPrompt, Section D: Challenges",Text,Specify other aspiration constraint,,,,,,,,,,,अन्य बाधा का विवरण दें,दूजी अड़चण रो ब्यौरो द्यो,,,
DIST_JAIPUR,AppVariables,District,"Option, Geography, Admin",Enum,Jaipur (HQ),State Headquarter,District Option,,Jaipur (HQ),,,,,,,जयपुर (मुख्यालय),जयपुर (मुख्यालय),,Antigravity,09/21/2026 13:23:39
Q_ST_ROW_ITEM,Survey_Tables,Row_Item,"QuestionPrompt, Survey_Tables",Enum,Activity / Category / Source,,Row Item Selector,,Activity / Category / Source,,,,,,,गतिविधि / श्रेणी / स्रोत,काम / श्रेणी / साधन,list,Antigravity,09/23/2026 15:00:00
Q_ST_ROW_ITEM_OTHER,Survey_Tables,Row_Item_Other,"QuestionPrompt, Survey_Tables",Text,Specify Other,,Other Specification,,Specify Other,,,,,,,अन्य विवरण दें,दूजा काम री विगत,edit,Antigravity,09/23/2026 15:00:00
Q_ST_LABOR_INV,Survey_Tables,Labor_Involvement,"QuestionPrompt, Survey_Tables",Enum,Involvement in this work,,Labor Involvement,,Involvement in this work,,,,,,,इस कार्य में भागीदारी,इण काम में भागीदारी,users,Antigravity,09/23/2026 15:00:00
Q_ST_LABOR_FAM,Survey_Tables,Labor_Family_Count,"QuestionPrompt, Survey_Tables",Number,Number of family members involved,,Family Member Count,,Number of family members involved,,,,,,,परिवार के सदस्यों की संख्या,घर रा जणां री संख्या,user-check,Antigravity,09/23/2026 15:00:00
Q_ST_LABOR_HIRED,Survey_Tables,Labor_Hired_Count,"QuestionPrompt, Survey_Tables",Number,Number of hired workers,,Hired Worker Count,,Number of hired workers,,,,,,,भाड़े के श्रमिकों की संख्या,मजूरां री संख्या,user-plus,Antigravity,09/23/2026 15:00:00
Q_ST_LABOR_AMT,Survey_Tables,Labor_Amount_Paid,"QuestionPrompt, Survey_Tables",Decimal,Total amount paid to hired workers (Rs),,Labor Payment Amount,,Total amount paid to hired workers (Rs),,,,,,,श्रमिकों को भुगतान की गई कुल राशि (रु),मजूरां नै दिया गया कुल पीसा (रु),dollar-sign,Antigravity,09/23/2026 15:00:00
Q_ST_TURNOVER_MTH,Survey_Tables,Turnover_Duration_Months,"QuestionPrompt, Survey_Tables",Number,Duration of season (in Months),,Season Duration,,Duration of season (in Months),,,,,,,मौसम की अवधि (महीनों में),मौसम रा महीना,calendar,Antigravity,09/23/2026 15:00:00
Q_ST_TURNOVER_SALES,Survey_Tables,Turnover_Monthly_Sales,"QuestionPrompt, Survey_Tables",Decimal,Average monthly sales (Rs),,Monthly Sales,,Average monthly sales (Rs),,,,,,,औसत मासिक बिक्री (रु),महीना री औसत बिक्री (रु),trending-up,Antigravity,09/23/2026 15:00:00
Q_ST_TURNOVER_PROFIT,Survey_Tables,Turnover_Monthly_Profit,"QuestionPrompt, Survey_Tables",Decimal,Average monthly net profit (Rs),,Monthly Profit,,Average monthly net profit (Rs),,,,,,,औसत मासिक शुद्ध लाभ (रु),महीना रो औसत नफो (रु),trending-up,Antigravity,09/23/2026 15:00:00
Q_ST_CAP_YR1,Survey_Tables,Capital_First_Year,"QuestionPrompt, Survey_Tables",Decimal,Capital arranged in 1st Year (Rs),,Capital Year 1,,Capital arranged in 1st Year (Rs),,,,,,,पहले वर्ष में व्यवस्थित पूंजी (रु),पैला साल में लगाई पूंजी (रु),dollar-sign,Antigravity,09/23/2026 15:00:00
Q_ST_CAP_MID,Survey_Tables,Capital_In_Between,"QuestionPrompt, Survey_Tables",Decimal,Capital arranged in between years (Rs),,Capital Mid Years,,Capital arranged in between years (Rs),,,,,,,बीच के वर्षों में व्यवस्थित पूंजी (रु),बीच रा सालां में लगाई पूंजी (रु),dollar-sign,Antigravity,09/23/2026 15:00:00
Q_ST_CAP_CUR,Survey_Tables,Capital_Current_Year,"QuestionPrompt, Survey_Tables",Decimal,Capital arranged in current year (Rs),,Capital Current Year,,Capital arranged in current year (Rs),,,,,,,वर्तमान वर्ष में व्यवस्थित पूंजी (रु),हाल रा साल में लगाई पूंजी (रु),dollar-sign,Antigravity,09/23/2026 15:00:00
Q_ST_CAP_PEN,Survey_Tables,Capital_Pending,"QuestionPrompt, Survey_Tables",Decimal,Pending loan amount (Rs),,Pending Loan Amount,,Pending loan amount (Rs),,,,,,,बकाया ऋण राशि (रु),बाकी रह्यो कर्ज (रु),alert-circle,Antigravity,09/23/2026 15:00:00
Q_ST_LOAN_USE,Survey_Tables,Loan_Usage,"QuestionPrompt, Survey_Tables",Enum,Purpose / utilization of loan,,Loan Utilization,,Purpose / utilization of loan,,,,,,,ऋण का उपयोग / प्रयोजन,लोन रो उपयोग / काम,credit-card,Antigravity,09/23/2026 15:00:00
Q_ST_LOAN_USE_OTHER,Survey_Tables,Loan_Usage_Other,"QuestionPrompt, Survey_Tables",Text,Specify other loan use,,Other Loan Utilization,,Specify other loan use,,,,,,,अन्य ऋण उपयोग का विवरण,दूजा लोन उपयोग री विगत,edit,Antigravity,09/23/2026 15:00:00
Q_ST_TRAJ_YR1_MODE,Survey_Tables,Trajectory_First_Year_Mode,"QuestionPrompt, Survey_Tables",Enum,1st Year condition / status,,Trajectory Condition,,1st Year condition / status,,,,,,,प्रथम वर्ष की स्थिति,पैला साल री स्थिति,activity,Antigravity,09/23/2026 15:00:00
Q_ST_TRAJ_YR1_AMT,Survey_Tables,Trajectory_First_Year_Amount,"QuestionPrompt, Survey_Tables",Decimal,1st Year amount / value (Rs),,Trajectory Year 1 Amount,,1st Year amount / value (Rs),,,,,,,प्रथम वर्ष की राशि (रु),पैला साल रा पीसा (रु),dollar-sign,Antigravity,09/23/2026 15:00:00
Q_ST_TRAJ_CUR_AMT,Survey_Tables,Trajectory_Current_Year_Amount,"QuestionPrompt, Survey_Tables",Decimal,Current Year amount / value (Rs),,Trajectory Current Year Amount,,Current Year amount / value (Rs),,,,,,,वर्तमान वर्ष की राशि (रु),हाल रा साल रा पीसा (रु),dollar-sign,Antigravity,09/23/2026 15:00:00
Q_ST_TABLE_TYPE,Survey_Tables,Table_Type,"QuestionPrompt, Survey_Tables",Enum,Section / Question Type,,Table Type Discriminator,,Section / Question Type,,,,,,,अनुभाग / प्रश्न प्रकार,भाग / सवाल रो प्रकार,layers,Antigravity,09/23/2026 15:10:00
Q_ST_SURVEY_ID,Survey_Tables,Survey_ID,"System, Survey_Tables",Ref,Survey Reference,,Parent Reference,,Survey Reference,,,,,,,सर्वे संदर्भ,सर्वे रो नांव,link,Antigravity,09/23/2026 15:10:00
Q_ST_ID,Survey_Tables,ID,"System, Survey_Tables",Text,Record ID,,Primary Key,,Record ID,,,,,,,रिकॉर्ड आईडी,आईडी,key,Antigravity,09/23/2026 15:10:00
ROW_LABOR_PURCHASE,Survey_Tables,Row_Item_Labor,"Option, Survey_Tables",Enum,Purchase of material,,Q6 Labor Activity,,Purchase of material,,,,,,,सामग्री की खरीद,सामान खरीदण,shopping-cart,Antigravity,09/23/2026 15:15:00
ROW_LABOR_PROD,Survey_Tables,Row_Item_Labor,"Option, Survey_Tables",Enum,Production,,Q6 Labor Activity,,Production,,,,,,,उत्पादन,माल बणावण,package,Antigravity,09/23/2026 15:15:00
ROW_LABOR_SERV,Survey_Tables,Row_Item_Labor,"Option, Survey_Tables",Enum,Servicing,,Q6 Labor Activity,,Servicing,,,,,,,सर्विसिंग / सेवाएं,सर्विसिंग / सेवावां,tool,Antigravity,09/23/2026 15:15:00
ROW_LABOR_MKTG,Survey_Tables,Row_Item_Labor,"Option, Survey_Tables",Enum,Social media marketing,,Q6 Labor Activity,,Social media marketing,,,,,,,सोशल मीडिया मार्केटिंग,सोशल मीडिया प्रचार,share-2,Antigravity,09/23/2026 15:15:00
ROW_LABOR_SALE,Survey_Tables,Row_Item_Labor,"Option, Survey_Tables",Enum,Sale (from shop/door to door/Saras fair/haat),,Q6 Labor Activity,,Sale (from shop/door to door/Saras fair/haat),,,,,,,बिक्री (दुकान/घर-घर/सरस मेला/हाट),बिक्री (दुकान/घर-घर/मेला/हाट),store,Antigravity,09/23/2026 15:15:00
ROW_LABOR_RECORD,Survey_Tables,Row_Item_Labor,"Option, Survey_Tables",Enum,Record keeping,,Q6 Labor Activity,,Record keeping,,,,,,,रिकॉर्ड संधारण,बही-खाता राखण,book-open,Antigravity,09/23/2026 15:15:00
ROW_LABOR_OTHER,Survey_Tables,Row_Item_Labor,"Option, Survey_Tables",Enum,"Any other, specify",,Q6 Labor Activity,,"Any other, specify",,,,,,,"अन्य कोई, विवरण दें","दूजो कोई, विगत देवो",more-horizontal,Antigravity,09/23/2026 15:15:00
ROW_TURN_PEAK,Survey_Tables,Row_Item_Turnover,"Option, Survey_Tables",Enum,Peak season months,,Q15 Turnover Season,,Peak season months,,,,,,,चरम/अधिकतम बिक्री के महीने,सबसूं घणी बिक्री रा महीना,trending-up,Antigravity,09/23/2026 15:15:00
ROW_TURN_AVG,Survey_Tables,Row_Item_Turnover,"Option, Survey_Tables",Enum,Average season months,,Q15 Turnover Season,,Average season months,,,,,,,सामान्य/औसत बिक्री के महीने,साधारण बिक्री रा महीना,bar-chart-2,Antigravity,09/23/2026 15:15:00
ROW_TURN_LEAN,Survey_Tables,Row_Item_Turnover,"Option, Survey_Tables",Enum,Lean season months,,Q15 Turnover Season,,Lean season months,,,,,,,मंदी/कम बिक्री के महीने,मंदी रा महीना,trending-down,Antigravity,09/23/2026 15:15:00
ROW_CAP_SAVINGS,Survey_Tables,Row_Item_Capital,"Option, Survey_Tables",Enum,Own Savings,,Capital Source,,Own Savings,,,,,,,अपनी बचत,खुद री बचत,pocket,Antigravity,09/23/2026 15:15:00
ROW_CAP_FAMILY,Survey_Tables,Row_Item_Capital,"Option, Survey_Tables",Enum,Financed by family member,,Capital Source,,Financed by family member,,,,,,,परिवार के सदस्य द्वारा वित्तपोषित,कुटुंब री मदद,users,Antigravity,09/23/2026 15:15:00
ROW_CAP_PROFIT,Survey_Tables,Row_Item_Capital,"Option, Survey_Tables",Enum,Profit from business,,Capital Source,,Profit from business,,,,,,,व्यवसाय का मुनाफा / पुनर्निवेश,धंधे रो मुनाफा,dollar-sign,Antigravity,09/23/2026 15:15:00
ROW_CAP_MORTG_GOLD,Survey_Tables,Row_Item_Capital,"Option, Survey_Tables",Enum,Mortgaged gold/silver,,Capital Source,,Mortgaged gold/silver,,,,,,,सोना/चांदी गिरवी रखकर,सोनो-चांदी रेण राखकर,shield,Antigravity,09/23/2026 15:15:00
ROW_CAP_SOLD_GOLD,Survey_Tables,Row_Item_Capital,"Option, Survey_Tables",Enum,Sold gold/silver,,Capital Source,,Sold gold/silver,,,,,,,सोना/चांदी बेचकर,सोनो-चांदी बेचकर,award,Antigravity,09/23/2026 15:15:00
ROW_CAP_FAM_LOAN,Survey_Tables,Row_Item_Capital,"Option, Survey_Tables",Enum,Loan from family / relatives,,Capital Source,,Loan from family / relatives,,,,,,,रिश्तेदारों से कर्ज,भाई-बंधुआं सूं लोन,user-check,Antigravity,09/23/2026 15:15:00
ROW_CAP_MONEYLENDER,Survey_Tables,Row_Item_Capital,"Option, Survey_Tables",Enum,Loan from moneylender,,Capital Source,,Loan from moneylender,,,,,,,साहूकार से ऋण,साहूकार सूं लोन,alert-circle,Antigravity,09/23/2026 15:15:00
ROW_CAP_SHG_LOAN,Survey_Tables,Row_Item_Capital,"Option, Survey_Tables",Enum,Loan from SHG,,Capital Source,,Loan from SHG,,,,,,,एसएचजी से ऋण,एसएचजी सूं लोन,heart,Antigravity,09/23/2026 15:15:00
ROW_CAP_OSF_LOAN,Survey_Tables,Row_Item_Capital,"Option, Survey_Tables",Enum,Loan from OSF / SVEP,,Capital Source,,Loan from OSF / SVEP,,,,,,,OSF / SVEP से ऋण,योजना रो लोन,star,Antigravity,09/23/2026 15:15:00
ROW_CAP_OSF_SUBSIDY,Survey_Tables,Row_Item_Capital,"Option, Survey_Tables",Enum,Subsidy/grant under OSF / SVEP,,Capital Source,,Subsidy/grant under OSF / SVEP,,,,,,,OSF / SVEP के तहत सब्सिडी/अनुदान,अनुदान,gift,Antigravity,09/23/2026 15:15:00
ROW_CAP_PRIV_SAVING,Survey_Tables,Row_Item_Capital,"Option, Survey_Tables",Enum,Loan from private saving groups / BC,,Capital Source,,Loan from private saving groups / BC,,,,,,,निजी बचत समूह / बीसी से कर्ज,प्राइवेट लोन,briefcase,Antigravity,09/23/2026 15:15:00
ROW_CAP_NBFC,Survey_Tables,Row_Item_Capital,"Option, Survey_Tables",Enum,Loan from NBFC / MFI,,Capital Source,,Loan from NBFC / MFI,,,,,,,एनबीएफसी / माइक्रोफाइनेंस ऋण,एमएफआई लोन,credit-card,Antigravity,09/23/2026 15:15:00
ROW_CAP_MUDRA,Survey_Tables,Row_Item_Capital,"Option, Survey_Tables",Enum,Mudra loan,,Capital Source,,Mudra loan,,,,,,,पीएम मुद्रा ऋण,मुद्रा लोन,file-text,Antigravity,09/23/2026 15:15:00
ROW_CAP_BANK,Survey_Tables,Row_Item_Capital,"Option, Survey_Tables",Enum,Loan from banks,,Capital Source,,Loan from banks,,,,,,,बैंक ऋण,बैंक लोन,home,Antigravity,09/23/2026 15:15:00
ROW_CAP_OTHER,Survey_Tables,Row_Item_Capital,"Option, Survey_Tables",Enum,"Any other source, specify",,Capital Source,,"Any other source, specify",,,,,,,"अन्य स्रोत, विवरण दें",दूजो साधन,more-horizontal,Antigravity,09/23/2026 15:15:00
ROW_TRAJ_SALES,Survey_Tables,Row_Item_Trajectory,"Option, Survey_Tables",Enum,Average sales / month,,Trajectory Metric,,Average sales / month,,,,,,,औसत बिक्री प्रति माह,महीना री औसत बिक्री,trending-up,Antigravity,09/23/2026 15:15:00
ROW_TRAJ_INCOME,Survey_Tables,Row_Item_Trajectory,"Option, Survey_Tables",Enum,Average monthly income,,Trajectory Metric,,Average monthly income,,,,,,,औसत मासिक आय,महीना री औसत कमाई,dollar-sign,Antigravity,09/23/2026 15:15:00
ROW_TRAJ_STOCK,Survey_Tables,Row_Item_Trajectory,"Option, Survey_Tables",Enum,"In case of trading, value of inventory / stock",,Trajectory Metric,,"In case of trading, value of inventory / stock",,,,,,,व्यापार: स्टॉक/इन्वेंट्री का मूल्य,व्यापार: स्टॉक रो भाव,archive,Antigravity,09/23/2026 15:15:00
ROW_TRAJ_INPUTS,Survey_Tables,Row_Item_Trajectory,"Option, Survey_Tables",Enum,"In case of production, value of stock of inputs",,Trajectory Metric,,"In case of production, value of stock of inputs",,,,,,,उत्पादन: कच्चे माल का स्टॉक मूल्य,उत्पादन: कच्चा माल रो भाव,layers,Antigravity,09/23/2026 15:15:00
ROW_TRAJ_FINISHED,Survey_Tables,Row_Item_Trajectory,"Option, Survey_Tables",Enum,"In case of production, value of finished products",,Trajectory Metric,,"In case of production, value of finished products",,,,,,,उत्पादन: तैयार माल का स्टॉक मूल्य,उत्पादन: त्यार माल रो भाव,check-square,Antigravity,09/23/2026 15:15:00
ROW_TRAJ_ASSETS,Survey_Tables,Row_Item_Trajectory,"Option, Survey_Tables",Enum,"In case of servicing, value of enterprise assets",,Trajectory Metric,,"In case of servicing, value of enterprise assets",,,,,,,सर्विसिंग: उद्यम परिसंपत्तियों/उपकरणों का मूल्य,सर्विसिंग: औजार अर साधन रो भाव,cpu,Antigravity,09/23/2026 15:15:00
Q_A_18_00,Survey,MaintainSeparateRecords,"QuestionPrompt, SectionA, Order:18",Enum,Q19. Do you maintain separate records for all the businesses,Q19. Do you maintain separate records for all the businesses,Survey Question,,Q19. Do you maintain separate records for all the businesses,,"OPT_YES , OPT_NO",,,,,Q19. क्या आप सभी व्यवसायों के लिए अलग-अलग रिकॉर्ड रखती हैं?,Q19. का थे सगळा धंधां रो अलग-अलग खातो रखो हो?,,Antigravity,09/26/2026 08:00:00
Q_A_04_01_PHONE,Survey,RespondentPhone,"QuestionPrompt, SectionA, Order:5",Phone,Q5. Respondent’s phone number,Q5. Respondent’s phone number,Survey Question,,Q5. Respondent’s phone number,,,,,,,Q5. उत्तरदाता का फोन नंबर,Q5. उत्तरदाता रो फोन नंबर,,Antigravity,09/26/2026 08:00:00
Q_C_04_00_MRENT,Survey,MonthlyRent,"QuestionPrompt, SectionC, Order:38",Decimal,"If rented, what is monthly rent? (Rs)",Monthly premise rent in Rupees,Survey Question,,"If rented, what is monthly rent? (Rs)",,,,,,,"यदि किराए पर है, तो मासिक किराया कितना है? (रु)","अगर किराये री छै, तो महिना रो कित्तो भाड़ो लागै? (रु)",,DevHardi,"9/24/2026, 7:45:00 PM"
Q_C_08_00_SUMMARY,Survey,MaterialSourcingPct,"QuestionPrompt, SectionC, Order:66",Text,Material sourcing percentage from different sources,Sourcing channel percentages summary,Survey Question,,Material sourcing percentage from different sources,,,,,,,विभिन्न स्रोतों से सामग्री खरीद का प्रतिशत,अलग-अलग जगां सूं माल खरीदण रो प्रतिशत,,DevHardi,"9/24/2026, 7:45:00 PM"
Q_C_12_00_SUMMARY,Survey,SalesChannelsPct,"QuestionPrompt, SectionC, Order:78",Section_Header,Q10. What percentage of your products/services get sold through following channels?,Summary for Sales Channels Percentage,Survey Question,,Q10. What percentage of your products/services get sold through following channels?,,"PCT15_0 , PCT15_15 , PCT15_30 , PCT15_45 , PCT15_60 , PCT15_75 , PCT15_90 , PCT15_100",,,,,Q10. आपके उत्पादों/सेवाओं का कितना प्रतिशत निम्नलिखित माध्यमों से बिकता है?,Q10. थारे माल/सेवावां रो कित्तो प्रतिशत इण जरिया सूं बिकै है?,,Antigravity,09/26/2026 10:00:00
Q_D_09_00_BOTTLENECK,Survey,AspirationBottlenecks,"QuestionPrompt, SectionD, Order:198",EnumList,What is holding you back from achieving business aspirations?,Key bottlenecks to business aspiration,Survey Question,,What is holding you back from achieving business aspirations?,,"ASP_LACK_CAPITAL , ASP_FAMILY_RESTRICT , ASP_NO_MARKET , ASP_NO_SKILL , ASP_COMPETITION , ASP_HEALTH , ASP_OTHER",,,,,व्यावसायिक आकांक्षाओं को प्राप्त करने में क्या बाधाएं आ रही हैं?,धंधे री उम्मीद पूरी करण में कांई-कांई अड़चनां आ री छै?,,DevHardi,"9/24/2026, 7:45:00 PM"
EXP_BIGGER_LOAN,AppVariables,SchemeExpectations,Option,Enum,Need bigger loan amount,,Expectations Option,,Need bigger loan amount,,,,,,,अधिक ऋण राशि की आवश्यकता,बत्ता पीसां रा ऋण री दरकार,,Antigravity,09/25/2026 21:00:00
EXP_MUDRA_LOAN,AppVariables,SchemeExpectations,Option,Enum,Need help in accessing Mudra loan,,Expectations Option,,Need help in accessing Mudra loan,,,,,,,मुद्रा ऋण प्राप्त करने में सहायता,मुद्रा लोन लेवा में मदद,,Antigravity,09/25/2026 21:00:00
EXP_CRP_GUIDANCE,AppVariables,SchemeExpectations,Option,Enum,Need more guidance of SBDP/SVEP CRPs,,Expectations Option,,Need more guidance of SBDP/SVEP CRPs,,,,,,,SBDP/SVEP CRP से अधिक मार्गदर्शन,सीआरपी सूं और ज्यादा मदद व सलाह,,Antigravity,09/25/2026 21:00:00
EXP_BIGGER_MARKETS,AppVariables,SchemeExpectations,Option,Enum,Need help to access bigger markets,,Expectations Option,,Need help to access bigger markets,,,,,,,बड़े बाजारों तक पहुंच के लिए सहायता,बड़ा बाजारां तांई पहुँचण में मदद,,Antigravity,09/25/2026 21:00:00
EXP_ONLINE_PURCHASE,AppVariables,SchemeExpectations,Option,Enum,Need help with online purchase,,Expectations Option,,Need help with online purchase,,,,,,,ऑनलाइन खरीद में सहायता,ऑनलाइन खरीददारी में सहायता,,Antigravity,09/25/2026 21:00:00
EXP_INSTAGRAM,AppVariables,SchemeExpectations,Option,Enum,Need help with instagram,,Expectations Option,,Need help with instagram,,,,,,,इंस्टाग्राम के उपयोग में सहायता,इंस्टाग्राम चलावण में मदद,,Antigravity,09/25/2026 21:00:00
EXP_BUSINESS_TRAINING,AppVariables,SchemeExpectations,Option,Enum,Need my business specific trainings,,Expectations Option,,Need my business specific trainings,,,,,,,मेरे व्यवसाय से संबंधित विशिष्ट प्रशिक्षण,म्हारा काम सूं जुड्या खास प्रशिक्षण,,Antigravity,09/25/2026 21:00:00
PROD_LEATHER,AppVariables,ProductCategories,"Option, Product",Enum,Leather products / leather goods,Product category: leather,Option for ProductCategories enum,,Leather products / leather goods,,,,,,,चमड़े के उत्पाद / चमड़े का सामान,चमड़ा रा उत्पाद / चमड़ा री चीजां,,Antigravity,09/26/2026 06:00:00
RKT_ONLY_DEBT,Survey,RecordKeepingMethod,"RecordKeepingOption, SubOption",Enum,Only debt register,Only maintain debt / credit register (Udhar Khata),Record Keeping Option,,Only debt register,,,,,,,केवल उधार / बही खाता रजिस्टर,खाली उधारी रो खातो,,Antigravity,09/26/2026 10:35:00
CRP_PROFIT_IDEAS,AppVariables,CRPContributions,"Option, CRP",Enum,They gave us new ideas to improve our profit,They gave us new ideas to improve our profit,They gave us new ideas to improve our profit,,They gave us new ideas to improve our profit,,,,,,,उन्होंने मुनाफा बढ़ाने के नए विचार और तरीके बताए,मुनाफो बढ़ावण रा नवा उपाय बताया,,Antigravity,09/26/2026 06:00:00
SUPP_HUSBAND_ENCOURAGE,AppVariables,HusbandFamilySupport,"Option, Support",Enum,Husband actively encourages and supports the enterprise,Husband actively encourages and supports the enterprise,Husband actively encourages and supports the enterprise,,Husband actively encourages and supports the enterprise,,,,,,,पति सक्रिय रूप से उद्यम को प्रोत्साहित और समर्थन करते हैं,धणी जोश सूं काम-धंधे ने आगे बढ़ावण में मदद करे,,Antigravity,09/26/2026 06:00:00
SUPP_HUSBAND_FINANCE,AppVariables,HusbandFamilySupport,"Option, Support",Enum,Husband provides financial support for the enterprise,Husband provides financial support for the enterprise,Husband provides financial support for the enterprise,,Husband provides financial support for the enterprise,,,,,,,पति उद्यम के लिए वित्तीय सहायता प्रदान करते हैं,धणी काम-धंधे खातर पईसां री मदद करे,,Antigravity,09/26/2026 06:00:00
SUPP_FAMILY_CHORES,AppVariables,HusbandFamilySupport,"Option, Support",Enum,Family members share household chores to support the enterprise,Family members share household chores to support the enterprise,Family members share household chores to support the enterprise,,Family members share household chores to support the enterprise,,,,,,,परिवार के सदस्य उद्यम में मदद के लिए घरेलू काम साझा करते हैं,घर रा बाकी जणा घर रो काम बांटर धंधे में मदद करे,,Antigravity,09/26/2026 06:00:00
SUPP_NEUTRAL_NO_INTERFERENCE,AppVariables,HusbandFamilySupport,"Option, Support",Enum,"Neutral - no interference, no active support","Neutral - no interference, no active support","Neutral - no interference, no active support",,"Neutral - no interference, no active support",,,,,,,"तटस्थ - न कोई हस्तक्षेप, न कोई सक्रिय समर्थन",न रोके न मदद करे - बस देखते रे,,Antigravity,09/26/2026 06:00:00
SUPP_INITIAL_OPPOSITION,AppVariables,HusbandFamilySupport,"Option, Support",Enum,"Initially opposed, but now accepts and supports","Initially opposed, but now accepts and supports","Initially opposed, but now accepts and supports",,"Initially opposed, but now accepts and supports",,,,,,,शुरू में विरोध किया लेकिन अब स्वीकार कर लिया और समर्थन करते हैं,पहले रोक्यो पण अब मान ग्यो अर मदद करे,,Antigravity,09/26/2026 06:00:00
SUPP_NO_SUPPORT_OPPOSED,AppVariables,HusbandFamilySupport,"Option, Support",Enum,Does not support and is opposed to the enterprise,Does not support and is opposed to the enterprise,Does not support and is opposed to the enterprise,,Does not support and is opposed to the enterprise,,,,,,,उद्यम को समर्थन नहीं करते और विरोध में हैं,न मदद करे न पसंद करे - विरोध करे,,Antigravity,09/26/2026 06:00:00
OPT_DONT_REMEMBER,AppVariables,,"Option, General",Enum,Don't remember,Don't remember,Don't remember,,Don't remember,,,,,,,याद नहीं,याद कोनी,,Antigravity,09/26/2026 06:00:00
CHG_REGISTRATION_DOCS,AppVariables,EnterpriseChanges,"Option, Change",Enum,Got required registration / license / documents made,Got required registration / license / documents made,Got required registration / license / documents made,,Got required registration / license / documents made,,,,,,,आवश्यक पंजीकरण / लाइसेंस / दस्तावेज बनवाए,जरूरी कागज-पत्तर / रजिस्ट्रेशन करवायो,,Antigravity,09/26/2026 06:00:00
REG_UDYAM_AADHAR,AppVariables,RegistrationType,"Option, Registration",Enum,Udyam Aadhar / MSME Registration,Udyam Aadhar / MSME Registration,Udyam Aadhar / MSME Registration,,Udyam Aadhar / MSME Registration,,,,,,,उद्यम आधार / एमएसएमई पंजीकरण,उद्यम आधार / MSME रजिस्ट्रेशन,,Antigravity,09/26/2026 06:00:00
REG_FSSAI_TRADE_LICENSE,AppVariables,RegistrationType,"Option, Registration",Enum,FSSAI / Food License / Trade License,FSSAI / Food License / Trade License,FSSAI / Food License / Trade License,,FSSAI / Food License / Trade License,,,,,,,FSSAI / खाद्य लाइसेंस / व्यापार लाइसेंस,FSSAI / खाणे रो लायसेंस / ट्रेड लायसेंस,,Antigravity,09/26/2026 06:00:00
ORD_INSTAGRAM,AppVariables,SalesChannels,"Option, Sales",Enum,Orders via Instagram,Orders via Instagram,Orders via Instagram,,Orders via Instagram,,,,,,,इंस्टाग्राम के माध्यम से ऑर्डर,इंस्टाग्राम सूं ऑर्डर,,Antigravity,09/26/2026 06:00:00
ORD_WHATSAPP,AppVariables,SalesChannels,"Option, Sales",Enum,Orders via WhatsApp,Orders via WhatsApp,Orders via WhatsApp,,Orders via WhatsApp,,,,,,,व्हाट्सएप के माध्यम से ऑर्डर,WhatsApp सूं ऑर्डर,,Antigravity,09/26/2026 06:00:00
ORD_PHONE_CALL,AppVariables,SalesChannels,"Option, Sales",Enum,Orders over phone calls,Orders over phone calls,Orders over phone calls,,Orders over phone calls,,,,,,,फोन कॉल के माध्यम से ऑर्डर,फोन पर ऑर्डर,,Antigravity,09/26/2026 06:00:00
ORD_DIRECT_STORE,AppVariables,SalesChannels,"Option, Sales",Enum,Direct store / shop visits,Direct store / shop visits,Direct store / shop visits,,Direct store / shop visits,,,,,,,सीधे दुकान पर आकर,सीधो दुकान पर आय र,,Antigravity,09/26/2026 06:00:00
ORD_LOCAL_TRADERS,AppVariables,SalesChannels,"Option, Sales",Enum,Local traders bulk orders,Local traders bulk orders,Local traders bulk orders,,Local traders bulk orders,,,,,,,स्थानीय व्यापारी बड़े ऑर्डर,स्थानीय व्यापारी मोटो ऑर्डर,,Antigravity,09/26/2026 06:00:00
ORD_DOOR_TO_DOOR,AppVariables,SalesChannels,"Option, Sales",Enum,Door to door selling,Door to door selling,Door to door selling,,Door to door selling,,,,,,,घर-घर जाकर बेचना,घर-घर जाय र बेचणो,,Antigravity,09/26/2026 06:00:00
MKT_WHATSAPP,AppVariables,MarketingMedia,"Option, Marketing",Enum,WhatsApp groups and status updates,WhatsApp groups and status updates,WhatsApp groups and status updates,,WhatsApp groups and status updates,,,,,,,व्हाट्सएप ग्रुप और स्टेटस अपडेट,WhatsApp ग्रुप अर स्टेटस,,Antigravity,09/26/2026 06:00:00
PROD_BEAUTY_PARLOUR,AppVariables,ProductCategories,"Option, Product",Enum,Beauty parlour / Cosmetics services,Beauty parlour / Cosmetics services,Beauty parlour / Cosmetics services,,Beauty parlour / Cosmetics services,,,,,,,ब्यूटी पार्लर / सौंदर्य प्रसाधन सेवाएं,ब्यूटी पार्लर / श्रृंगार री सेवाएं,,Antigravity,09/26/2026 06:00:00
PROD_DAIRY_VALUE_ADD,AppVariables,ProductCategories,"Option, Product",Enum,"Dairy products (Ghee, Paneer, Mawa)","Dairy products (Ghee, Paneer, Mawa)","Dairy products (Ghee, Paneer, Mawa)",,"Dairy products (Ghee, Paneer, Mawa)",,,,,,,"डेयरी उत्पाद (घी, पनीर, मावा)","डेरी री चीजां (घी, पनीर, मावो)",,Antigravity,09/26/2026 06:00:00
PROD_HANDICRAFTS_ZARI,AppVariables,ProductCategories,"Option, Product",Enum,Handicrafts / Zari / Traditional Embroidery,Handicrafts / Zari / Traditional Embroidery,Handicrafts / Zari / Traditional Embroidery,,Handicrafts / Zari / Traditional Embroidery,,,,,,,हस्तशिल्प / जरी / पारंपरिक कढ़ाई,हस्तकला / जरी / पारंपरिक कढ़ाई,,Antigravity,09/26/2026 06:00:00
INC_ABOVE_4L,AppVariables,AnnualHouseholdIncome,"Option, Income",Enum,"Above Rs 4,00,000","Above Rs 4,00,000","Above Rs 4,00,000",,"Above Rs 4,00,000",,,,,,,"रु 4,00,000 से अधिक",4 लाख सूं बत्ता,,Antigravity,09/26/2026 06:00:00
CAP_SALE_ANIMALS,AppVariables,CapitalSources,"Option, Capital",Enum,Sale of livestock / animals,Sale of livestock / animals,Sale of livestock / animals,,Sale of livestock / animals,,,,,,,पशु / पशुधन की बिक्री,ढोर-ढांखर (पशु) बेच'र,,Antigravity,09/26/2026 06:00:00
Q_A_19_00,Survey,RegistrationsDocuments,"QuestionPrompt, Question",Text,Q20. Do you have the following registrations/documents?,Q20. Do you have the following registrations/documents?,Prompt for RegistrationsDocuments,,Q20. Do you have the following registrations/documents?,,,,,,,Q20. क्या आपके पास निम्नलिखित पंजीकरण / दस्तावेज हैं?,Q20. का थारे कनै ये कागज-पत्तर / रजिस्ट्रेशन है?,,Antigravity,09/26/2026 08:00:00
Q_C_07_01,Survey,Sourcing_NearbyTown_Pct,"QuestionPrompt, Question",Enum,a. Nearby town/district,Nearby town/district sourcing percentage,Prompt for Sourcing_NearbyTown_Pct,,Nearby town/district,,"PCT_0 , PCT_25 , PCT_50 , PCT_75 , PCT_100",,,,,a. आसपास के कस्बे / जिले से,a. नेड़े रा कस्बा / जिले सूं,,Antigravity,09/26/2026 09:15:00
Q_C_07_02,Survey,Sourcing_Jaipur_Pct,"QuestionPrompt, Question",Enum,b. Wholesale market within state,Wholesale market within state sourcing percentage,Prompt for Sourcing_Jaipur_Pct,,Wholesale market within state,,"PCT_0 , PCT_25 , PCT_50 , PCT_75 , PCT_100",,,,,b. राज्य के भीतर थोक बाजार से,b. राजस्थान रा थोक बाजार सूं,,Antigravity,09/26/2026 09:15:00
Q_C_07_03,Survey,Sourcing_OutsideState_Pct,"QuestionPrompt, Question",Enum,c. Wholesale market outside the state,Wholesale market outside the state sourcing percentage,Prompt for Sourcing_OutsideState_Pct,,Wholesale market outside the state,,"PCT_0 , PCT_25 , PCT_50 , PCT_75 , PCT_100",,,,,c. राज्य के बाहर थोक बाजार से,c. बाहर रा थोक बाजार सूं,,Antigravity,09/26/2026 09:15:00
Q_C_07_04,Survey,Sourcing_Online_Pct,"QuestionPrompt, Question",Enum,d. Order online (Amazon/Meesho),Order online sourcing percentage,Prompt for Sourcing_Online_Pct,,Order online (Amazon/Meesho),,"PCT_0 , PCT_25 , PCT_50 , PCT_75 , PCT_100",,,,,d. ऑनलाइन ऑर्डर (Amazon/Meesho) से,d. ऑनलाइन ऑर्डर सूं,,Antigravity,09/26/2026 09:15:00
Q_C_08_00,Survey,MarketingMethods,"QuestionPrompt, Question",Text,Q8. How do you market your products/services? (Multiselect),Q8. How do you market your products/services? (Multiselect),Prompt for MarketingMethods,,Q8. How do you market your products/services? (Multiselect),,"MKT_SHOP_ONLY , MKT_NAME_BOARD , MKT_DOOR_TO_DOOR , MKT_SHG_MEETINGS , MKT_TRADERS_SAMPLES , MKT_INSTA_WHATSAPP , MKT_WAIT_ENQUIRIES , MKT_DONT_KNOW_HOW , MKT_NO_NEED , MKT_OTHER",,,,,Q8. आप अपने उत्पादों / सेवाओं का विपणन (मार्केटिंग) कैसे करती हैं?,Q8. थे आपरे माल री मार्केटिंग किकण करो हो?,,Antigravity,09/26/2026 08:00:00
Q_C_08_01,Survey,MarketingMethodsOther,"QuestionPrompt, Question",Text,Specify other marketing method,Specify other marketing method,Prompt for MarketingMethodsOther,,Specify other marketing method,,,,,,,अन्य मार्केटिंग तरीका बताएं,दूजो तरीको बताओ,,Antigravity,09/26/2026 08:00:00
Q_C_09_02,Survey,SeasonalSalesOther,"QuestionPrompt, Question",Text,Specify other selling method,Specify other selling method,Prompt for SeasonalSalesOther,,Specify other selling method,,,,,,,अन्य बिक्री तरीका बताएं,दूजो बेचण रो तरीको बताओ,,Antigravity,09/26/2026 08:00:00
Q_C_10_03,Survey,SalesChannel_Instagram_Pct,"QuestionPrompt, Question",Enum,c. Instagram,Instagram sales percentage,Prompt for SalesChannel_Instagram_Pct,,Instagram,,"PCT15_0 , PCT15_15 , PCT15_30 , PCT15_45 , PCT15_60 , PCT15_75 , PCT15_90 , PCT15_100",,,,,c. इंस्टाग्राम (Instagram),c. इंस्टाग्राम,,Antigravity,09/26/2026 10:00:00
Q_C_10_04,Survey,SalesChannel_Premise_Pct,"QuestionPrompt, Question",Enum,d. Your premise,Own premise sales percentage,Prompt for SalesChannel_Premise_Pct,,Your premise,,"PCT15_0 , PCT15_15 , PCT15_30 , PCT15_45 , PCT15_60 , PCT15_75 , PCT15_90 , PCT15_100",,,,,d. आपकी अपनी दुकान / परिसर से,d. खुद् री दुकान सूं,,Antigravity,09/26/2026 10:00:00
Q_C_10_05,Survey,SalesChannel_Traders_Pct,"QuestionPrompt, Question",Enum,e. Local traders/shopkeepers,Local traders sales percentage,Prompt for SalesChannel_Traders_Pct,,Local traders/shopkeepers,,"PCT15_0 , PCT15_15 , PCT15_30 , PCT15_45 , PCT15_60 , PCT15_75 , PCT15_90 , PCT15_100",,,,,e. स्थानीय व्यापारियों / दुकानदारों के माध्यम से,e. लोकल दुकानदारां सूं,,Antigravity,09/26/2026 10:00:00
Q_C_10_06,Survey,SalesChannel_Haat_Pct,"QuestionPrompt, Question",Enum,f. Local haat/market,Local haat sales percentage,Prompt for SalesChannel_Haat_Pct,,Local haat/market,,"PCT15_0 , PCT15_15 , PCT15_30 , PCT15_45 , PCT15_60 , PCT15_75 , PCT15_90 , PCT15_100",,,,,f. स्थानीय हाट / साप्ताहिक बाजार,f. लोकल हाट / सातावारिया बजार,,Antigravity,09/26/2026 10:00:00
Q_C_10_07,Survey,SalesChannel_Saras_Pct,"QuestionPrompt, Question",Enum,g. Saras fair,Saras fair sales percentage,Prompt for SalesChannel_Saras_Pct,,Saras fair,,"PCT15_0 , PCT15_15 , PCT15_30 , PCT15_45 , PCT15_60 , PCT15_75 , PCT15_90 , PCT15_100",,,,,g. सरस मेला,g. सरस मेला,,Antigravity,09/26/2026 10:00:00
Q_C_12_00,Survey,RecordKeepingMethod,"QuestionPrompt, Question",EnumList,Q12. How do you maintain business transactions?,Q12. How do you maintain business transactions?,Prompt for RecordKeepingMethod,,Q12. How do you maintain business transactions?,,"RKT_RECEIPT_BILLS , RKT_PURCHASE_SALE_REG , RKT_ONLY_DEBT , RKT_DAILY_DIARY , RKT_CRP_DIARY , RKT_DIGITAL_APPS , RKT_NOT_REGULAR , RKT_FAMILY_BOOK , RKT_NO_RECORD , RKT_OTHER",,,,,Q12. आप व्यावसायिक लेन-देन का हिसाब कैसे रखती हैं?,Q12. थे लेन-देन रो हिसाब कियां राखो हो?,,Antigravity,09/26/2026 08:00:00
Q_C_12_01,Survey,RecordKeepingOther,"QuestionPrompt, Question",Text,Specify other record keeping method,Specify other record keeping method,Prompt for RecordKeepingOther,,Specify other record keeping method,,,,,,,अन्य रिकॉर्ड रखने का तरीका बताएं,दूजो तरीको बताओ,,Antigravity,09/26/2026 08:00:00
Q_D_06_00,Survey,FinancialHelpFromIncome,"QuestionPrompt, Question",Text,Q6. How has the income from the enterprise helped you financially? (Multiselect),Q6. How has the income from the enterprise helped you financially? (Multiselect),Prompt for FinancialHelpFromIncome,,Q6. How has the income from the enterprise helped you financially? (Multiselect),,,,,,,Q6. उद्यम की आय ने आपको वित्तीय रूप से कैसे मदद की?,Q6. धंधे री कमाई सूं थानै काईं मदद मिली?,,Antigravity,09/26/2026 08:00:00
Q_D_06_ED,Survey,FinancialHelp_EducationAmt,"QuestionPrompt, Question",Text,The income from enterprise is used in covering education related expenses for my children. Specify amount,The income from enterprise is used in covering education related expenses for my children. Specify amount,Prompt for FinancialHelp_EducationAmt,,The income from enterprise is used in covering education related expenses for my children. Specify amount,,,,,,,बच्चों की शिक्षा खर्च राशि (रु),टाबरां री पढ़ाई रो खरचो (रु),,Antigravity,09/26/2026 08:00:00
Q_D_06_DB,Survey,FinancialHelp_DebtsAmt,"QuestionPrompt, Question",Text,I have been able to pay the family debts. Specify amount,I have been able to pay the family debts. Specify amount,Prompt for FinancialHelp_DebtsAmt,,I have been able to pay the family debts. Specify amount,,,,,,,पारिवारिक कर्ज चुकाई गई राशि (रु),कर्ज चुकावण री रकम (रु),,Antigravity,09/26/2026 08:00:00
Q_D_06_AS,Survey,FinancialHelp_AssetsAmt,"QuestionPrompt, Question",Text,I have contributed money in acquiring assets for my family Specify amount,I have contributed money in acquiring assets for my family Specify amount,Prompt for FinancialHelp_AssetsAmt,,I have contributed money in acquiring assets for my family Specify amount,,,,,,,परिसंपत्तियां (Assets) खरीदने में खर्च (रु),संपत्ति खरीदण में खरचो (रु),,Antigravity,09/26/2026 08:00:00
Q_D_06_MR,Survey,FinancialHelp_MarriageAmt,"QuestionPrompt, Question",Text,I have contributed money for marriage expenses. Specify amount,I have contributed money for marriage expenses. Specify amount,Prompt for FinancialHelp_MarriageAmt,,I have contributed money for marriage expenses. Specify amount,,,,,,,शादी / विवाह खर्च राशि (रु),ब्याव-शादी रो खरचो (रु),,Antigravity,09/26/2026 08:00:00
Q_E_04_01,Survey,Challenge_OSFPhasedOutAmt,"QuestionPrompt, Question",Text,OSF is phased out now which has affected fund sufficiency. Specify amount,OSF is phased out now which has affected fund sufficiency. Specify amount,Prompt for Challenge_OSFPhasedOutAmt,,OSF is phased out now which has affected fund sufficiency. Specify amount,,,,,,,OSF समाप्त होने पर आवश्यक फंड राशि (रु),फंड री जरूरत (रु),,Antigravity,09/26/2026 08:00:00
Q_E_04_02,Survey,Challenge_ScaleUpFundAmt,"QuestionPrompt, Question",Text,I need timely access to funds to buy inputs before the production/peak season begins. Specify amount,I need timely access to funds to buy inputs before the production/peak season begins. Specify amount,Prompt for Challenge_ScaleUpFundAmt,,I need timely access to funds to buy inputs before the production/peak season begins. Specify amount,,,,,,,पीक सीजन से पहले आवश्यक फंड राशि (रु),जरूरी फंड री रकम (रु),,Antigravity,09/26/2026 08:00:00
Q_E_04_03,Survey,Challenge_TimelyInputsAmt,"QuestionPrompt, Question",Text,I need support to access bigger market to source material/inputs at lower cost,I need support to access bigger market to source material/inputs at lower cost,Prompt for Challenge_TimelyInputsAmt,,I need support to access bigger market to source material/inputs at lower cost,,,,,,,दुकान मरम्मत / इनपुट फंड राशि (रु),मरम्मत खातर पईसा (रु),,Antigravity,09/26/2026 08:00:00
Q_E_04_04,Survey,Challenge_Other,"QuestionPrompt, Question",Text,"Any other, specify","Any other, specify",Prompt for Challenge_Other,,"Any other, specify",,,,,,,अन्य चुनौती का विवरण,दूजी दिक्कत बताओ,,Antigravity,09/26/2026 08:00:00
Q_D_06_01,Survey,Competitors_Similar_Scale,"QuestionPrompt, Question",Text,Same business scale ______,Same business scale ______,Prompt for Competitors_Similar_Scale,,Same business scale ______,,,,,,,समान व्यवसाय स्तर वाले लोग (संख्या),बराबर रा धंधे आळा (संख्या),,Antigravity,09/26/2026 08:00:00
Q_D_06_02,Survey,Competitors_Smaller_Scale,"QuestionPrompt, Question",Text,Smaller business scale than yours_______,Smaller business scale than yours_______,Prompt for Competitors_Smaller_Scale,,Smaller business scale than yours_______,,,,,,,आपसे छोटे व्यवसाय स्तर वाले लोग (संख्या),छोटा धंधे आळा (संख्या),,Antigravity,09/26/2026 08:00:00
Q_D_06_03,Survey,Competitors_Higher_Scale,"QuestionPrompt, Question",Text,Higher business scale than yours_________,Higher business scale than yours_________,Prompt for Competitors_Higher_Scale,,Higher business scale than yours_________,,,,,,,आपसे बड़े व्यवसाय स्तर वाले लोग (संख्या),बड़ा धंधे आळा (संख्या),,Antigravity,09/26/2026 08:00:00
Q_G_05_01,Survey,MonthlyIncomeBeforeLoan,"QuestionPrompt, Question",Text,Income before the changes: Rs-------,Income before the changes: Rs-------,Prompt for MonthlyIncomeBeforeLoan,,Income before the changes: Rs-------,,,,,,,बदलाव से पहले मासिक आय (रु),लोन सूं पहले महिना री कमाई (रु),,Antigravity,09/26/2026 08:00:00
Q_G_05_02,Survey,MonthlyIncomeAfterLoan,"QuestionPrompt, Question",Text,Income after the changes: Rs---------,Income after the changes: Rs---------,Prompt for MonthlyIncomeAfterLoan,,Income after the changes: Rs---------,,,,,,,बदलाव के बाद मासिक आय (रु),लोन पाछै महिना री कमाई (रु),,Antigravity,09/26/2026 08:00:00
Q_G_06_00,Survey,MonthlyIncomeIncreaseByOSFSVEP,"QuestionPrompt, Question",Text,Q6. Can you specify the amount by which your average monthly income has increased directly due to changes brought by OSF/SVEP loans?,Q6. Can you specify the amount by which your average monthly income has increased directly due to changes brought by OSF/SVEP loans?,Prompt for MonthlyIncomeIncreaseByOSFSVEP,,Q6. Can you specify the amount by which your average monthly income has increased directly due to changes brought by OSF/SVEP loans?,,,,,,,Q6. OSF/SVEP ऋण से आपकी औसत मासिक आय में कितनी वृद्धि हुई?,Q6. महिना री कमाई में कित्ती बढ़ोतरी होई?,,Antigravity,09/26/2026 08:00:00
Q_G_07_00,Survey,CRPContributions,"QuestionPrompt, Question",Text,Q7. What has been the contribution of SVEP/OSF CRP in your enterprise? ( Multisepect),Q7. What has been the contribution of SVEP/OSF CRP in your enterprise? ( Multisepect),Prompt for CRPContributions,,Q7. What has been the contribution of SVEP/OSF CRP in your enterprise? ( Multisepect),,,,,,,Q7. आपके उद्यम में SVEP/OSF CRP का क्या योगदान रहा है?,Q7. धंधे में CRP रो काईं योगदान रह्यो?,,Antigravity,09/26/2026 08:00:00
Q_G_08_00,Survey,ExpectationsFromScheme,"QuestionPrompt, Question",Text,Q8. What are your expectations from the SVEP/OSF scheme? (Please prompt),Q8. What are your expectations from the SVEP/OSF scheme? (Please prompt),Prompt for ExpectationsFromScheme,,Q8. What are your expectations from the SVEP/OSF scheme? (Please prompt),,,,,,,Q8. SVEP/OSF योजना से आपकी क्या अपेक्षाएं हैं?,Q8. योजना सूं थारी काईं उम्मीद है?,,Antigravity,09/26/2026 08:00:00
Q_H_01_00,Survey,SmartphoneOwnership,"QuestionPrompt, Question",Text,Q1. Do you own a smart phone?,Q1. Do you own a smart phone?,Prompt for SmartphoneOwnership,,Q1. Do you own a smart phone?,,,,,,,Q1. क्या आपके पास स्मार्टफोन है?,Q1. का थारे कनै स्मार्टफोन है?,,Antigravity,09/26/2026 08:00:00
Q_H_02_00,Survey,UseQRUPI,"QuestionPrompt, Question",Text,Q2. Do you use QR code/mobile banking for money transactions?,Q2. Do you use QR code/mobile banking for money transactions?,Prompt for UseQRUPI,,Q2. Do you use QR code/mobile banking for money transactions?,,,,,,,Q2. क्या आप पैसे के लेन-देन के लिए QR कोड/मोबाइल बैंकिंग का उपयोग करती हैं?,Q2. का थे QR कोड सूं लेन-देन करो हो?,,Antigravity,09/26/2026 08:00:00
Q_H_03_00,Survey,QRDailyTransactions,"QuestionPrompt, Question",Text,"Q3. If yes, daily how many transactions in your business are done using QR code/mobile banking?","Q3. If yes, daily how many transactions in your business are done using QR code/mobile banking?",Prompt for QRDailyTransactions,,"Q3. If yes, daily how many transactions in your business are done using QR code/mobile banking?",,,,,,,Q3. QR कोड से रोजाना कितने लेन-देन होते हैं?,Q3. रोज रा कित्ता लेन-देन QR सूं होवे?,,Antigravity,09/26/2026 08:00:00
Q_H_04_00,Survey,QRNonUseReason,"QuestionPrompt, Question",Text,"Q4. If no, reason for not using QR code/mobile banking for money related transactions","Q4. If no, reason for not using QR code/mobile banking for money related transactions",Prompt for QRNonUseReason,,"Q4. If no, reason for not using QR code/mobile banking for money related transactions",,,,,,,Q4. QR कोड/मोबाइल बैंकिंग का उपयोग न करने का कारण,Q4. QR कोड न वापरण रो कारण,,Antigravity,09/26/2026 08:00:00
Q_H_05_00,Survey,SocialMediaForMarketing,"QuestionPrompt, Question",Text,Q5. Do you use social media for marketing?,Q5. Do you use social media for marketing?,Prompt for SocialMediaForMarketing,,Q5. Do you use social media for marketing?,,,,,,,Q5. क्या आप मार्केटिंग के लिए सोशल मीडिया का उपयोग करती हैं?,Q5. का मार्केटिंग खातर सोशल मीडिया वापरों हो?,,Antigravity,09/26/2026 08:00:00
Q_H_06_00,Survey,SocialPlatformsUsed,"QuestionPrompt, Question",Text,Q6. Which social media platforms do you use for your business? (Multiselect),Q6. Which social media platforms do you use for your business? (Multiselect),Prompt for SocialPlatformsUsed,,Q6. Which social media platforms do you use for your business? (Multiselect),,,,,,,Q6. व्यवसाय के लिए किन सोशल मीडिया प्लेटफॉर्म का उपयोग करती हैं?,Q6. किण-किण सोशल मीडिया रो उपयोग करो हो?,,Antigravity,09/26/2026 08:00:00
Q_H_07_00,Survey,SocialPlatformUsageMode,"QuestionPrompt, Question",Text,Q7. How do you use these platforms in your business?,Q7. How do you use these platforms in your business?,Prompt for SocialPlatformUsageMode,,Q7. How do you use these platforms in your business?,,,,,,,Q7. आप अपने व्यवसाय में इन प्लेटफॉर्म का उपयोग कैसे करती हैं?,Q7. सोशल मीडिया रो उपयोग किकण करो हो?,,Antigravity,09/26/2026 08:00:00
Q_H_08_00,Survey,SocialMediaFrequency,"QuestionPrompt, Question",Text,Q8. How often do you use social media for your business?,Q8. How often do you use social media for your business?,Prompt for SocialMediaFrequency,,Q8. How often do you use social media for your business?,,,,,,,Q8. आप अपने व्यवसाय के लिए सोशल मीडिया का कितनी बार उपयोग करती हैं?,Q8. सोशल मीडिया कित्ती बार वापरों हो?,,Antigravity,09/26/2026 08:00:00
Q_I_01_00,Survey,OSFInterventionYear,"QuestionPrompt, Question",Text,Q1. In which year was the OSF intervention made?-------,Q1. In which year was the OSF intervention made?-------,Prompt for OSFInterventionYear,,Q1. In which year was the OSF intervention made?-------,,,,,,,Q1. OSF हस्तक्षेप किस वर्ष किया गया था?,Q1. OSF हस्तक्षेप किण साल होयो हो?,,Antigravity,09/26/2026 08:00:00
Q_I_02_00,Survey,BusinessOperationalStatus,"QuestionPrompt, Question",Text,Q2. Is your business still operational?,Q2. Is your business still operational?,Prompt for BusinessOperationalStatus,,Q2. Is your business still operational?,,,,,,,Q2. क्या आपका व्यवसाय अभी भी चालू है?,Q2. का थारो धंधो अबै भी चालै है?,,Antigravity,09/26/2026 08:00:00
Q_I_03_00,Survey,ScalingDownClosingReasons,"QuestionPrompt, Question",Text,Q3. What are the reasons for scaling down the business/closing the business? ( Don’t prompt),Q3. What are the reasons for scaling down the business/closing the business? ( Don’t prompt),Prompt for ScalingDownClosingReasons,,Q3. What are the reasons for scaling down the business/closing the business? ( Don’t prompt),,,,,,,Q3. व्यवसाय को कम करने / बंद करने के क्या कारण हैं?,Q3. धंधो घटायो या बंद करयो क्यूं?,,Antigravity,09/26/2026 08:00:00
Q_I_04_00,Survey,SupportNeededForSustenance,"QuestionPrompt, Question",Text,Q4. What kind of support could have helped you to manage your business?,Q4. What kind of support could have helped you to manage your business?,Prompt for SupportNeededForSustenance,,Q4. What kind of support could have helped you to manage your business?,,,,,,,Q4. किस प्रकार की सहायता से आप व्यवसाय को संभाल सकती थीं?,Q4. किण मदद सूं धंधो संभल सकतो हो?,,Antigravity,09/26/2026 08:00:00
Q_G_08_01,Survey,Other_Specify,"QuestionPrompt, Section",Text,"Any other, Specify","Any other, Specify",Question Prompt for Other_Specify,,"Any other, Specify",,,,,,,अन्य अपेक्षाएं बताएं,दूजी उम्मीद बताओ,,Antigravity,09/26/2026 08:00:00
Q_I_03_01,Survey,ScalingDownOtherReason,"QuestionPrompt, Section",Text,"Any other, specify……..","Any other, specify……..",Question Prompt for ScalingDownOtherReason,,"Any other, specify……..",,,,,,,अन्य कारण बताएं,दूजो कारण बताओ,,Antigravity,09/26/2026 08:00:00
Q_I_04_01,Survey,SupportNeededOther,"QuestionPrompt, Section",Text,"Any other, specify","Any other, specify",Question Prompt for SupportNeededOther,,"Any other, specify",,,,,,,अन्य सहायता बताएं,दूजी मदद बताओ,,Antigravity,09/26/2026 08:00:00
SEL_NOT_REL,Survey,SeasonalSalesMethod,"SellingMethodOption, SubOption",Enum,Not relevant,Not relevant for this business,Selling Method Option,,Not relevant,,,,,,,लागू नहीं / प्रासंगिक नहीं,लागू कोनी,,Antigravity,09/26/2026 09:50:00
SEL_PRODUCE_WAIT_ORDERS,Survey,SeasonalSalesMethod,"SellingMethodOption, SubOption",Enum,"In case of production related business, I produce slightly more than my last year sales and wait for orders",Produce slightly more than last year sales and wait for orders,Selling Method Option,,"In case of production related business, I produce slightly more than my last year sales and wait for orders",,,,,,,"उत्पादन से जुड़े व्यवसाय में, मैं पिछले साल की बिक्री से थोड़ा अधिक उत्पादन करती हूँ और ऑर्डर का इंतजार करती हूँ","उत्पादन काम में, म्हे पाछले साल सूं थोड़ो बत्ती माल बणा’र आर्डर री बाट जोवां",,Antigravity,09/26/2026 09:50:00
SEL_DOOR_TO_DOOR,Survey,SeasonalSalesMethod,"SellingMethodOption, SubOption",Enum,I visit local traders/shopkeepers with my products and do door to door selling,Visit local traders and do door to door selling,Selling Method Option,,I visit local traders/shopkeepers with my products and do door to door selling,,,,,,,मैं अपने उत्पादों के साथ स्थानीय व्यापारियों/दुकानदारों के पास जाती हूँ और घर-घर जाकर बिक्री करती हूँ,म्हे माल ले’र दुकानदारां कनै अर घरे-घरे जा’र बेचण रो काम करां,,Antigravity,09/26/2026 09:50:00
SEL_PRIOR_ORDERS,Survey,SeasonalSalesMethod,"SellingMethodOption, SubOption",Enum,I take orders from my usual clients few weeks prior to production/peak season and then sell,Take orders prior to peak season and then sell,Selling Method Option,,I take orders from my usual clients few weeks prior to production/peak season and then sell,,,,,,,मैं उत्पादन/पीक सीजन से कुछ हफ्ते पहले अपने नियमित ग्राहकों से ऑर्डर लेती हूँ और फिर बेचती हूँ,म्हे सीजन सूं पैली ई गिरायकां सूं आर्डर ले’र पछै माल बेचां,,Antigravity,09/26/2026 09:50:00
SEL_LOCAL_HAAT,Survey,SeasonalSalesMethod,"SellingMethodOption, SubOption",Enum,I sell in local haat/weekly market,Sell in local haat or weekly market,Selling Method Option,,I sell in local haat/weekly market,,,,,,,मैं स्थानीय हाट / साप्ताहिक बाजार में बेचती हूँ,म्हे लोकल हाट / सातावारिया बजार में बेचां,,Antigravity,09/26/2026 09:50:00
SEL_SARAS_FAIR,Survey,SeasonalSalesMethod,"SellingMethodOption, SubOption",Enum,I sell in Saras fair,Sell in Saras fair / exhibitions,Selling Method Option,,I sell in Saras fair,,,,,,,मैं सरस मेले में बेचती हूँ,म्हे सरस मेला में बेचां,,Antigravity,09/26/2026 09:50:00
SEL_INSTAGRAM,Survey,SeasonalSalesMethod,"SellingMethodOption, SubOption",Enum,I get orders via instagram,Get customer orders via Instagram,Selling Method Option,,I get orders via instagram,,,,,,,मुझे इंस्टाग्राम के माध्यम से ऑर्डर मिलते हैं,म्हाने इंस्टाग्राम पै आर्डर मिलै,,Antigravity,09/26/2026 09:50:00
SEL_WHATSAPP,Survey,SeasonalSalesMethod,"SellingMethodOption, SubOption",Enum,I get orders via whatsapp,Get customer orders via WhatsApp,Selling Method Option,,I get orders via whatsapp,,,,,,,मुझे व्हाट्सएप के माध्यम से ऑर्डर मिलते हैं,म्हाने व्हाट्सएप पै आर्डर मिलै,,Antigravity,09/26/2026 09:50:00
SEL_ONLINE_AMAZON,Survey,SeasonalSalesMethod,"SellingMethodOption, SubOption",Enum,I use online platforms like Amazon,Sell products online via Amazon,Selling Method Option,,I use online platforms like Amazon,,,,,,,मैं अमेज़न (Amazon) जैसे ऑनलाइन प्लेटफॉर्म का उपयोग करती हूँ,म्हे अमेज़न (Amazon) जैसी ऑनलाइन साइट रो उपयोग करां,,Antigravity,09/26/2026 09:50:00
SEL_ONLINE_MEESHO,Survey,SeasonalSalesMethod,"SellingMethodOption, SubOption",Enum,I use online platform like Meesho,Sell products online via Meesho,Selling Method Option,,I use online platform like Meesho,,,,,,,मैं मीशो (Meesho) जैसे ऑनलाइन प्लेटफॉर्म का उपयोग करती हूँ,म्हे मीशो (Meesho) जैसी ऑनलाइन साइट रो उपयोग करां,,Antigravity,09/26/2026 09:50:00
SEL_ONLINE_OTHER,Survey,SeasonalSalesMethod,"SellingMethodOption, SubOption",Enum,I use any other online platform,"Sell products via other online platforms (Flipkart, Myntra, etc.)",Selling Method Option,,I use any other online platform,,,,,,,मैं किसी अन्य ऑनलाइन प्लेटफॉर्म का उपयोग करती हूँ,म्हे दूजी कोई ऑनलाइन साइट रो उपयोग करां,,Antigravity,09/26/2026 09:50:00
SEL_RAJEEVIKA,Survey,SeasonalSalesMethod,"SellingMethodOption, SubOption",Enum,I use RAJEEVIKA website,Sell products via RAJEEVIKA website / portal,Selling Method Option,,I use RAJEEVIKA website,,,,,,,मैं राजीविका (RAJEEVIKA) वेबसाइट / पोर्टल का उपयोग करती हूँ,म्हे राजीविका वेबसाइट रो उपयोग करां,,Antigravity,09/26/2026 09:50:00
SEL_OTHER,Survey,SeasonalSalesMethod,"SellingMethodOption, SubOption",Enum,"Any other, specify",Any other selling method,Selling Method Option,,"Any other, specify",,,,,,,अन्य कोई तरीका (विवरण दें),दूजो कोई तरीको (ब्यौरो दो),,Antigravity,09/26/2026 09:50:00
PCT15_0,Survey,SalesChannelsPct,"SalesChannelPctOption, SubOption",Enum,0%,0% of sales,Sales Channel Percentage Option,0,0%,,,,,,,0%,0%,,Antigravity,09/26/2026 10:00:00
PCT15_15,Survey,SalesChannelsPct,"SalesChannelPctOption, SubOption",Enum,upto 15%,Upto 15% of sales,Sales Channel Percentage Option,15,upto 15%,,,,,,,15% तक,15% तांई,,Antigravity,09/26/2026 10:00:00
PCT15_30,Survey,SalesChannelsPct,"SalesChannelPctOption, SubOption",Enum,upto 30%,Upto 30% of sales,Sales Channel Percentage Option,30,upto 30%,,,,,,,30% तक,30% तांई,,Antigravity,09/26/2026 10:00:00
PCT15_45,Survey,SalesChannelsPct,"SalesChannelPctOption, SubOption",Enum,upto 45%,Upto 45% of sales,Sales Channel Percentage Option,45,upto 45%,,,,,,,45% तक,45% तांई,,Antigravity,09/26/2026 10:00:00
PCT15_60,Survey,SalesChannelsPct,"SalesChannelPctOption, SubOption",Enum,upto 60%,Upto 60% of sales,Sales Channel Percentage Option,60,upto 60%,,,,,,,60% तक,60% तांई,,Antigravity,09/26/2026 10:00:00
PCT15_75,Survey,SalesChannelsPct,"SalesChannelPctOption, SubOption",Enum,upto 75%,Upto 75% of sales,Sales Channel Percentage Option,75,upto 75%,,,,,,,75% तक,75% तांई,,Antigravity,09/26/2026 10:00:00
PCT15_90,Survey,SalesChannelsPct,"SalesChannelPctOption, SubOption",Enum,upto 90%,Upto 90% of sales,Sales Channel Percentage Option,90,upto 90%,,,,,,,90% तक,90% तांई,,Antigravity,09/26/2026 10:00:00
PCT15_100,Survey,SalesChannelsPct,"SalesChannelPctOption, SubOption",Enum,100%,100% of sales,Sales Channel Percentage Option,100,100%,,,,,,,100%,100%,,Antigravity,09/26/2026 10:00:00
RKT_PURCHASE_SALE_REG,Survey,RecordKeepingMethod,"RecordKeepingOption, SubOption",Enum,purchase and sale register,Purchase and sale register for business,Record Keeping Option,,purchase and sale register,,,,,,,क्रय-विक्रय (खरीद-बिक्री) रजिस्टर,खरीद-बेचान रो रजिस्टर,,Antigravity,09/26/2026 10:35:00
