ID	Table	Column	Tags	ValueControl	Title	Description	UsedFor	Decimal	EnumValue	EnumList	VariableList	DateValue	Photo	URL	File	Title_hi	Title_raj	ActionIcon	LastEditBy	LastEditOn
CompanyName	General			Text	OmmNoMi Automation LLP	Company Name	Branding		OmmNoMi Automation LLP							OmmNoMi Automation LLP	OmmNoMi Automation LLP		Antigravity	09/26/2026 12:00:00
AppName	General			Text	SHG Women Entrepreneurs Survey	App Name	Branding		SHG Women Entrepreneurs Survey							एसएचजी महिला उद्यमी सर्वेक्षण	एसएचजी महिला उद्यमी सर्वेक्षण		Antigravity	09/26/2026 12:00:00
ROLE_INVESTIGATOR	AppUser	Role	UserRole	Enum	Field Investigator	Field Investigator	Role Definition		Field Investigator							फील्ड अन्वेषक	फील्ड अन्वेषक		Antigravity	09/26/2026 12:00:00
ROLE_SUPERVISOR	AppUser	Role	UserRole	Enum	Field Supervisor	Field Supervisor	Role Definition		Field Supervisor							फील्ड सुपरवाइजर	फील्ड सुपरवाइजर		Antigravity	09/26/2026 12:00:00
ROLE_ADMIN	AppUser	Role	UserRole	Enum	Admin	Admin	Role Definition		Admin							व्यवस्थापक (Admin)	व्यवस्थापक (Admin)		Antigravity	09/26/2026 12:00:00
LANG_EN	AppUser	PreferredLanguage	SystemLanguage	Enum	English	English	Language Option		en							English	English		Antigravity	09/26/2026 12:00:00
LANG_HI	AppUser	PreferredLanguage	SystemLanguage	Enum	Hindi	Hindi	Language Option		hi							हिन्दी	हिन्दी		Antigravity	09/26/2026 12:00:00
LANG_RAJ	AppUser	PreferredLanguage	SystemLanguage	Enum	Rajasthani	Rajasthani	Language Option		raj							राजस्थानी	राजस्थानी		Antigravity	09/26/2026 12:00:00
STAT_DRAFT	Survey	Status	SurveyStatus	Enum	Draft	Draft Status	Workflow Status		Draft							प्रारूप (Draft)	कच्चो (Draft)		Antigravity	09/26/2026 12:00:00
STAT_SUBMITTED	Survey	Status	SurveyStatus	Enum	Submitted	Submitted Status	Workflow Status		Submitted							जमा किया गया (Submitted)	जमा कियो (Submitted)		Antigravity	09/26/2026 12:00:00
SEC_A_HEADER	Survey		SectionHeader, SectionA	Header	Section A: Basic Details	Section header for SectionA	Section Header									भाग क: सामान्य विवरण	भाग क: सामान्य ब्योरो		Antigravity	09/26/2026 14:00:00
SEC_B_HEADER	Survey		SectionHeader, SectionB	Header	Section B: Respondent & Household Profile	Section header for SectionB	Section Header									भाग ख: उत्तरदाता एवं पारिवारिक विवरण	भाग ख: उत्तरदाता अर घर रो ब्योरो		Antigravity	09/26/2026 14:00:00
SEC_C_HEADER	Survey		SectionHeader, SectionC	Header	Section C: Enterprise Operations	Section header for SectionC	Section Header									भाग ग: उद्यम संचालन	भाग ग: धंधो संचालन		Antigravity	09/26/2026 14:00:00
SEC_D_HEADER	Survey		SectionHeader, SectionD	Header	Section D: Enterprise Financing and Income	Section header for SectionD	Section Header									भाग घ: उद्यम वित्तपोषण एवं आय	भाग घ: पैशां रो बंदोबस्त अर आमदनी		Antigravity	09/26/2026 14:00:00
SEC_E_HEADER	Survey		SectionHeader, SectionE	Header	Section E: Ease of Doing Business and Challenges	Section header for SectionE	Section Header									भाग ङ: व्यवसाय की सुगमता एवं चुनौतियाँ	भाग ङ: काम री सुगमता अर मुश्किलां		Antigravity	09/26/2026 14:00:00
SEC_F_HEADER	Survey		SectionHeader, SectionF	Header	Section F: Growth Plans and Aspirations	Section header for SectionF	Section Header									भाग च: विकास योजनाएं एवं आकांक्षाएं	भाग च: आगे री योजनावां		Antigravity	09/26/2026 14:00:00
SEC_G_HEADER	Survey		SectionHeader, SectionG	Header	Section G: Impact of SVEP/OSF Schemes	Section header for SectionG	Section Header									भाग छ: SVEP/OSF योजनाओं का प्रभाव	भाग छ: योजना रो असर		Antigravity	09/26/2026 14:00:00
SEC_H_HEADER	Survey		SectionHeader, SectionH	Header	Section H: Use of Online Transactions and Social Media	Section header for SectionH	Section Header									भाग ज: ऑनलाइन लेनदेन एवं सोशल मीडिया का उपयोग	भाग ज: ऑनलाइन लेन-देन अर सोशल मीडिया		Antigravity	09/26/2026 14:00:00
SEC_I_HEADER	Survey		SectionHeader, SectionI	Header	Section I: Post-Exit OSF Intervention Status	Section header for SectionI	Section Header									भाग झ: पोस्ट-एग्जिट OSF स्थिति (बारां एवं रतनगढ़)	भाग झ: काम री वर्तमान स्थिति		Antigravity	09/26/2026 14:00:00
MAIN_PCT_SCALE_5	Survey	MaterialSourcingPct	PercentageScale, MainScale, Sourcing	Enum	Percentage Scale (0%, 25%, 50%, 75%, 100%)	Master scale powering 5-step material sourcing percentage options	Scale Definition		MAIN_PCT_SCALE_5	PCT_0 , PCT_25 , PCT_50 , PCT_75 , PCT_100	PCT_0 , PCT_25 , PCT_50 , PCT_75 , PCT_100					प्रतिशत पैमाना (0%, 25%, 50%, 75%, 100%)	प्रतिशत पैमानो (0%, 25%, 50%, 75%, 100%)		Antigravity	09/26/2026 14:00:00
PCT_0	Survey	MaterialSourcingPct	PercentageOption, 5Step	Enum	0%	0% allocation	Dropdown Option		PCT_0							0%	0%		Antigravity	09/26/2026 14:00:00
PCT_25	Survey	MaterialSourcingPct	PercentageOption, 5Step	Enum	25%	25% allocation	Dropdown Option		PCT_25							25%	25%		Antigravity	09/26/2026 14:00:00
PCT_50	Survey	MaterialSourcingPct	PercentageOption, 5Step	Enum	50%	50% allocation	Dropdown Option		PCT_50							50%	50%		Antigravity	09/26/2026 14:00:00
PCT_75	Survey	MaterialSourcingPct	PercentageOption, 5Step	Enum	75%	75% allocation	Dropdown Option		PCT_75							75%	75%		Antigravity	09/26/2026 14:00:00
PCT_100	Survey	MaterialSourcingPct	PercentageOption, 5Step	Enum	100%	100% allocation	Dropdown Option		PCT_100							100%	100%		Antigravity	09/26/2026 14:00:00
MAIN_PCT_SCALE_SALES	Survey	SalesChannelsPct	PercentageScale, MainScale, SalesChannels	Enum	Percentage Scale (0%, upto 15%, upto 30%, upto 45%, upto 60%, upto 75%, upto 90%, 100%)	Master scale powering 8-step sales channel percentage options	Scale Definition		MAIN_PCT_SCALE_SALES	PCT15_0 , PCT15_15 , PCT15_30 , PCT15_45 , PCT15_60 , PCT15_75 , PCT15_90 , PCT15_100	PCT15_0 , PCT15_15 , PCT15_30 , PCT15_45 , PCT15_60 , PCT15_75 , PCT15_90 , PCT15_100					बिक्री प्रतिशत पैमाना (0% से 100%)	बिक्री प्रतिशत पैमानो (0% सूं 100%)		Antigravity	09/26/2026 14:00:00
PCT15_0	Survey	SalesChannelsPct	PercentageOption, SalesChannels	Enum	0%	0% sales	Dropdown Option		PCT15_0							0%	0%		Antigravity	09/26/2026 14:00:00
PCT15_15	Survey	SalesChannelsPct	PercentageOption, SalesChannels	Enum	upto 15%	Up to 15% sales	Dropdown Option		PCT15_15							15% तक	15% तक		Antigravity	09/26/2026 14:00:00
PCT15_30	Survey	SalesChannelsPct	PercentageOption, SalesChannels	Enum	upto 30%	Up to 30% sales	Dropdown Option		PCT15_30							30% तक	30% तक		Antigravity	09/26/2026 14:00:00
PCT15_45	Survey	SalesChannelsPct	PercentageOption, SalesChannels	Enum	upto 45%	Up to 45% sales	Dropdown Option		PCT15_45							45% तक	45% तक		Antigravity	09/26/2026 14:00:00
PCT15_60	Survey	SalesChannelsPct	PercentageOption, SalesChannels	Enum	upto 60%	Up to 60% sales	Dropdown Option		PCT15_60							60% तक	60% तक		Antigravity	09/26/2026 14:00:00
PCT15_75	Survey	SalesChannelsPct	PercentageOption, SalesChannels	Enum	upto 75%	Up to 75% sales	Dropdown Option		PCT15_75							75% तक	75% तक		Antigravity	09/26/2026 14:00:00
PCT15_90	Survey	SalesChannelsPct	PercentageOption, SalesChannels	Enum	upto 90%	Up to 90% sales	Dropdown Option		PCT15_90							90% तक	90% तक		Antigravity	09/26/2026 14:00:00
PCT15_100	Survey	SalesChannelsPct	PercentageOption, SalesChannels	Enum	100%	100% sales	Dropdown Option		PCT15_100							100%	100%		Antigravity	09/26/2026 14:00:00
Q_A_01	Survey	Q_A_01_District	QuestionPrompt, SectionA	Enum	Q1. District	SectionA - Q1. District	Question Label		Q_A_01	DIST_BARAN , DIST_CHURU , DIST_DAUSA , DIST_DUNGARPUR , DIST_JODHPUR	DIST_BARAN , DIST_CHURU , DIST_DAUSA , DIST_DUNGARPUR , DIST_JODHPUR					Q1. जिला	Q1. जिलो		Antigravity	09/26/2026 14:00:00
DIST_BARAN	Survey	Q_A_01_District	SectionA_Option, DropdownOption	Enum	Baran	Baran	Dropdown Option		DIST_BARAN							बारां	बारां		Antigravity	09/26/2026 14:00:00
DIST_CHURU	Survey	Q_A_01_District	SectionA_Option, DropdownOption	Enum	Churu	Churu	Dropdown Option		DIST_CHURU							चूरू	चूरू		Antigravity	09/26/2026 14:00:00
DIST_DAUSA	Survey	Q_A_01_District	SectionA_Option, DropdownOption	Enum	Dausa	Dausa	Dropdown Option		DIST_DAUSA							दौसा	दौसा		Antigravity	09/26/2026 14:00:00
DIST_DUNGARPUR	Survey	Q_A_01_District	SectionA_Option, DropdownOption	Enum	Dungarpur	Dungarpur	Dropdown Option		DIST_DUNGARPUR							डूंगरपुर	डूंगरपुर		Antigravity	09/26/2026 14:00:00
DIST_JODHPUR	Survey	Q_A_01_District	SectionA_Option, DropdownOption	Enum	Jodhpur	Jodhpur	Dropdown Option		DIST_JODHPUR							जोधपुर	जोधपुर		Antigravity	09/26/2026 14:00:00
Q_A_02	Survey	Q_A_02_Block	QuestionPrompt, SectionA	Enum	Q2. Block	SectionA - Q2. Block	Question Label		Q_A_02	BLK_CHHIPABAROD , BLK_BARAN , BLK_RATANGARH , BLK_SUJANGARH , BLK_SIKANDRA , BLK_SAGWARA , BLK_GALIAKOT , BLK_MANDOR , BLK_LUNI , BLK_SHERGADH	BLK_CHHIPABAROD , BLK_BARAN , BLK_RATANGARH , BLK_SUJANGARH , BLK_SIKANDRA , BLK_SAGWARA , BLK_GALIAKOT , BLK_MANDOR , BLK_LUNI , BLK_SHERGADH					Q2. ब्लॉक / खंड	Q2. ब्लॉक		Antigravity	09/26/2026 14:00:00
BLK_CHHIPABAROD	Survey	Q_A_02_Block	SectionA_Option, DropdownOption	Enum	Chhipabarod	Chhipabarod	Dropdown Option		BLK_CHHIPABAROD							छीपाबड़ौद	छीपाबड़ौद		Antigravity	09/26/2026 14:00:00
BLK_BARAN	Survey	Q_A_02_Block	SectionA_Option, DropdownOption	Enum	Baran	Baran	Dropdown Option		BLK_BARAN							बारां	बारां		Antigravity	09/26/2026 14:00:00
BLK_RATANGARH	Survey	Q_A_02_Block	SectionA_Option, DropdownOption	Enum	Ratangarh	Ratangarh	Dropdown Option		BLK_RATANGARH							रतनगढ़	रतनगढ़		Antigravity	09/26/2026 14:00:00
BLK_SUJANGARH	Survey	Q_A_02_Block	SectionA_Option, DropdownOption	Enum	Sujangarh	Sujangarh	Dropdown Option		BLK_SUJANGARH							सुजानगढ़	सुजानगढ़		Antigravity	09/26/2026 14:00:00
BLK_SIKANDRA	Survey	Q_A_02_Block	SectionA_Option, DropdownOption	Enum	Sikandra	Sikandra	Dropdown Option		BLK_SIKANDRA							सिकंदरा	सिकंदरा		Antigravity	09/26/2026 14:00:00
BLK_SAGWARA	Survey	Q_A_02_Block	SectionA_Option, DropdownOption	Enum	Sagwara	Sagwara	Dropdown Option		BLK_SAGWARA							सागवाड़ा	सागवाड़ा		Antigravity	09/26/2026 14:00:00
BLK_GALIAKOT	Survey	Q_A_02_Block	SectionA_Option, DropdownOption	Enum	Galiakot	Galiakot	Dropdown Option		BLK_GALIAKOT							गलियाकोट	गलियाकोट		Antigravity	09/26/2026 14:00:00
BLK_MANDOR	Survey	Q_A_02_Block	SectionA_Option, DropdownOption	Enum	Mandor	Mandor	Dropdown Option		BLK_MANDOR							मंडोर	मंडोर		Antigravity	09/26/2026 14:00:00
BLK_LUNI	Survey	Q_A_02_Block	SectionA_Option, DropdownOption	Enum	Luni	Luni	Dropdown Option		BLK_LUNI							लूणी	लूणी		Antigravity	09/26/2026 14:00:00
BLK_SHERGADH	Survey	Q_A_02_Block	SectionA_Option, DropdownOption	Enum	Shergadh	Shergadh	Dropdown Option		BLK_SHERGADH							शेरगढ़	शेरगढ़		Antigravity	09/26/2026 14:00:00
Q_A_03	Survey	Q_A_03_VillageGP	QuestionPrompt, SectionA	Text	Q3. Village/GP	SectionA - Q3. Village/GP	Question Label		Q_A_03							Q3. गांव / ग्राम पंचायत	Q3. गाँव / ग्राम पंचायत		Antigravity	09/26/2026 14:00:00
Q_A_04	Survey	Q_A_04_RespondentName	QuestionPrompt, SectionA	Text	Q4. Respondent Name	SectionA - Q4. Respondent Name	Question Label		Q_A_04							Q4. उत्तरदाता का नाम	Q4. उत्तरदाता रो नाम		Antigravity	09/26/2026 14:00:00
Q_A_05	Survey	Q_A_05_RespondentPhone	QuestionPrompt, SectionA	Phone	Q5. Respondent’s phone number	SectionA - Q5. Respondent’s phone number	Question Label		Q_A_05							Q5. संपर्क नंबर (मोबाइल)	Q5. मोबाइल नंबर		Antigravity	09/26/2026 14:00:00
Q_A_06	Survey	Q_A_06_SHGName	QuestionPrompt, SectionA	Text	Q6. SHG Name	SectionA - Q6. SHG Name	Question Label		Q_A_06							Q6. स्वयं सहायता समूह (SHG) का नाम	Q6. समूह (SHG) रो नाम		Antigravity	09/26/2026 14:00:00
Q_A_07	Survey	Q_A_07_VOName	QuestionPrompt, SectionA	Text	Q7. VO Name	SectionA - Q7. VO Name	Question Label		Q_A_07							Q7. ग्राम संगठन (VO) का नाम	Q7. ग्राम संगठन (VO) रो नाम		Antigravity	09/26/2026 14:00:00
Q_A_08	Survey	Q_A_08_CLFName	QuestionPrompt, SectionA	Text	Q8. CLF Name	SectionA - Q8. CLF Name	Question Label		Q_A_08							Q8. क्लस्टर लेवल फेडरेशन (CLF) का नाम	Q8. सीएलएफ (CLF) रो नाम		Antigravity	09/26/2026 14:00:00
Q_A_09	Survey	Q_A_09_SHGMembershipYears	QuestionPrompt, SectionA	Number	Q9. Years of SHG membership	SectionA - Q9. Years of SHG membership	Question Label		Q_A_09							Q9. स्वयं सहायता समूह से कितने वर्षों से जुड़ी हैं?	Q9. समूह में कित्ता साल सूं जुड़ेड़ा हो?		Antigravity	09/26/2026 14:00:00
Q_A_10	Survey	Q_A_10_LeadershipRole	QuestionPrompt, SectionA	Enum	Q10. Have you been in a leadership role in SHG/CLF/VO?	SectionA - Q10. Have you been in a leadership role in SHG/CLF/VO?	Question Label		Q_A_10	OPT_YES_Q_A_10 , OPT_NO_Q_A_10	OPT_YES_Q_A_10 , OPT_NO_Q_A_10					Q10. क्या आप SHG/VO/CLF में किसी नेतृत्व पद (अध्यक्ष/सचिव/कोषाध्यक्ष) पर हैं?	Q10. कांई थे समूह/VO/CLF में पदाधिकारी/लीडर हो?		Antigravity	09/26/2026 14:00:00
OPT_YES_Q_A_10	Survey	Q_A_10_LeadershipRole	SectionA_Option, DropdownOption	Enum	Yes	Yes	Dropdown Option		OPT_YES_Q_A_10							हाँ	हाँ		Antigravity	09/26/2026 14:00:00
OPT_NO_Q_A_10	Survey	Q_A_10_LeadershipRole	SectionA_Option, DropdownOption	Enum	No	No	Dropdown Option		OPT_NO_Q_A_10							नहीं	नी		Antigravity	09/26/2026 14:00:00
Q_A_11	Survey	Q_A_11_LeadershipYears	QuestionPrompt, SectionA	Number	Q11. Years of experience in leadership roles?	SectionA - Q11. Years of experience in leadership roles?	Question Label		Q_A_11							Q11. नेतृत्व पद पर कितने वर्षों का अनुभव है?	Q11. पद पै कित्ता साल रो अनुभव है?		Antigravity	09/26/2026 14:00:00
Q_A_12	Survey	Q_A_12_RelatedToCRP	QuestionPrompt, SectionA	Enum	Q12. Are you related to any of the SVEP/OSF CRP?	SectionA - Q12. Are you related to any of the SVEP/OSF CRP?	Question Label		Q_A_12	OPT_YES_Q_A_12 , OPT_NO_Q_A_12	OPT_YES_Q_A_12 , OPT_NO_Q_A_12					Q12. क्या आप SVEP/OSF के किसी CRP (उद्यम मित्र) की रिश्तेदार हैं?	Q12. कांई थे कोई CRP रा रिश्तेदार हो?		Antigravity	09/26/2026 14:00:00
OPT_YES_Q_A_12	Survey	Q_A_12_RelatedToCRP	SectionA_Option, DropdownOption	Enum	Yes	Yes	Dropdown Option		OPT_YES_Q_A_12							हाँ	हाँ		Antigravity	09/26/2026 14:00:00
OPT_NO_Q_A_12	Survey	Q_A_12_RelatedToCRP	SectionA_Option, DropdownOption	Enum	No	No	Dropdown Option		OPT_NO_Q_A_12							नहीं	नी		Antigravity	09/26/2026 14:00:00
Q_A_13	Survey	Q_A_13_EPInterventionType	QuestionPrompt, SectionA	Enum	Q13. Type of Enterprise Promotion (EP) intervention	SectionA - Q13. Type of Enterprise Promotion (EP) intervention	Question Label		Q_A_13	INT_SVEP , INT_OSF , INT_OSF_PHASED , INT_DONT_KNOW	INT_SVEP , INT_OSF , INT_OSF_PHASED , INT_DONT_KNOW					Q13. उद्यम संवर्धन योजना का प्रकार	Q13. उद्यम योजना रो प्रकार		Antigravity	09/26/2026 14:00:00
INT_SVEP	Survey	Q_A_13_EPInterventionType	SectionA_Option, DropdownOption	Enum	SVEP	SVEP (Startup Village Entrepreneurship Program)	Dropdown Option		INT_SVEP							एसवीईपी (स्टार्टअप विलेज एंटरप्रेन्योरशिप प्रोग्राम)	एसवीईपी		Antigravity	09/26/2026 14:00:00
INT_OSF	Survey	Q_A_13_EPInterventionType	SectionA_Option, DropdownOption	Enum	OSF	OSF (One Stop Facility)	Dropdown Option		INT_OSF							ओएसएफ (वन स्टॉप फैसिलिटी)	ओएसएफ		Antigravity	09/26/2026 14:00:00
INT_OSF_PHASED	Survey	Q_A_13_EPInterventionType	SectionA_Option, DropdownOption	Enum	OSF phased out	OSF Phased Out	Dropdown Option		INT_OSF_PHASED							ओएसएफ फेज आउट	ओएसएफ फेज आउट		Antigravity	09/26/2026 14:00:00
INT_DONT_KNOW	Survey	Q_A_13_EPInterventionType	SectionA_Option, DropdownOption	Enum	Don't know	Don't Know	Dropdown Option		INT_DONT_KNOW							पता नहीं	ठा नी		Antigravity	09/26/2026 14:00:00
Q_A_14	Survey	Q_A_14_EnterpriseName	QuestionPrompt, SectionA	Text	Q14. Enterprise Name	SectionA - Q14. Enterprise Name	Question Label		Q_A_14							Q14. उद्यम का नाम	Q14. उद्यम/दुकान रो नाम		Antigravity	09/26/2026 14:00:00
Q_A_15	Survey	Q_A_15_EnterpriseSetupYear	QuestionPrompt, SectionA	Number	Q15. Years of setting up enterprise	SectionA - Q15. Years of setting up enterprise	Question Label		Q_A_15							Q15. उद्यम की स्थापना का वर्ष	Q15. काम-धंधो सरू करण रो साल		Antigravity	09/26/2026 14:00:00
Q_A_16	Survey	Q_A_16_BusinessType	QuestionPrompt, SectionA	EnumList	Q16. Type of business enterprise (Multiselect)	SectionA - Q16. Type of business enterprise (Multiselect)	Question Label		Q_A_16	BTY_TRADING , BTY_SERVICING , BTY_MANUFACTURING	BTY_TRADING , BTY_SERVICING , BTY_MANUFACTURING					Q16. व्यवसाय / उद्यम का प्रकार (बहु-चयन)	Q16. धंधे रो प्रकार		Antigravity	09/26/2026 14:00:00
BTY_TRADING	Survey	Q_A_16_BusinessType	SectionA_Option, DropdownOption	Enum	Trading	Trading	Dropdown Option		BTY_TRADING							ट्रेडिंग / व्यापार	व्यापार		Antigravity	09/26/2026 14:00:00
BTY_SERVICING	Survey	Q_A_16_BusinessType	SectionA_Option, DropdownOption	Enum	Servicing	Servicing	Dropdown Option		BTY_SERVICING							सर्विसिंग / सेवा	सेवा		Antigravity	09/26/2026 14:00:00
BTY_MANUFACTURING	Survey	Q_A_16_BusinessType	SectionA_Option, DropdownOption	Enum	Manufacturing/ production	Manufacturing / Production	Dropdown Option		BTY_MANUFACTURING							मैन्युफैक्चरिंग / उत्पादन	उत्पादन		Antigravity	09/26/2026 14:00:00
Q_A_17	Survey	Q_A_17_BusinessActivities	QuestionPrompt, SectionA	EnumList	Q17. Main business activities of the enterprise (Multiselect)	SectionA - Q17. Main business activities of the enterprise (Multiselect)	Question Label		Q_A_17	ACT_VEG_FRUIT , ACT_GROCERY , ACT_FANCY_STORE , ACT_APPAREL , ACT_ELECTRIC_GOODS , ACT_STONE_SHOP , ACT_AGRI_INPUT , ACT_AI_BREEDING , ACT_GOAT_TRADING , ACT_FLOUR_MILL , ACT_TAILORING , ACT_BEAUTY_PARLOUR , ACT_AUTO_REPAIR , ACT_EMITRA , ACT_TRANSPORT , ACT_TENT_HOUSE , ACT_MOBILE_REPAIR , ACT_STONE_CUTTING , ACT_SANITARY_NAPKIN , ACT_HANDICRAFT , ACT_DAIRY_MILK , ACT_JUICE , ACT_FOOD_PROCESSING , ACT_FOOD_MAKING , ACT_SWEET_BOX , ACT_FLAG_MAKING , ACT_LEATHER_PRODUCTS , ACT_STONE_IDOLS , ACT_ANY_OTHER	ACT_VEG_FRUIT , ACT_GROCERY , ACT_FANCY_STORE , ACT_APPAREL , ACT_ELECTRIC_GOODS , ACT_STONE_SHOP , ACT_AGRI_INPUT , ACT_AI_BREEDING , ACT_GOAT_TRADING , ACT_FLOUR_MILL , ACT_TAILORING , ACT_BEAUTY_PARLOUR , ACT_AUTO_REPAIR , ACT_EMITRA , ACT_TRANSPORT , ACT_TENT_HOUSE , ACT_MOBILE_REPAIR , ACT_STONE_CUTTING , ACT_SANITARY_NAPKIN , ACT_HANDICRAFT , ACT_DAIRY_MILK , ACT_JUICE , ACT_FOOD_PROCESSING , ACT_FOOD_MAKING , ACT_SWEET_BOX , ACT_FLAG_MAKING , ACT_LEATHER_PRODUCTS , ACT_STONE_IDOLS , ACT_ANY_OTHER					Q17. उद्यम की मुख्य व्यावसायिक गतिविधियां (बहु-चयन)	Q17. उद्यम री मुख्य गतिविधियां		Antigravity	09/26/2026 14:00:00
ACT_VEG_FRUIT	Survey	Q_A_17_BusinessActivities	SectionA_Option, DropdownOption	Enum	Vegetable/Fruit	[T] Vegetable / Fruit	Dropdown Option		ACT_VEG_FRUIT							[T] सब्जी / फल	[T] सब्जी / फल		Antigravity	09/26/2026 14:00:00
ACT_GROCERY	Survey	Q_A_17_BusinessActivities	SectionA_Option, DropdownOption	Enum	Grocery	[T] Grocery	Dropdown Option		ACT_GROCERY							[T] किराना	[T] किराणा		Antigravity	09/26/2026 14:00:00
ACT_FANCY_STORE	Survey	Q_A_17_BusinessActivities	SectionA_Option, DropdownOption	Enum	Fancy/Cosmetic/General store	[T] Fancy / Cosmetic / General store	Dropdown Option		ACT_FANCY_STORE							[T] फैंसी / कॉस्मेटिक / जनरल स्टोर	[T] प्रसाधन / जनरल स्टोर		Antigravity	09/26/2026 14:00:00
ACT_APPAREL	Survey	Q_A_17_BusinessActivities	SectionA_Option, DropdownOption	Enum	Apparel/fabric	[T] Apparel / fabric	Dropdown Option		ACT_APPAREL							[T] कपड़ा / रेडीमेड वस्त्र	[T] कपड़ा / वेशभूषा		Antigravity	09/26/2026 14:00:00
ACT_ELECTRIC_GOODS	Survey	Q_A_17_BusinessActivities	SectionA_Option, DropdownOption	Enum	Electric goods	[T] Electric goods	Dropdown Option		ACT_ELECTRIC_GOODS							[T] इलेक्ट्रिक सामान	[T] बिजली रो सामान		Antigravity	09/26/2026 14:00:00
ACT_STONE_SHOP	Survey	Q_A_17_BusinessActivities	SectionA_Option, DropdownOption	Enum	Stone shop	[T] Stone shop	Dropdown Option		ACT_STONE_SHOP							[T] पत्थर की दुकान	[T] भाटां/पत्थर री दुकान		Antigravity	09/26/2026 14:00:00
ACT_AGRI_INPUT	Survey	Q_A_17_BusinessActivities	SectionA_Option, DropdownOption	Enum	Agri-input retail	[T] Agri-input retail	Dropdown Option		ACT_AGRI_INPUT							[T] कृषि आदान खुदरा (खाद/बीज/दवाई)	[T] खाद-बीज री दुकान		Antigravity	09/26/2026 14:00:00
ACT_AI_BREEDING	Survey	Q_A_17_BusinessActivities	SectionA_Option, DropdownOption	Enum	AI/breeding kits	[T] AI / breeding kits	Dropdown Option		ACT_AI_BREEDING							[T] कृत्रिम गर्भाधान (AI) / ब्रीडिंग किट	[T] पशु गर्भाधान / ब्रीडिंग किट		Antigravity	09/26/2026 14:00:00
ACT_GOAT_TRADING	Survey	Q_A_17_BusinessActivities	SectionA_Option, DropdownOption	Enum	Goat trading	[T] Goat trading	Dropdown Option		ACT_GOAT_TRADING							[T] बकरी व्यापार / पशु क्रय-विक्रय	[T] बकरी लेन-देन / बकरा व्यापार		Antigravity	09/26/2026 14:00:00
ACT_FLOUR_MILL	Survey	Q_A_17_BusinessActivities	SectionA_Option, DropdownOption	Enum	Flour mill	[S] Flour mill (Chakki)	Dropdown Option		ACT_FLOUR_MILL							[S] आटा चक्की	[S] आटा चक्की		Antigravity	09/26/2026 14:00:00
ACT_TAILORING	Survey	Q_A_17_BusinessActivities	SectionA_Option, DropdownOption	Enum	Tailoring	[S] Tailoring	Dropdown Option		ACT_TAILORING							[S] सिलाई / टेलरिंग	[S] सिलाई / दर्जी काम		Antigravity	09/26/2026 14:00:00
ACT_BEAUTY_PARLOUR	Survey	Q_A_17_BusinessActivities	SectionA_Option, DropdownOption	Enum	Beauty parlour	[S] Beauty parlour	Dropdown Option		ACT_BEAUTY_PARLOUR							[S] ब्यूटी पार्लर	[S] ब्यूटी पार्लर		Antigravity	09/26/2026 14:00:00
ACT_AUTO_REPAIR	Survey	Q_A_17_BusinessActivities	SectionA_Option, DropdownOption	Enum	Auto-mechanic/ two-wheeler repair	[S] Auto-mechanic / two-wheeler repair	Dropdown Option		ACT_AUTO_REPAIR							[S] ऑटो मैकेनिक / दोपहिया मरम्मत	[S] गाड़ी/मोटरसाइकिल मिस्त्री		Antigravity	09/26/2026 14:00:00
ACT_EMITRA	Survey	Q_A_17_BusinessActivities	SectionA_Option, DropdownOption	Enum	E-mitra	[S] E-mitra / Online kiosk	Dropdown Option		ACT_EMITRA							[S] ई-मित्र / ऑनलाइन केंद्र	[S] ई-मित्र केंद्र		Antigravity	09/26/2026 14:00:00
ACT_TRANSPORT	Survey	Q_A_17_BusinessActivities	SectionA_Option, DropdownOption	Enum	Transport	[S] Transport	Dropdown Option		ACT_TRANSPORT							[S] परिवहन / वाहन	[S] गाड़ी भाड़ा / परिवहन		Antigravity	09/26/2026 14:00:00
ACT_TENT_HOUSE	Survey	Q_A_17_BusinessActivities	SectionA_Option, DropdownOption	Enum	Tent house	[S] Tent house	Dropdown Option		ACT_TENT_HOUSE							[S] टेंट हाउस	[S] टेंट हाउस		Antigravity	09/26/2026 14:00:00
ACT_MOBILE_REPAIR	Survey	Q_A_17_BusinessActivities	SectionA_Option, DropdownOption	Enum	Mobile repair shop	[S] Mobile repair shop	Dropdown Option		ACT_MOBILE_REPAIR							[S] मोबाइल रिपेयर दुकान	[S] मोबाइल ठीक करण री दुकान		Antigravity	09/26/2026 14:00:00
ACT_STONE_CUTTING	Survey	Q_A_17_BusinessActivities	SectionA_Option, DropdownOption	Enum	Stone cutting	[S] Stone cutting	Dropdown Option		ACT_STONE_CUTTING							[S] पत्थर कटाई	[S] पत्थर कटाई		Antigravity	09/26/2026 14:00:00
ACT_SANITARY_NAPKIN	Survey	Q_A_17_BusinessActivities	SectionA_Option, DropdownOption	Enum	Sanitary napkin making	[P] Sanitary napkin making	Dropdown Option		ACT_SANITARY_NAPKIN							[P] सैनिटरी नैपकिन निर्माण	[P] सैनिटरी पैड बणावण		Antigravity	09/26/2026 14:00:00
ACT_HANDICRAFT	Survey	Q_A_17_BusinessActivities	SectionA_Option, DropdownOption	Enum	Handicraft	[P] Handicraft	Dropdown Option		ACT_HANDICRAFT							[P] हस्तशिल्प / कसीदाकारी	[P] हाथ रो काम / कसीदाकारी		Antigravity	09/26/2026 14:00:00
ACT_DAIRY_MILK	Survey	Q_A_17_BusinessActivities	SectionA_Option, DropdownOption	Enum	Dairy shop/Milk collection centre	[P] Dairy shop / Milk collection centre	Dropdown Option		ACT_DAIRY_MILK							[P] डेयरी दुकान / दुग्ध संकलन केंद्र	[P] दूध डेरी / संकलन केंद्र		Antigravity	09/26/2026 14:00:00
ACT_JUICE	Survey	Q_A_17_BusinessActivities	SectionA_Option, DropdownOption	Enum	Juice	[P] Juice	Dropdown Option		ACT_JUICE							[P] जूस की दुकान	[P] जूस री दुकान		Antigravity	09/26/2026 14:00:00
ACT_FOOD_PROCESSING	Survey	Q_A_17_BusinessActivities	SectionA_Option, DropdownOption	Enum	Food processing (pickle/badi/papad making)	[P] Food processing (pickle/badi/papad)	Dropdown Option		ACT_FOOD_PROCESSING							[P] खाद्य प्रसंस्करण (अचार/बड़ी/पापड़ निर्माण)	[P] अचार, पापड़, बड़ी बणावण		Antigravity	09/26/2026 14:00:00
ACT_FOOD_MAKING	Survey	Q_A_17_BusinessActivities	SectionA_Option, DropdownOption	Enum	Food making (Sweets/Namkeen/hotel)	[P] Food making (Sweets/Namkeen/hotel)	Dropdown Option		ACT_FOOD_MAKING							[P] मिठाई / नमकीन / ढाबा / होटल	[P] मिठाई / नमकीन / होटल		Antigravity	09/26/2026 14:00:00
ACT_SWEET_BOX	Survey	Q_A_17_BusinessActivities	SectionA_Option, DropdownOption	Enum	Sweet box making	[P] Sweet box making	Dropdown Option		ACT_SWEET_BOX							[P] मिठाई के डिब्बे बनाना	[P] मिठाई रा डिब्बा बणावण		Antigravity	09/26/2026 14:00:00
ACT_FLAG_MAKING	Survey	Q_A_17_BusinessActivities	SectionA_Option, DropdownOption	Enum	Flag making	[P] Flag making	Dropdown Option		ACT_FLAG_MAKING							[P] झंडा निर्माण	[P] झंडा बणावण		Antigravity	09/26/2026 14:00:00
ACT_LEATHER_PRODUCTS	Survey	Q_A_17_BusinessActivities	SectionA_Option, DropdownOption	Enum	Leather products	[P] Leather products	Dropdown Option		ACT_LEATHER_PRODUCTS							[P] चमड़े के उत्पाद / जूते	[P] चामड़ा रो काम / जूता		Antigravity	09/26/2026 14:00:00
ACT_STONE_IDOLS	Survey	Q_A_17_BusinessActivities	SectionA_Option, DropdownOption	Enum	Stone idols	[P] Stone idols	Dropdown Option		ACT_STONE_IDOLS							[P] पत्थर की मूर्तियां	[P] पत्थर री मूर्तियां बणावण		Antigravity	09/26/2026 14:00:00
ACT_ANY_OTHER	Survey	Q_A_17_BusinessActivities	SectionA_Option, DropdownOption	Enum	Any other	Any other activity	Dropdown Option		ACT_ANY_OTHER							अन्य कोई गतिविधि	दूजो कोई काम		Antigravity	09/26/2026 14:00:00
Q_A_18	Survey	Q_A_18_LoanReceivedYear	QuestionPrompt, SectionA	Number	Q18. Years of receiving SVEP/OSF loan?	SectionA - Q18. Years of receiving SVEP/OSF loan?	Question Label		Q_A_18							Q18. SVEP/OSF ऋण किस वर्ष में प्राप्त हुआ?	Q18. लोन किण साल में मिल्यो?		Antigravity	09/26/2026 14:00:00
Q_A_19	Survey	Q_A_19_MaintainSeparateRecords	QuestionPrompt, SectionA	Enum	Q19. Do you maintain separate records for all the businesses	SectionA - Q19. Do you maintain separate records for all the businesses	Question Label		Q_A_19	OPT_YES_Q_A_19 , OPT_NO_Q_A_19	OPT_YES_Q_A_19 , OPT_NO_Q_A_19					Q19. क्या आप सभी व्यवसायों के अलग-अलग खाते/रिकॉर्ड रखती हैं?	Q19. कांई थे सगळा कामां रो अलग हिसाब राखो हो?		Antigravity	09/26/2026 14:00:00
OPT_YES_Q_A_19	Survey	Q_A_19_MaintainSeparateRecords	SectionA_Option, DropdownOption	Enum	Yes	Yes	Dropdown Option		OPT_YES_Q_A_19							हाँ	हाँ		Antigravity	09/26/2026 14:00:00
OPT_NO_Q_A_19	Survey	Q_A_19_MaintainSeparateRecords	SectionA_Option, DropdownOption	Enum	No	No	Dropdown Option		OPT_NO_Q_A_19							नहीं	नी		Antigravity	09/26/2026 14:00:00
Q_A_20	Survey	Q_A_20_RegistrationsDocuments	QuestionPrompt, SectionA	EnumList	Q20. Do you have the following registrations/documents?	SectionA - Q20. Do you have the following registrations/documents?	Question Label		Q_A_20	DOC_PAN , DOC_AADHAR , DOC_UDYAM , DOC_SHOP_EST , DOC_FSSAI , DOC_CASTE , DOC_INCOME	DOC_PAN , DOC_AADHAR , DOC_UDYAM , DOC_SHOP_EST , DOC_FSSAI , DOC_CASTE , DOC_INCOME					Q20. क्या आपके पास निम्नलिखित पंजीकरण / दस्तावेज हैं?	Q20. कांई थारे कनै ये कागज/दस्तावेज है?		Antigravity	09/26/2026 14:00:00
DOC_PAN	Survey	Q_A_20_RegistrationsDocuments	SectionA_Option, DropdownOption	Enum	PAN card	PAN Card	Dropdown Option		DOC_PAN							पैन कार्ड	पैन कार्ड		Antigravity	09/26/2026 14:00:00
DOC_AADHAR	Survey	Q_A_20_RegistrationsDocuments	SectionA_Option, DropdownOption	Enum	Aadhar card	Aadhar Card	Dropdown Option		DOC_AADHAR							आधार कार्ड	आधार कार्ड		Antigravity	09/26/2026 14:00:00
DOC_UDYAM	Survey	Q_A_20_RegistrationsDocuments	SectionA_Option, DropdownOption	Enum	Udyam Aadhar	Udyam Aadhar / MSME	Dropdown Option		DOC_UDYAM							उद्यम आधार (MSME)	उद्यम आधार		Antigravity	09/26/2026 14:00:00
DOC_SHOP_EST	Survey	Q_A_20_RegistrationsDocuments	SectionA_Option, DropdownOption	Enum	Shop and Establishment registration	Shop & Establishment Act Registration	Dropdown Option		DOC_SHOP_EST							दुकान एवं स्थापना पंजीकरण (गुमाश्ता)	दुकान पंजीकरण		Antigravity	09/26/2026 14:00:00
DOC_FSSAI	Survey	Q_A_20_RegistrationsDocuments	SectionA_Option, DropdownOption	Enum	FSSAI	FSSAI (Food License)	Dropdown Option		DOC_FSSAI							एफएसएसएआई (खाद्य लाइसेंस)	खाद्य लाइसेंस		Antigravity	09/26/2026 14:00:00
DOC_CASTE	Survey	Q_A_20_RegistrationsDocuments	SectionA_Option, DropdownOption	Enum	Caste certificate	Caste Certificate	Dropdown Option		DOC_CASTE							जाति प्रमाण पत्र	जाति प्रमाण पत्र		Antigravity	09/26/2026 14:00:00
DOC_INCOME	Survey	Q_A_20_RegistrationsDocuments	SectionA_Option, DropdownOption	Enum	Income certificate	Income Certificate	Dropdown Option		DOC_INCOME							आय प्रमाण पत्र	आय प्रमाण पत्र		Antigravity	09/26/2026 14:00:00
Q_B_01	Survey	Q_B_01_RespondentAge	QuestionPrompt, SectionB	Enum	Q1. What is the age of the respondent?	SectionB - Q1. What is the age of the respondent?	Question Label		Q_B_01	AGE_18_25 , AGE_26_35 , AGE_36_45 , AGE_46_55 , AGE_ABOVE_55	AGE_18_25 , AGE_26_35 , AGE_36_45 , AGE_46_55 , AGE_ABOVE_55					Q1. उत्तरदाता की आयु क्या है?	Q1. थारी उमर कित्ती है?		Antigravity	09/26/2026 14:00:00
AGE_18_25	Survey	Q_B_01_RespondentAge	SectionB_Option, DropdownOption	Enum	18-25	18-25 years	Dropdown Option		AGE_18_25							18-25 वर्ष	18-25 साल		Antigravity	09/26/2026 14:00:00
AGE_26_35	Survey	Q_B_01_RespondentAge	SectionB_Option, DropdownOption	Enum	26-35	26-35 years	Dropdown Option		AGE_26_35							26-35 वर्ष	26-35 साल		Antigravity	09/26/2026 14:00:00
AGE_36_45	Survey	Q_B_01_RespondentAge	SectionB_Option, DropdownOption	Enum	36-45	36-45 years	Dropdown Option		AGE_36_45							36-45 वर्ष	36-45 साल		Antigravity	09/26/2026 14:00:00
AGE_46_55	Survey	Q_B_01_RespondentAge	SectionB_Option, DropdownOption	Enum	46-55	46-55 years	Dropdown Option		AGE_46_55							46-55 वर्ष	46-55 साल		Antigravity	09/26/2026 14:00:00
AGE_ABOVE_55	Survey	Q_B_01_RespondentAge	SectionB_Option, DropdownOption	Enum	Above 55	Above 55 years	Dropdown Option		AGE_ABOVE_55							55 वर्ष से अधिक	55 साल सूं बत्ती		Antigravity	09/26/2026 14:00:00
Q_B_02	Survey	Q_B_02_MaritalStatus	QuestionPrompt, SectionB	Enum	Q2. What is the marital status?	SectionB - Q2. What is the marital status?	Question Label		Q_B_02	MAR_SINGLE , MAR_MARRIED , MAR_WIDOWED , MAR_SEPARATED , MAR_DIVORCED	MAR_SINGLE , MAR_MARRIED , MAR_WIDOWED , MAR_SEPARATED , MAR_DIVORCED					Q2. वैवाहिक स्थिति क्या है?	Q2. ब्याह री स्थिति		Antigravity	09/26/2026 14:00:00
MAR_SINGLE	Survey	Q_B_02_MaritalStatus	SectionB_Option, DropdownOption	Enum	Single	Single / Unmarried	Dropdown Option		MAR_SINGLE							अविवाहित	कुंवारी		Antigravity	09/26/2026 14:00:00
MAR_MARRIED	Survey	Q_B_02_MaritalStatus	SectionB_Option, DropdownOption	Enum	Married	Married	Dropdown Option		MAR_MARRIED							विवाहित	परणी		Antigravity	09/26/2026 14:00:00
MAR_WIDOWED	Survey	Q_B_02_MaritalStatus	SectionB_Option, DropdownOption	Enum	Widowed	Widowed	Dropdown Option		MAR_WIDOWED							विधवा	रांड		Antigravity	09/26/2026 14:00:00
MAR_SEPARATED	Survey	Q_B_02_MaritalStatus	SectionB_Option, DropdownOption	Enum	Separated	Separated	Dropdown Option		MAR_SEPARATED							अलग रह रही	न्यारी		Antigravity	09/26/2026 14:00:00
MAR_DIVORCED	Survey	Q_B_02_MaritalStatus	SectionB_Option, DropdownOption	Enum	Divorced	Divorced	Dropdown Option		MAR_DIVORCED							तलाकशुदा	छूटा-छेड़ा		Antigravity	09/26/2026 14:00:00
Q_B_03	Survey	Q_B_03_SocialCategory	QuestionPrompt, SectionB	Enum	Q3. What is the social category?	SectionB - Q3. What is the social category?	Question Label		Q_B_03	CST_SC , CST_ST , CST_OBC , CST_GEN	CST_SC , CST_ST , CST_OBC , CST_GEN					Q3. सामाजिक श्रेणी / जाति वर्ग	Q3. सामाजिक वर्ग / जात		Antigravity	09/26/2026 14:00:00
CST_SC	Survey	Q_B_03_SocialCategory	SectionB_Option, DropdownOption	Enum	SC	Scheduled Caste (SC)	Dropdown Option		CST_SC							अनुसूचित जाति (SC)	अनुसूचित जाति (SC)		Antigravity	09/26/2026 14:00:00
CST_ST	Survey	Q_B_03_SocialCategory	SectionB_Option, DropdownOption	Enum	ST	Scheduled Tribe (ST)	Dropdown Option		CST_ST							अनुसूचित जनजाति (ST)	अनुसूचित जनजाति (ST)		Antigravity	09/26/2026 14:00:00
CST_OBC	Survey	Q_B_03_SocialCategory	SectionB_Option, DropdownOption	Enum	OBC	Other Backward Classes (OBC)	Dropdown Option		CST_OBC							अन्य पिछड़ा वर्ग (OBC)	अन्य पिछड़ा वर्ग (OBC)		Antigravity	09/26/2026 14:00:00
CST_GEN	Survey	Q_B_03_SocialCategory	SectionB_Option, DropdownOption	Enum	General	General	Dropdown Option		CST_GEN							सामान्य (General)	सामान्य (General)		Antigravity	09/26/2026 14:00:00
Q_B_04	Survey	Q_B_04_EducationStatus	QuestionPrompt, SectionB	Enum	Q4. What is the education status?	SectionB - Q4. What is the education status?	Question Label		Q_B_04	EDU_ILLITERATE , EDU_ILLITERATE_CALC , EDU_5TH , EDU_8TH , EDU_10TH , EDU_12TH , EDU_DIPLOMA , EDU_GRADUATE , EDU_BED	EDU_ILLITERATE , EDU_ILLITERATE_CALC , EDU_5TH , EDU_8TH , EDU_10TH , EDU_12TH , EDU_DIPLOMA , EDU_GRADUATE , EDU_BED					Q4. उत्तरदाता की शैक्षिक योग्यता क्या है?	Q4. थारी पढ़ाई-लिखाई कित्ती है?		Antigravity	09/26/2026 14:00:00
EDU_ILLITERATE	Survey	Q_B_04_EducationStatus	SectionB_Option, DropdownOption	Enum	Illiterate	Illiterate	Dropdown Option		EDU_ILLITERATE							निरक्षर	अनपढ़		Antigravity	09/26/2026 14:00:00
EDU_ILLITERATE_CALC	Survey	Q_B_04_EducationStatus	SectionB_Option, DropdownOption	Enum	Illiterate but able to calculate	Illiterate (can sign & calculate)	Dropdown Option		EDU_ILLITERATE_CALC							निरक्षर (हस्ताक्षर और गणना में सक्षम)	दस्तखत अर हिसाब जाणती		Antigravity	09/26/2026 14:00:00
EDU_5TH	Survey	Q_B_04_EducationStatus	SectionB_Option, DropdownOption	Enum	Upto 5th	Primary (up to 5th)	Dropdown Option		EDU_5TH							प्राथमिक (5वीं तक)	5वीं तांई		Antigravity	09/26/2026 14:00:00
EDU_8TH	Survey	Q_B_04_EducationStatus	SectionB_Option, DropdownOption	Enum	Upto 8th	Middle (up to 8th)	Dropdown Option		EDU_8TH							माध्यमिक (8वीं तक)	8वीं तांई		Antigravity	09/26/2026 14:00:00
EDU_10TH	Survey	Q_B_04_EducationStatus	SectionB_Option, DropdownOption	Enum	Upto 10th	Secondary (10th)	Dropdown Option		EDU_10TH							10वीं	10वीं		Antigravity	09/26/2026 14:00:00
EDU_12TH	Survey	Q_B_04_EducationStatus	SectionB_Option, DropdownOption	Enum	Upto 12th	Senior Secondary (12th)	Dropdown Option		EDU_12TH							12वीं	12वीं		Antigravity	09/26/2026 14:00:00
EDU_DIPLOMA	Survey	Q_B_04_EducationStatus	SectionB_Option, DropdownOption	Enum	Diploma	Diploma / ITI	Dropdown Option		EDU_DIPLOMA							डिप्लोमा / आईटीआई	डिप्लोमा		Antigravity	09/26/2026 14:00:00
EDU_GRADUATE	Survey	Q_B_04_EducationStatus	SectionB_Option, DropdownOption	Enum	Graduate	Graduate & Above	Dropdown Option		EDU_GRADUATE							स्नातक या उससे अधिक	कॉलेज पास		Antigravity	09/26/2026 14:00:00
EDU_BED	Survey	Q_B_04_EducationStatus	SectionB_Option, DropdownOption	Enum	B.Ed	Professional Degree / B.Ed.	Dropdown Option		EDU_BED							व्यावसायिक डिग्री (B.Ed आदि)	डिग्री		Antigravity	09/26/2026 14:00:00
Q_B_05	Survey	Q_B_05_FamilyMemberCount	QuestionPrompt, SectionB	Number	Q5. How many members are in the family? ------- (count)	SectionB - Q5. How many members are in the family? ------- (count)	Question Label		Q_B_05							Q5. परिवार में कुल कितने सदस्य हैं? ------- (संख्या)	Q5. परिवार में कुल कित्ता सदस्य है? ------- (गिनती)		Antigravity	09/26/2026 14:00:00
Q_B_06_01	Survey	Q_B_06_01_Adults	QuestionPrompt, SectionB	Number	Adults (Above 18)-------	SectionB - Adults (Above 18)-------	Question Label		Q_B_06_01							वयस्क (18 वर्ष से ऊपर)-------	बड़ा (18 सूं ऊपर)-------		Antigravity	09/26/2026 14:00:00
Q_B_06_02	Survey	Q_B_06_02_Children	QuestionPrompt, SectionB	Number	Children —-------	SectionB - Children —-------	Question Label		Q_B_06_02							बच्चे (18 वर्ष से कम)-------	टाबर (18 सूं कम)-------		Antigravity	09/26/2026 14:00:00
Q_B_06_03	Survey	Q_B_06_03_TotalEarning	QuestionPrompt, SectionB	Number	Total earning members ------	SectionB - Total earning members ------	Question Label		Q_B_06_03							कुल कमाने वाले सदस्य------	कुल कमावणिया सदस्य------		Antigravity	09/26/2026 14:00:00
Q_B_06_04	Survey	Q_B_06_04_MaleEarning	QuestionPrompt, SectionB	Number	Male earning members—----	SectionB - Male earning members—----	Question Label		Q_B_06_04							पुरुष कमाने वाले सदस्य-------	आदमी कमावणिया-------		Antigravity	09/26/2026 14:00:00
Q_B_06_05	Survey	Q_B_06_05_FemaleEarning	QuestionPrompt, SectionB	Number	Female earning members—----	SectionB - Female earning members—----	Question Label		Q_B_06_05							महिला कमाने वाली सदस्य-------	लुगायां कमावणिया-------		Antigravity	09/26/2026 14:00:00
Q_B_06_06	Survey	Q_B_06_06_DisabledCount	QuestionPrompt, SectionB	Number	Members with disability-------	SectionB - Members with disability-------	Question Label		Q_B_06_06							दिव्यांग सदस्य-------	दिव्यांग सदस्य-------		Antigravity	09/26/2026 14:00:00
Q_B_07	Survey	Q_B_07_FamilyIncomeSources	QuestionPrompt, SectionB	EnumList	Q7. What are your family’s sources of income? (Multiselect)	SectionB - Q7. What are your family’s sources of income? (Multiselect)	Question Label		Q_B_07	INC_AGRI , INC_SALARY , INC_WAGES , INC_SELF_EMP , INC_NTFP , INC_DAIRY , INC_ANIMAL_SALE , INC_ANIMAL_PROD , INC_FAMILY_ENT , INC_RESP_ENT , INC_MNREGA , INC_PENSION , INC_RENT , INC_OTHER	INC_AGRI , INC_SALARY , INC_WAGES , INC_SELF_EMP , INC_NTFP , INC_DAIRY , INC_ANIMAL_SALE , INC_ANIMAL_PROD , INC_FAMILY_ENT , INC_RESP_ENT , INC_MNREGA , INC_PENSION , INC_RENT , INC_OTHER					Q7. आपके परिवार की आय के मुख्य स्रोत क्या हैं? (बहु-चयन)	Q7. थारे परिवार री आमदनी रा मुख्य स्रोत कांई है?		Antigravity	09/26/2026 14:00:00
INC_AGRI	Survey	Q_B_07_FamilyIncomeSources	SectionB_Option, DropdownOption	Enum	Agricultural income	Agricultural income	Dropdown Option		INC_AGRI							कृषि आय (खेती)	खेती-बाड़ी री कमाई		Antigravity	09/26/2026 14:00:00
INC_SALARY	Survey	Q_B_07_FamilyIncomeSources	SectionB_Option, DropdownOption	Enum	Fixed Salary	Fixed Salary	Dropdown Option		INC_SALARY							नियमित वेतन / नौकरी	पक्की तनख्वाह / नौकरी		Antigravity	09/26/2026 14:00:00
INC_WAGES	Survey	Q_B_07_FamilyIncomeSources	SectionB_Option, DropdownOption	Enum	Wages	Wages	Dropdown Option		INC_WAGES							दैनिक मजदूरी	मजूरी		Antigravity	09/26/2026 14:00:00
INC_SELF_EMP	Survey	Q_B_07_FamilyIncomeSources	SectionB_Option, DropdownOption	Enum	Self employed	Self employed	Dropdown Option		INC_SELF_EMP							स्वरोजगार	खुद रो रोजगार		Antigravity	09/26/2026 14:00:00
INC_NTFP	Survey	Q_B_07_FamilyIncomeSources	SectionB_Option, DropdownOption	Enum	NTFP sale	NTFP sale	Dropdown Option		INC_NTFP							लघु वनोपज (NTFP) बिक्री	जंगल री उपज बेचान		Antigravity	09/26/2026 14:00:00
INC_DAIRY	Survey	Q_B_07_FamilyIncomeSources	SectionB_Option, DropdownOption	Enum	Dairying	Dairying	Dropdown Option		INC_DAIRY							डेयरी व्यवसाय	दूध-डेरी रो काम		Antigravity	09/26/2026 14:00:00
INC_ANIMAL_SALE	Survey	Q_B_07_FamilyIncomeSources	SectionB_Option, DropdownOption	Enum	Sale of animals	Sale of animals	Dropdown Option		INC_ANIMAL_SALE							पशु बिक्री (जानवरों का बेचना)	पशु बेचना / लेन-देन		Antigravity	09/26/2026 14:00:00
INC_ANIMAL_PROD	Survey	Q_B_07_FamilyIncomeSources	SectionB_Option, DropdownOption	Enum	Animal products	Animal products	Dropdown Option		INC_ANIMAL_PROD							पशु उत्पाद बिक्री	पशु उत्पाद बेचान		Antigravity	09/26/2026 14:00:00
INC_FAMILY_ENT	Survey	Q_B_07_FamilyIncomeSources	SectionB_Option, DropdownOption	Enum	Family/husband’s enterprise	Family/husband's enterprise	Dropdown Option		INC_FAMILY_ENT							परिवार / पति का उद्यम	घर रो / धणी रो धंधो		Antigravity	09/26/2026 14:00:00
INC_RESP_ENT	Survey	Q_B_07_FamilyIncomeSources	SectionB_Option, DropdownOption	Enum	Respondent’s enterprise	Respondent's enterprise	Dropdown Option		INC_RESP_ENT							उत्तरदाता का स्वयं का उद्यम	थारो खुद रो धंधो		Antigravity	09/26/2026 14:00:00
INC_MNREGA	Survey	Q_B_07_FamilyIncomeSources	SectionB_Option, DropdownOption	Enum	MNREGA	MNREGA	Dropdown Option		INC_MNREGA							मनरेगा	नरेगा मजूरी		Antigravity	09/26/2026 14:00:00
INC_PENSION	Survey	Q_B_07_FamilyIncomeSources	SectionB_Option, DropdownOption	Enum	Pension	Pension	Dropdown Option		INC_PENSION							पेंशन	पेंशन		Antigravity	09/26/2026 14:00:00
INC_RENT	Survey	Q_B_07_FamilyIncomeSources	SectionB_Option, DropdownOption	Enum	Rent from properties	Rent from properties	Dropdown Option		INC_RENT							मकान / दुकान किराया	किरायो		Antigravity	09/26/2026 14:00:00
INC_OTHER	Survey	Q_B_07_FamilyIncomeSources	SectionB_Option, DropdownOption	Enum	Any other, specify	Any other, specify	Dropdown Option		INC_OTHER							अन्य कोई स्रोत (विवरण दें)	दूजो कोई स्रोत		Antigravity	09/26/2026 14:00:00
Q_B_08	Survey	Q_B_08_AnnualHouseholdIncome	QuestionPrompt, SectionB	Enum	Q8. What is your annual household income and monetary benefits from all sources (including respondent’s enterprise)?	SectionB - Q8. What is your annual household income and monetary benefits from all sources (including respondent’s enterprise)?	Question Label		Q_B_08	INC_LT_80K , INC_80K_120K , INC_120K_160K , INC_160K_200K , INC_200K_240K , INC_240K_280K , INC_280K_320K , INC_320K_360K , INC_360K_400K , INC_GT_400K	INC_LT_80K , INC_80K_120K , INC_120K_160K , INC_160K_200K , INC_200K_240K , INC_240K_280K , INC_280K_320K , INC_320K_360K , INC_360K_400K , INC_GT_400K					Q8. सभी स्रोतों से आपके परिवार की कुल वार्षिक आय कितनी है?	Q8. सगळा कामां सूं साल री कुल कमाई कित्ती है?		Antigravity	09/26/2026 14:00:00
INC_LT_80K	Survey	Q_B_08_AnnualHouseholdIncome	SectionB_Option, DropdownOption	Enum	Less than Rs 80,000	Less than Rs 80,000	Dropdown Option		INC_LT_80K							₹80,000 से कम	80 हजार सूं कम		Antigravity	09/26/2026 14:00:00
INC_80K_120K	Survey	Q_B_08_AnnualHouseholdIncome	SectionB_Option, DropdownOption	Enum	Rs 80,000 to Rs 1,20,000	Rs 80,000 to Rs 1,20,000	Dropdown Option		INC_80K_120K							₹80,000 से ₹1,20,000	80 हजार सूं 1.20 लाख		Antigravity	09/26/2026 14:00:00
INC_120K_160K	Survey	Q_B_08_AnnualHouseholdIncome	SectionB_Option, DropdownOption	Enum	Rs 1,20,001 to Rs 1,60,000	Rs 1,20,000 to Rs 1,60,000	Dropdown Option		INC_120K_160K							₹1,20,001 से ₹1,60,000	1.20 लाख सूं 1.60 लाख		Antigravity	09/26/2026 14:00:00
INC_160K_200K	Survey	Q_B_08_AnnualHouseholdIncome	SectionB_Option, DropdownOption	Enum	Rs 1,60,001 to Rs 2,00,000	Rs 1,60,000 to Rs 2,00,000	Dropdown Option		INC_160K_200K							₹1,60,001 से ₹2,00,000	1.60 लाख सूं 2 लाख		Antigravity	09/26/2026 14:00:00
INC_200K_240K	Survey	Q_B_08_AnnualHouseholdIncome	SectionB_Option, DropdownOption	Enum	Rs 2,00,001 to Rs 2,40,000	Rs 2,00,000 to Rs 2,40,000	Dropdown Option		INC_200K_240K							₹2,00,001 से ₹2,40,000	2 लाख सूं 2.40 लाख		Antigravity	09/26/2026 14:00:00
INC_240K_280K	Survey	Q_B_08_AnnualHouseholdIncome	SectionB_Option, DropdownOption	Enum	Rs 2,40,001 to Rs 2,80,000	Rs 2,40,000 to Rs 2,80,000	Dropdown Option		INC_240K_280K							₹2,40,001 से ₹2,80,000	2.40 लाख सूं 2.80 लाख		Antigravity	09/26/2026 14:00:00
INC_280K_320K	Survey	Q_B_08_AnnualHouseholdIncome	SectionB_Option, DropdownOption	Enum	Rs 2,80,001 to Rs 3,20,000	Rs 2,80,000 to Rs 3,20,000	Dropdown Option		INC_280K_320K							₹2,80,001 से ₹3,20,000	2.80 लाख सूं 3.20 लाख		Antigravity	09/26/2026 14:00:00
INC_320K_360K	Survey	Q_B_08_AnnualHouseholdIncome	SectionB_Option, DropdownOption	Enum	Rs 3,20,001 to Rs 3,60,000	Rs 3,20,000 to Rs 3,60,000	Dropdown Option		INC_320K_360K							₹3,20,001 से ₹3,60,000	3.20 लाख सूं 3.60 लाख		Antigravity	09/26/2026 14:00:00
INC_360K_400K	Survey	Q_B_08_AnnualHouseholdIncome	SectionB_Option, DropdownOption	Enum	Rs 3,60,001 to Rs 4,00,000	Rs 3,60,000 to Rs 4,00,000	Dropdown Option		INC_360K_400K							₹3,60,001 से ₹4,00,000	3.60 लाख सूं 4 लाख		Antigravity	09/26/2026 14:00:00
INC_GT_400K	Survey	Q_B_08_AnnualHouseholdIncome	SectionB_Option, DropdownOption	Enum	Above Rs 4,00,001	Above Rs 4,00,000	Dropdown Option		INC_GT_400K							₹4,00,000 से अधिक	4 लाख सूं बत्ती		Antigravity	09/26/2026 14:00:00
Q_C_01	Survey	Q_C_01_ReasonsStartingBusiness	QuestionPrompt, SectionC	EnumList	Q1. Reasons for starting the business? (Multiselect)	SectionC - Q1. Reasons for starting the business? (Multiselect)	Question Label		Q_C_01	RSN_SETBACK , RSN_RISING_EXP , RSN_OWN_VENTURE , RSN_LEARNT_SKILL , RSN_FROM_WAGE , RSN_ALL_SHG_LOAN , RSN_CRP_ENCOURAGED , RSN_CLF_ENCOURAGED , RSN_OTHER_Q_C_01	RSN_SETBACK , RSN_RISING_EXP , RSN_OWN_VENTURE , RSN_LEARNT_SKILL , RSN_FROM_WAGE , RSN_ALL_SHG_LOAN , RSN_CRP_ENCOURAGED , RSN_CLF_ENCOURAGED , RSN_OTHER_Q_C_01					Q1. व्यवसाय शुरू करने के क्या कारण थे? (बहु-चयन)	Q1. काम-धंधो सरू करण रा कारण		Antigravity	09/26/2026 14:00:00
RSN_SETBACK	Survey	Q_C_01_ReasonsStartingBusiness	SectionC_Option, DropdownOption	Enum	My family faced a financial setback, and I needed to earn	Family faced financial setback, needed to earn	Dropdown Option		RSN_SETBACK							परिवार में आर्थिक तंगी थी, इसलिए कमाना जरूरी था	घर में आर्थिक तंगी ही, ई वास्ते कमाई जरूरी ही		Antigravity	09/26/2026 14:00:00
RSN_RISING_EXP	Survey	Q_C_01_ReasonsStartingBusiness	SectionC_Option, DropdownOption	Enum	Our expenses were rising, and my family needed an alternate source of income	Expenses were rising, needed alternate income	Dropdown Option		RSN_RISING_EXP							खर्चे बढ़ रहे थे, अतिरिक्त आय स्रोत चाहिए था	खर्चा बढ़ रिया हा, आमदनी रो दूजो स्रोत चाहिजे हो		Antigravity	09/26/2026 14:00:00
RSN_OWN_VENTURE	Survey	Q_C_01_ReasonsStartingBusiness	SectionC_Option, DropdownOption	Enum	I always wanted to own/run my own business	Always wanted to own/run my own business	Dropdown Option		RSN_OWN_VENTURE							हमेशा से खुद का व्यवसाय शुरू करने की इच्छा थी	म्हारो खुद रो धंधो करण री हमेशा इच्छा ही		Antigravity	09/26/2026 14:00:00
RSN_LEARNT_SKILL	Survey	Q_C_01_ReasonsStartingBusiness	SectionC_Option, DropdownOption	Enum	I learnt the skill and wanted to start my own venture.	Learnt skill and wanted to start own venture	Dropdown Option		RSN_LEARNT_SKILL							हुनर सीखा और खुद का काम शुरू करना चाहती थी	हुनर सीख लियो हो अर खुद रो काम करनो चाहवती ही		Antigravity	09/26/2026 14:00:00
RSN_FROM_WAGE	Survey	Q_C_01_ReasonsStartingBusiness	SectionC_Option, DropdownOption	Enum	I was doing the same work as wage labour and later decided to start own venture	Was wage labourer, decided to start own venture	Dropdown Option		RSN_FROM_WAGE							पहले मजदूरी करती थी, फिर खुद का काम शुरू करने का सोचा	पैली मजूरी करती ही, पछै खुद रो काम सरू कियो		Antigravity	09/26/2026 14:00:00
RSN_ALL_SHG_LOAN	Survey	Q_C_01_ReasonsStartingBusiness	SectionC_Option, DropdownOption	Enum	All SHG members were getting loans for enterprise so I also decided to take and start enterprise	All SHG members getting loan, so I also took	Dropdown Option		RSN_ALL_SHG_LOAN							SHG में सबको लोन मिल रहा था तो मैंने भी लिया	समूह में सगळा लोन ले रिया हा तो म्हे भी लियो		Antigravity	09/26/2026 14:00:00
RSN_CRP_ENCOURAGED	Survey	Q_C_01_ReasonsStartingBusiness	SectionC_Option, DropdownOption	Enum	The OSF/SVEP CRP encouraged me to start the enterprise	OSF/SVEP CRP encouraged me	Dropdown Option		RSN_CRP_ENCOURAGED							OSF/SVEP के CRP (उद्यम मित्र) ने प्रेरित किया	सीआरपी दीदी म्हाने धंधो सरू करण ने बोल्यो		Antigravity	09/26/2026 14:00:00
RSN_CLF_ENCOURAGED	Survey	Q_C_01_ReasonsStartingBusiness	SectionC_Option, DropdownOption	Enum	The CLF encouraged me to start the enterprise	CLF encouraged me	Dropdown Option		RSN_CLF_ENCOURAGED							सीएलएफ (CLF) ने प्रेरित किया	सीएलएफ म्हाने प्रेरित कियो		Antigravity	09/26/2026 14:00:00
RSN_OTHER_Q_C_01	Survey	Q_C_01_ReasonsStartingBusiness	SectionC_Option, DropdownOption	Enum	Any other (Specify)	Any other reason	Dropdown Option		RSN_OTHER_Q_C_01							अन्य कोई कारण	दूजो कोई कारण		Antigravity	09/26/2026 14:00:00
Q_C_02	Survey	Q_C_02_BusinessCycle	QuestionPrompt, SectionC	Enum	Q2. Describe your business cycle?	SectionC - Q2. Describe your business cycle?	Question Label		Q_C_02	CYC_REGULAR_HOURS , CYC_WHENEVER_CUSTOMER , CYC_BOTH_ROUND_YEAR , CYC_ON_ORDER_ONLY , CYC_SEASONAL_ROUND , CYC_FEW_MONTHS , CYC_OTHER	CYC_REGULAR_HOURS , CYC_WHENEVER_CUSTOMER , CYC_BOTH_ROUND_YEAR , CYC_ON_ORDER_ONLY , CYC_SEASONAL_ROUND , CYC_FEW_MONTHS , CYC_OTHER					Q2. आपके व्यवसाय का चक्र (संचालन अवधि) कैसा है?	Q2. धंधो साल में कियां चालै?		Antigravity	09/26/2026 14:00:00
CYC_REGULAR_HOURS	Survey	Q_C_02_BusinessCycle	SectionC_Option, DropdownOption	Enum	Operational for regular hours throughout the year	Regular hours daily round the year	Dropdown Option		CYC_REGULAR_HOURS							पूरे साल रोजाना नियमित घंटे	सालो-साल रोज नियमित चालै		Antigravity	09/26/2026 14:00:00
CYC_WHENEVER_CUSTOMER	Survey	Q_C_02_BusinessCycle	SectionC_Option, DropdownOption	Enum	Operational whenever the customer arrives throughout the year	Whenever customers demand / drop in	Dropdown Option		CYC_WHENEVER_CUSTOMER							जब ग्राहक आते हैं, पूरे साल	जद ग्राहक आवै जद चालै		Antigravity	09/26/2026 14:00:00
CYC_BOTH_ROUND_YEAR	Survey	Q_C_02_BusinessCycle	SectionC_Option, DropdownOption	Enum	Both production and sales operational throughout the year	Both (Daily & On Demand)	Dropdown Option		CYC_BOTH_ROUND_YEAR							उत्पादन और बिक्री दोनों पूरे साल	बणावण अर बेचण दोन्नू सालो-साल		Antigravity	09/26/2026 14:00:00
CYC_ON_ORDER_ONLY	Survey	Q_C_02_BusinessCycle	SectionC_Option, DropdownOption	Enum	Production and sale only on receiving order	Round the year, strictly on advance order	Dropdown Option		CYC_ON_ORDER_ONLY							केवल अग्रिम ऑर्डर मिलने पर	खाली आर्डर मिल्या पै		Antigravity	09/26/2026 14:00:00
CYC_SEASONAL_ROUND	Survey	Q_C_02_BusinessCycle	SectionC_Option, DropdownOption	Enum	Seasonal production and sale throughout the year	Seasonal, but round the clock during season	Dropdown Option		CYC_SEASONAL_ROUND							मौसमी उत्पादन, साल भर बिक्री	सीजन में बणावण अर साल भर बेचण		Antigravity	09/26/2026 14:00:00
CYC_FEW_MONTHS	Survey	Q_C_02_BusinessCycle	SectionC_Option, DropdownOption	Enum	Production and sale is limited to few months	Only for few days / weeks / months in whole year	Dropdown Option		CYC_FEW_MONTHS							साल में कुछ ही महीनों तक सीमित	साल में कुछेक महीना ई चालै		Antigravity	09/26/2026 14:00:00
CYC_OTHER	Survey	Q_C_02_BusinessCycle	SectionC_Option, DropdownOption	Enum	Any other, specify	Other (Specify)	Dropdown Option		CYC_OTHER							अन्य (विवरण दें)	दूजो कोई तरीको		Antigravity	09/26/2026 14:00:00
Q_C_03	Survey	Q_C_03_BusinessPlaceType	QuestionPrompt, SectionC	Enum	Q3. What is the type of business place?	SectionC - Q3. What is the type of business place?	Question Label		Q_C_03	PLC_OWN , PLC_RENTED	PLC_OWN , PLC_RENTED					Q3. व्यवसाय स्थल का प्रकार क्या है?	Q3. दुकान/काम री जगा किण री है?		Antigravity	09/26/2026 14:00:00
PLC_OWN	Survey	Q_C_03_BusinessPlaceType	SectionC_Option, DropdownOption	Enum	Own	Own Premises / House	Dropdown Option		PLC_OWN							खुद का परिसर / घर	खुद्को घर / परिसर		Antigravity	09/26/2026 14:00:00
PLC_RENTED	Survey	Q_C_03_BusinessPlaceType	SectionC_Option, DropdownOption	Enum	Rented	Rented Premises / Shop	Dropdown Option		PLC_RENTED							किराए का परिसर / दुकान	किरायै री दुकान		Antigravity	09/26/2026 14:00:00
Q_C_04	Survey	Q_C_04_MonthlyRent	QuestionPrompt, SectionC	Number	Q4. If rented, what is monthly rent? Rs______	SectionC - Q4. If rented, what is monthly rent? Rs______	Question Label		Q_C_04							Q4. यदि किराए पर है, तो मासिक किराया कितना है? ₹______	Q4. किरायै पै है तो महीनै रो किरायो कित्तो है? ₹______		Antigravity	09/26/2026 14:00:00
Q_C_05	Survey	Q_C_05_LocationConvenience	QuestionPrompt, SectionC	Enum	Q5. Is the location of your premise convenient for your customers?	SectionC - Q5. Is the location of your premise convenient for your customers?	Question Label		Q_C_05	LOC_CONVENIENT , LOC_CHANGED_LOC , LOC_HOME_CANT_MOVE , LOC_AFFORD_ONLY , LOC_OTHER	LOC_CONVENIENT , LOC_CHANGED_LOC , LOC_HOME_CANT_MOVE , LOC_AFFORD_ONLY , LOC_OTHER					Q5. क्या आपका व्यावसायिक स्थान ग्राहकों के लिए सुविधाजनक है?	Q5. कांई दुकान री जगा गिरायकां वास्ते सही है?		Antigravity	09/26/2026 14:00:00
LOC_CONVENIENT	Survey	Q_C_05_LocationConvenience	SectionC_Option, DropdownOption	Enum	Yes, my location is very convenient to attract customers	Yes, location is very convenient	Dropdown Option		LOC_CONVENIENT							हाँ, स्थान ग्राहकों को आकर्षित करने के लिए बहुत सुविधाजनक है	हाँ, जगा गिरायकां सारू घणी बढ़िया है		Antigravity	09/26/2026 14:00:00
LOC_CHANGED_LOC	Survey	Q_C_05_LocationConvenience	SectionC_Option, DropdownOption	Enum	Yes, I changed my location to get the clients	Yes, changed location to get clients	Dropdown Option		LOC_CHANGED_LOC							हाँ, ग्राहकों को पाने के लिए मैंने स्थान बदला	हाँ, गिरायकां वास्ते म्हे जगा बदली		Antigravity	09/26/2026 14:00:00
LOC_HOME_CANT_MOVE	Survey	Q_C_05_LocationConvenience	SectionC_Option, DropdownOption	Enum	No, but I operate from home and can’t move to other location	Operate from home, cannot move	Dropdown Option		LOC_HOME_CANT_MOVE							नहीं, घर से काम करती हूँ और दूसरी जगह नहीं जा सकती	नी, घर सूं काम करां अर दूजी जगा नी जा सका		Antigravity	09/26/2026 14:00:00
LOC_AFFORD_ONLY	Survey	Q_C_05_LocationConvenience	SectionC_Option, DropdownOption	Enum	No, but I can afford only this space	Can afford only this space	Dropdown Option		LOC_AFFORD_ONLY							नहीं, लेकिन केवल यही स्थान वहन कर सकती हूँ	नी, पण खाली इत्ती जगा रो ई भाड़ो दे सका		Antigravity	09/26/2026 14:00:00
LOC_OTHER	Survey	Q_C_05_LocationConvenience	SectionC_Option, DropdownOption	Enum	Any other, specify	Other (Specify)	Dropdown Option		LOC_OTHER							अन्य (विवरण दें)	दूजो कोई कारण		Antigravity	09/26/2026 14:00:00
Q_C_06_TABLE	Survey	Q_C_06_Labor_Involvement	QuestionPrompt, SectionC	Ref_Table	Q6. Involvement of family members and hired help in business operations	SectionC - Q6. Involvement of family members and hired help in business operations	Question Label		Q_C_06_TABLE							Q6. पारिवारिक सदस्यों एवं किराए के श्रमिकों की भागीदारी	Q6. घर रा लोग अर मजदूरां रो काम		Antigravity	09/26/2026 14:00:00
Q_C_07_01	Survey	Q_C_07_01_NearbyTown_Pct	QuestionPrompt, SectionC	Enum	Nearby town/district	SectionC - Nearby town/district	Question Label		Q_C_07_01							आसपास के कस्बे / जिले से	नेड़े रा कस्बा / जिले सूं		Antigravity	09/26/2026 14:00:00
Q_C_07_02	Survey	Q_C_07_02_WholesaleState_Pct	QuestionPrompt, SectionC	Enum	Wholesale market within state	SectionC - Wholesale market within state	Question Label		Q_C_07_02							राज्य के भीतर थोक बाजार से	राजस्थान रा थोक बाजार सूं		Antigravity	09/26/2026 14:00:00
Q_C_07_03	Survey	Q_C_07_03_WholesaleOutside_Pct	QuestionPrompt, SectionC	Enum	Wholesale market outside the state	SectionC - Wholesale market outside the state	Question Label		Q_C_07_03							राज्य के बाहर थोक बाजार से	बाहर रा थोक बाजार सूं		Antigravity	09/26/2026 14:00:00
Q_C_07_04	Survey	Q_C_07_04_Online_Pct	QuestionPrompt, SectionC	Enum	Order online (Amazon/Misho)	SectionC - Order online (Amazon/Misho)	Question Label		Q_C_07_04							ऑनलाइन ऑर्डर (Amazon/Meesho) से	ऑनलाइन ऑर्डर सूं		Antigravity	09/26/2026 14:00:00
Q_C_08	Survey	Q_C_08_MarketingMethods	QuestionPrompt, SectionC	EnumList	Q8. How do you market your products/services? (Multiselect)	SectionC - Q8. How do you market your products/services? (Multiselect)	Question Label		Q_C_08	MKT_SHOP_ONLY , MKT_NAME_BOARD , MKT_DOOR_TO_DOOR , MKT_SHG_MEETINGS , MKT_TRADERS_SAMPLES , MKT_INSTA_WHATSAPP , MKT_WAIT_ENQUIRIES , MKT_DONT_KNOW_HOW , MKT_NO_NEED , MKT_OTHER_Q_C_08	MKT_SHOP_ONLY , MKT_NAME_BOARD , MKT_DOOR_TO_DOOR , MKT_SHG_MEETINGS , MKT_TRADERS_SAMPLES , MKT_INSTA_WHATSAPP , MKT_WAIT_ENQUIRIES , MKT_DONT_KNOW_HOW , MKT_NO_NEED , MKT_OTHER_Q_C_08					Q8. आप अपने उत्पादों/सेवाओं का प्रचार (मार्केटिंग) कैसे करती हैं? (बहु-चयन)	Q8. थे आपरा माल रो प्रचार कियां करो हो?		Antigravity	09/26/2026 14:00:00
MKT_SHOP_ONLY	Survey	Q_C_08_MarketingMethods	SectionC_Option, DropdownOption	Enum	My shop is the only place where I talk about my products/services	My shop is the only place where I talk about my products/services	Dropdown Option		MKT_SHOP_ONLY							मेरी दुकान ही एकमात्र जगह है जहाँ मैं उत्पादों की बात करती हूँ	म्हारी दुकान पै ई म्हे गिरायकां ने माल बतावां		Antigravity	09/26/2026 14:00:00
MKT_NAME_BOARD	Survey	Q_C_08_MarketingMethods	SectionC_Option, DropdownOption	Enum	I have name board outside my premises with details of my products/services	I have name board outside my premises with details of my products/services	Dropdown Option		MKT_NAME_BOARD							दुकान/घर के बाहर बोर्ड लगा है जिस पर उत्पादों का विवरण है	दुकान/घर रै बारै बोर्ड लाग्यो है		Antigravity	09/26/2026 14:00:00
MKT_DOOR_TO_DOOR	Survey	Q_C_08_MarketingMethods	SectionC_Option, DropdownOption	Enum	I visit local traders/shopkeepers with my samples	I visit local traders/shopkeepers with my samples	Dropdown Option		MKT_DOOR_TO_DOOR							मैं अपने नमूनों (सैंपल) के साथ व्यापारियों/दुकानदारों के पास जाती हूँ	म्हे सैंपल ले’र दुकानदारां कनै जावां		Antigravity	09/26/2026 14:00:00
MKT_SHG_MEETINGS	Survey	Q_C_08_MarketingMethods	SectionC_Option, DropdownOption	Enum	I talk about my products/services in SHG meetings	I talk about my products/services in SHG meetings	Dropdown Option		MKT_SHG_MEETINGS							मैं SHG की बैठकों में अपने उत्पादों/सेवाओं की बात करती हूँ	म्हे समूह (SHG) री बैठकां में माल री बात करां		Antigravity	09/26/2026 14:00:00
MKT_TRADERS_SAMPLES	Survey	Q_C_08_MarketingMethods	SectionC_Option, DropdownOption	Enum	I visit local traders/shopkeepers with samples of my products	I visit local traders/shopkeepers with samples of my products	Dropdown Option		MKT_TRADERS_SAMPLES							मैं स्थानीय व्यापारियों/दुकानदारों से संपर्क करती हूँ	म्हे गाँव-गुवाड़ में दूजी दुकानदारां सूं मिलां		Antigravity	09/26/2026 14:00:00
MKT_INSTA_WHATSAPP	Survey	Q_C_08_MarketingMethods	SectionC_Option, DropdownOption	Enum	I market actively on instagram and whatsapp	I market actively on instagram and whatsapp	Dropdown Option		MKT_INSTA_WHATSAPP							मैं इंस्टाग्राम और व्हाट्सएप पर सक्रिय रूप से प्रचार/मार्केटिंग करती हूँ	म्हे इंस्टाग्राम अर व्हाट्सएप पै प्रचार करां		Antigravity	09/26/2026 14:00:00
MKT_WAIT_ENQUIRIES	Survey	Q_C_08_MarketingMethods	SectionC_Option, DropdownOption	Enum	I wait for people to make enquiries	I wait for people to make enquiries	Dropdown Option		MKT_WAIT_ENQUIRIES							मैं ग्राहकों के खुद आकर पूछने का इंतजार करती हूँ	म्हे गिरायकां रै खुद पूछण री बाट जोवां		Antigravity	09/26/2026 14:00:00
MKT_DONT_KNOW_HOW	Survey	Q_C_08_MarketingMethods	SectionC_Option, DropdownOption	Enum	I do not know how to market my products/services	I do not know how to market my products/services	Dropdown Option		MKT_DONT_KNOW_HOW							मुझे नहीं पता कि उत्पादों का प्रचार कैसे किया जाए	म्हाने प्रचार करण रो तरीको ठा कोनी		Antigravity	09/26/2026 14:00:00
MKT_NO_NEED	Survey	Q_C_08_MarketingMethods	SectionC_Option, DropdownOption	Enum	I don't feel the need to market my products/services	I don't feel the need to market my products/services	Dropdown Option		MKT_NO_NEED							मुझे प्रचार/मार्केटिंग करने की आवश्यकता महसूस नहीं होती	म्हाने प्रचार करण री कोई जरूरत कोनी लागे		Antigravity	09/26/2026 14:00:00
MKT_OTHER_Q_C_08	Survey	Q_C_08_MarketingMethods	SectionC_Option, DropdownOption	Enum	Any other, specify	Any other, specify	Dropdown Option		MKT_OTHER_Q_C_08							अन्य कोई तरीका (विवरण दें)	दूजो कोई तरीको (ब्यौरो दो)		Antigravity	09/26/2026 14:00:00
Q_C_09	Survey	Q_C_09_SellingMethods	QuestionPrompt, SectionC	EnumList	Q9. How do you sell your products/services?	SectionC - Q9. How do you sell your products/services?	Question Label		Q_C_09	SEL_NOT_REL , SEL_PRODUCE_WAIT_ORDERS , SEL_DOOR_TO_DOOR , SEL_PRIOR_ORDERS , SEL_LOCAL_HAAT , SEL_SARAS_FAIR , SEL_INSTAGRAM , SEL_WHATSAPP , SEL_ONLINE_AMAZON , SEL_ONLINE_MEESHO , SEL_ONLINE_OTHER , SEL_RAJEEVIKA , SEL_OTHER_Q_C_09	SEL_NOT_REL , SEL_PRODUCE_WAIT_ORDERS , SEL_DOOR_TO_DOOR , SEL_PRIOR_ORDERS , SEL_LOCAL_HAAT , SEL_SARAS_FAIR , SEL_INSTAGRAM , SEL_WHATSAPP , SEL_ONLINE_AMAZON , SEL_ONLINE_MEESHO , SEL_ONLINE_OTHER , SEL_RAJEEVIKA , SEL_OTHER_Q_C_09					Q9. आप अपने उत्पादों/सेवाओं की बिक्री कैसे करती हैं?	Q9. थे आपरा माल/सेवावां री बिक्री कियां करो हो?		Antigravity	09/26/2026 14:00:00
SEL_NOT_REL	Survey	Q_C_09_SellingMethods	SectionC_Option, DropdownOption	Enum	Not relevant	Not relevant	Dropdown Option		SEL_NOT_REL							लागू नहीं / प्रासंगिक नहीं	लागू कोनी		Antigravity	09/26/2026 14:00:00
SEL_PRODUCE_WAIT_ORDERS	Survey	Q_C_09_SellingMethods	SectionC_Option, DropdownOption	Enum	In case of production related business, I produce slightly more than my last year sales and wait for orders	In case of production related business, I produce slightly more than my last year sales and wait for orders	Dropdown Option		SEL_PRODUCE_WAIT_ORDERS							उत्पादन से जुड़े व्यवसाय में, मैं पिछले साल की बिक्री से थोड़ा अधिक उत्पादन करती हूँ और ऑर्डर का इंतजार करती हूँ	उत्पादन काम में, म्हे पाछले साल सूं थोड़ो बत्ती माल बणा’र आर्डर री बाट जोवां		Antigravity	09/26/2026 14:00:00
SEL_DOOR_TO_DOOR	Survey	Q_C_09_SellingMethods	SectionC_Option, DropdownOption	Enum	I visit local traders/shopkeepers with my products and do door to door selling	I visit local traders/shopkeepers with my products and do door to door selling	Dropdown Option		SEL_DOOR_TO_DOOR							मैं अपने उत्पादों के साथ व्यापारियों/दुकानदारों के पास जाती हूँ और घर-घर जाकर बिक्री करती हूँ	म्हे माल ले’र दुकानदारां कनै अर घरे-घरे जा’र बेचण रो काम करां		Antigravity	09/26/2026 14:00:00
SEL_PRIOR_ORDERS	Survey	Q_C_09_SellingMethods	SectionC_Option, DropdownOption	Enum	I take orders from my usual clients few weeks prior to production/peak season and then sell	I take orders from my usual clients few weeks prior to production/peak season and then sell	Dropdown Option		SEL_PRIOR_ORDERS							मैं उत्पादन/पीक सीजन से कुछ हफ्ते पहले नियमित ग्राहकों से ऑर्डर लेती हूँ और फिर बेचती हूँ	म्हे सीजन सूं पैली ई गिरायकां सूं आर्डर ले’र पछै माल बेचां		Antigravity	09/26/2026 14:00:00
SEL_LOCAL_HAAT	Survey	Q_C_09_SellingMethods	SectionC_Option, DropdownOption	Enum	I sell in local haat/weekly market	I sell in local haat/weekly market	Dropdown Option		SEL_LOCAL_HAAT							मैं स्थानीय हाट / साप्ताहिक बाजार में बेचती हूँ	म्हे लोकल हाट / सातावारिया बजार में बेचां		Antigravity	09/26/2026 14:00:00
SEL_SARAS_FAIR	Survey	Q_C_09_SellingMethods	SectionC_Option, DropdownOption	Enum	I sell in Saras fair	I sell in Saras fair	Dropdown Option		SEL_SARAS_FAIR							मैं सरस मेले में बेचती हूँ	म्हे सरस मेला में बेचां		Antigravity	09/26/2026 14:00:00
SEL_INSTAGRAM	Survey	Q_C_09_SellingMethods	SectionC_Option, DropdownOption	Enum	I get orders via instagram	I get orders via instagram	Dropdown Option		SEL_INSTAGRAM							मुझे इंस्टाग्राम के माध्यम से ऑर्डर मिलते हैं	म्हाने इंस्टाग्राम पै आर्डर मिलै		Antigravity	09/26/2026 14:00:00
SEL_WHATSAPP	Survey	Q_C_09_SellingMethods	SectionC_Option, DropdownOption	Enum	I get orders via whatsapp	I get orders via whatsapp	Dropdown Option		SEL_WHATSAPP							मुझे व्हाट्सएप के माध्यम से ऑर्डर मिलते हैं	म्हाने व्हाट्सएप पै आर्डर मिलै		Antigravity	09/26/2026 14:00:00
SEL_ONLINE_AMAZON	Survey	Q_C_09_SellingMethods	SectionC_Option, DropdownOption	Enum	I use online platforms like Amazon	I use online platforms like Amazon	Dropdown Option		SEL_ONLINE_AMAZON							मैं अमेज़न (Amazon) जैसे ऑनलाइन प्लेटफॉर्म का उपयोग करती हूँ	म्हे अमेज़न (Amazon) जैसी ऑनलाइन साइट रो उपयोग करां		Antigravity	09/26/2026 14:00:00
SEL_ONLINE_MEESHO	Survey	Q_C_09_SellingMethods	SectionC_Option, DropdownOption	Enum	I use online platform like Meesho	I use online platform like Meesho	Dropdown Option		SEL_ONLINE_MEESHO							मैं मीशो (Meesho) जैसे ऑनलाइन प्लेटफॉर्म का उपयोग करती हूँ	म्हे मीशो (Meesho) जैसी ऑनलाइन साइट रो उपयोग करां		Antigravity	09/26/2026 14:00:00
SEL_ONLINE_OTHER	Survey	Q_C_09_SellingMethods	SectionC_Option, DropdownOption	Enum	I use any other online platform	I use any other online platform	Dropdown Option		SEL_ONLINE_OTHER							मैं किसी अन्य ऑनलाइन प्लेटफॉर्म का उपयोग करती हूँ	म्हे दूजी कोई ऑनलाइन साइट रो उपयोग करां		Antigravity	09/26/2026 14:00:00
SEL_RAJEEVIKA	Survey	Q_C_09_SellingMethods	SectionC_Option, DropdownOption	Enum	I use RAJEEVIKA website	I use RAJEEVIKA website	Dropdown Option		SEL_RAJEEVIKA							मैं राजीविका (RAJEEVIKA) वेबसाइट / पोर्टल का उपयोग करती हूँ	म्हे राजीविका वेबसाइट रो उपयोग करां		Antigravity	09/26/2026 14:00:00
SEL_OTHER_Q_C_09	Survey	Q_C_09_SellingMethods	SectionC_Option, DropdownOption	Enum	Any other, specify	Any other, specify	Dropdown Option		SEL_OTHER_Q_C_09							अन्य कोई तरीका (विवरण दें)	दूजो कोई तरीको (ब्यौरो दो)		Antigravity	09/26/2026 14:00:00
Q_C_10_01	Survey	Q_C_10_01_Online_Pct	QuestionPrompt, SectionC	Enum	Online platforms	SectionC - Online platforms	Question Label		Q_C_10_01							ऑनलाइन प्लेटफॉर्म (Online platforms)	ऑनलाइन साइट्स		Antigravity	09/26/2026 14:00:00
Q_C_10_02	Survey	Q_C_10_02_WhatsApp_Pct	QuestionPrompt, SectionC	Enum	Whatsapp	SectionC - Whatsapp	Question Label		Q_C_10_02							व्हाट्सएप (WhatsApp)	व्हाट्सएप		Antigravity	09/26/2026 14:00:00
Q_C_10_03	Survey	Q_C_10_03_Instagram_Pct	QuestionPrompt, SectionC	Enum	Instagram	SectionC - Instagram	Question Label		Q_C_10_03							इंस्टाग्राम (Instagram)	इंस्टाग्राम		Antigravity	09/26/2026 14:00:00
Q_C_10_04	Survey	Q_C_10_04_Premise_Pct	QuestionPrompt, SectionC	Enum	Your premise	SectionC - Your premise	Question Label		Q_C_10_04							आपकी अपनी दुकान / परिसर से	खुद् री दुकान सूं		Antigravity	09/26/2026 14:00:00
Q_C_10_05	Survey	Q_C_10_05_Traders_Pct	QuestionPrompt, SectionC	Enum	Local traders/shopkeepers	SectionC - Local traders/shopkeepers	Question Label		Q_C_10_05							स्थानीय व्यापारियों / दुकानदारों के माध्यम से	लोकल दुकानदारां सूं		Antigravity	09/26/2026 14:00:00
Q_C_10_06	Survey	Q_C_10_06_Haat_Pct	QuestionPrompt, SectionC	Enum	Local haat/market	SectionC - Local haat/market	Question Label		Q_C_10_06							स्थानीय हाट / साप्ताहिक बाजार	लोकल हाट / सातावारिया बजार		Antigravity	09/26/2026 14:00:00
Q_C_10_07	Survey	Q_C_10_07_Saras_Pct	QuestionPrompt, SectionC	Enum	Saras fair	SectionC - Saras fair	Question Label		Q_C_10_07							सरस मेला	सरस मेला		Antigravity	09/26/2026 14:00:00
Q_C_11	Survey	Q_C_11_RecordKeepingHabit	QuestionPrompt, SectionC	Enum	Q11. Do you maintain written records of business transactions?	SectionC - Q11. Do you maintain written records of business transactions?	Question Label		Q_C_11	RKH_ALWAYS_DONE , RKH_AFTER_CRP_TRAIN , RKH_FAMILY_MAINTAINS , RKH_HIRED_HELP , RKH_NOT_REGULAR , RKH_NO_RECORD	RKH_ALWAYS_DONE , RKH_AFTER_CRP_TRAIN , RKH_FAMILY_MAINTAINS , RKH_HIRED_HELP , RKH_NOT_REGULAR , RKH_NO_RECORD					Q11. क्या आप व्यावसायिक लेन-देन का लिखित रिकॉर्ड रखती हैं?	Q11. कांई थे लेन-देन रो लिखित हिसाब राखो हो?		Antigravity	09/26/2026 14:00:00
RKH_ALWAYS_DONE	Survey	Q_C_11_RecordKeepingHabit	SectionC_Option, DropdownOption	Enum	Yes, I have always been doing it	Yes, I have always been doing it	Dropdown Option		RKH_ALWAYS_DONE							हाँ, मैं हमेशा से ऐसा करती आ रही हूँ	हाँ, म्हे हमेशा सूं हिसाब राखती आई हां		Antigravity	09/26/2026 14:00:00
RKH_AFTER_CRP_TRAIN	Survey	Q_C_11_RecordKeepingHabit	SectionC_Option, DropdownOption	Enum	Yes, I started doing after being trained by OSF/SVEP CRP	Yes, started after being trained by OSF/SVEP CRP	Dropdown Option		RKH_AFTER_CRP_TRAIN							हाँ, OSF/SVEP CRP द्वारा प्रशिक्षण के बाद शुरू किया	हाँ, सीआरपी दीदी रै सिखावण रै बाद सरू कियो		Antigravity	09/26/2026 14:00:00
RKH_FAMILY_MAINTAINS	Survey	Q_C_11_RecordKeepingHabit	SectionC_Option, DropdownOption	Enum	Yes, my family member maintains but i dont check	Yes, family member maintains but I don’t check	Dropdown Option		RKH_FAMILY_MAINTAINS							हाँ, परिवार का सदस्य रखता है पर मैं चेक नहीं करती	हाँ, घर रो सदस्य राखै पण म्हे नी देखां		Antigravity	09/26/2026 14:00:00
RKH_HIRED_HELP	Survey	Q_C_11_RecordKeepingHabit	SectionC_Option, DropdownOption	Enum	Yes, I have hired help to do that	Yes, hired help to do that	Dropdown Option		RKH_HIRED_HELP							हाँ, इसके लिए मुनीम/सहायक रखा हुआ है	हाँ, हिसाब सारू आदमी राख्योड़ो है		Antigravity	09/26/2026 14:00:00
RKH_NOT_REGULAR	Survey	Q_C_11_RecordKeepingHabit	SectionC_Option, DropdownOption	Enum	I don't record regularly	Don't record regularly	Dropdown Option		RKH_NOT_REGULAR							मैं नियमित रूप से रिकॉर्ड नहीं रखती	म्हे रोज-रोज हिसाब कोनी राखां		Antigravity	09/26/2026 14:00:00
RKH_NO_RECORD	Survey	Q_C_11_RecordKeepingHabit	SectionC_Option, DropdownOption	Enum	I don't maintain any records at all	Don't maintain any records at all	Dropdown Option		RKH_NO_RECORD							मैं कोई रिकॉर्ड नहीं रखती	म्हे कोई हिसाब-किताब कोनी राखां		Antigravity	09/26/2026 14:00:00
Q_C_12	Survey	Q_C_12_RecordKeepingMethod	QuestionPrompt, SectionC	EnumList	Q12. How do you maintain business transactions?	SectionC - Q12. How do you maintain business transactions?	Question Label		Q_C_12	RKT_RECEIPT_BILLS , RKT_PURCHASE_SALE_REG , RKT_ONLY_DEBT , RKT_DAILY_DIARY , RKT_CRP_DIARY , RKT_DIGITAL_APPS , RKT_NOT_REGULAR , RKT_FAMILY_BOOK , RKT_NO_RECORD , RKT_OTHER	RKT_RECEIPT_BILLS , RKT_PURCHASE_SALE_REG , RKT_ONLY_DEBT , RKT_DAILY_DIARY , RKT_CRP_DIARY , RKT_DIGITAL_APPS , RKT_NOT_REGULAR , RKT_FAMILY_BOOK , RKT_NO_RECORD , RKT_OTHER					Q12. आप व्यावसायिक लेन-देन का हिसाब कैसे रखती हैं?	Q12. थे लेन-देन रो हिसाब कियां राखो हो?		Antigravity	09/26/2026 14:00:00
RKT_RECEIPT_BILLS	Survey	Q_C_12_RecordKeepingMethod	SectionC_Option, DropdownOption	Enum	Receipt book/bills	Receipt book/bills	Dropdown Option		RKT_RECEIPT_BILLS							रसीद बुक / बिल	रसीद बही / बिल		Antigravity	09/26/2026 14:00:00
RKT_PURCHASE_SALE_REG	Survey	Q_C_12_RecordKeepingMethod	SectionC_Option, DropdownOption	Enum	purchase and sale register	purchase and sale register	Dropdown Option		RKT_PURCHASE_SALE_REG							क्रय-विक्रय (खरीद-बिक्री) रजिस्टर	खरीद-बेचान रो रजिस्टर		Antigravity	09/26/2026 14:00:00
RKT_ONLY_DEBT	Survey	Q_C_12_RecordKeepingMethod	SectionC_Option, DropdownOption	Enum	Only debt register	Only debt register	Dropdown Option		RKT_ONLY_DEBT							केवल उधार / बही खाता रजिस्टर	खाली उधारी रो खातो		Antigravity	09/26/2026 14:00:00
RKT_DAILY_DIARY	Survey	Q_C_12_RecordKeepingMethod	SectionC_Option, DropdownOption	Enum	Maintain daily diary	Maintain daily diary	Dropdown Option		RKT_DAILY_DIARY							दैनिक डायरी मेंटेन करती हूँ	रोज री डायरी राखूं		Antigravity	09/26/2026 14:00:00
RKT_CRP_DIARY	Survey	Q_C_12_RecordKeepingMethod	SectionC_Option, DropdownOption	Enum	Maintain daily diary as taught by OSF/SVEP CRP	Maintain daily diary as taught by OSF/SVEP CRP	Dropdown Option		RKT_CRP_DIARY							OSF/SVEP CRP द्वारा सिखाए अनुसार दैनिक डायरी रखती हूँ	सीआरपी दीदी रै सिखाये मुजब रोज डायरी राखूं		Antigravity	09/26/2026 14:00:00
RKT_DIGITAL_APPS	Survey	Q_C_12_RecordKeepingMethod	SectionC_Option, DropdownOption	Enum	Maintain digital records using Mera Bill, Bahi Khata	Maintain digital records using Mera Bill, Bahi Khata	Dropdown Option		RKT_DIGITAL_APPS							मेरा बिल, बही खाता जैसे ऐप से डिजिटल रिकॉर्ड रखती हूँ	मेरा बिल / बही खाता ऐप सूं हिसाब राखूं		Antigravity	09/26/2026 14:00:00
RKT_NOT_REGULAR	Survey	Q_C_12_RecordKeepingMethod	SectionC_Option, DropdownOption	Enum	Don’t record regularly	Don’t record regularly	Dropdown Option		RKT_NOT_REGULAR							नियमित रूप से रिकॉर्ड नहीं रखती	रोज-रोज हिसाब कोनी राखूं		Antigravity	09/26/2026 14:00:00
RKT_FAMILY_BOOK	Survey	Q_C_12_RecordKeepingMethod	SectionC_Option, DropdownOption	Enum	My family member maintains a book	My family member maintains a book	Dropdown Option		RKT_FAMILY_BOOK							परिवार का कोई सदस्य हिसाब की किताब रखता है	घर रो कोई दूजो सदस्य हिसाब राखै		Antigravity	09/26/2026 14:00:00
RKT_NO_RECORD	Survey	Q_C_12_RecordKeepingMethod	SectionC_Option, DropdownOption	Enum	I don't maintain any record	I don't maintain any record	Dropdown Option		RKT_NO_RECORD							मैं कोई रिकॉर्ड / हिसाब नहीं रखती	म्हे कोई हिसाब-किताब कोनी राखां		Antigravity	09/26/2026 14:00:00
RKT_OTHER	Survey	Q_C_12_RecordKeepingMethod	SectionC_Option, DropdownOption	Enum	Any other, specify	Any other, specify	Dropdown Option		RKT_OTHER							अन्य कोई तरीका (विवरण दें)	दूजो कोई तरीको (ब्यौरो दो)		Antigravity	09/26/2026 14:00:00
Q_C_13_TABLE	Survey	Q_C_13_Turnover_Income	QuestionPrompt, SectionC	Ref_Table	Q13. Turnover and income from the enterprise	SectionC - Q13. Turnover and income from the enterprise	Question Label		Q_C_13_TABLE							Q13. उद्यम का टर्नओवर एवं मासिक आय	Q13. कुल बिक्री अर कमाई		Antigravity	09/26/2026 14:00:00
Q_D_01	Survey	Q_D_01_SHGAssociationAssistance	QuestionPrompt, SectionD	EnumList	Q1. How has the SHG association helped in your enterprise? (Multiselect)	SectionD - Q1. How has the SHG association helped in your enterprise? (Multiselect)	Question Label		Q_D_01	SHG_SKILL_TRAIN , SHG_BIZ_INFO , SHG_DOCS_HELP , SHG_SUBSIDY_GRANT , SHG_SEED_LOAN , SHG_REGULAR_LOAN , SHG_CRP_GUIDE , SHG_MUDRA_LOAN , SHG_BANK_LOAN	SHG_SKILL_TRAIN , SHG_BIZ_INFO , SHG_DOCS_HELP , SHG_SUBSIDY_GRANT , SHG_SEED_LOAN , SHG_REGULAR_LOAN , SHG_CRP_GUIDE , SHG_MUDRA_LOAN , SHG_BANK_LOAN					Q1. स्वयं सहायता समूह से जुड़ने से आपके उद्यम में क्या मदद मिली? (बहु-चयन)	Q1. समूह सूं जुड़बा सूं धंधे में कांई मदद मिली?		Antigravity	09/26/2026 14:00:00
SHG_SKILL_TRAIN	Survey	Q_D_01_SHGAssociationAssistance	SectionD_Option, DropdownOption	Enum	Attended the skill training offered by SHG	Attended skill training offered by SHG	Dropdown Option		SHG_SKILL_TRAIN							समूह द्वारा आयोजित कौशल प्रशिक्षण में भाग लिया	समूह री ट्रेनिंग में भाग लियो		Antigravity	09/26/2026 14:00:00
SHG_BIZ_INFO	Survey	Q_D_01_SHGAssociationAssistance	SectionD_Option, DropdownOption	Enum	Got information about the scope of business from SHG meetings	Got business scope information from SHG meetings	Dropdown Option		SHG_BIZ_INFO							समूह बैठकों से व्यवसाय के अवसरों की जानकारी मिली	बैठकां सूं काम-धंधे री जाणकारी मिली		Antigravity	09/26/2026 14:00:00
SHG_DOCS_HELP	Survey	Q_D_01_SHGAssociationAssistance	SectionD_Option, DropdownOption	Enum	Got required registration/documents made	Got required registrations/documents made	Dropdown Option		SHG_DOCS_HELP							आवश्यक दस्तावेज/पंजीकरण बनवाने में मदद मिली	कागज/पंजीकरण बणावण में मदद मिली		Antigravity	09/26/2026 14:00:00
SHG_SUBSIDY_GRANT	Survey	Q_D_01_SHGAssociationAssistance	SectionD_Option, DropdownOption	Enum	Got subsidy/grant due to SHG.	Got subsidy/grant due to SHG	Dropdown Option		SHG_SUBSIDY_GRANT							समूह के माध्यम से सब्सिडी/अनुदान मिला	समूह रै जरिये सब्सिडी/अनुदान मिल्यो		Antigravity	09/26/2026 14:00:00
SHG_SEED_LOAN	Survey	Q_D_01_SHGAssociationAssistance	SectionD_Option, DropdownOption	Enum	Took loan from SHG to buy material to initiate the business	Took loan from SHG to initiate business	Dropdown Option		SHG_SEED_LOAN							व्यवसाय शुरू करने के लिए समूह से ऋण लिया	धंधो सरू करण सारू समूह सूं लोन लियो		Antigravity	09/26/2026 14:00:00
SHG_REGULAR_LOAN	Survey	Q_D_01_SHGAssociationAssistance	SectionD_Option, DropdownOption	Enum	Take loans from SHG regularly as per business requirements	Take loans from SHG regularly as needed	Dropdown Option		SHG_REGULAR_LOAN							व्यवसाय की जरूरत अनुसार नियमित ऋण लेती हूँ	जरूरत मुजब समूह सूं लोन लेवती रहूं		Antigravity	09/26/2026 14:00:00
SHG_CRP_GUIDE	Survey	Q_D_01_SHGAssociationAssistance	SectionD_Option, DropdownOption	Enum	OSF/SVEP CRP guided me in setting up the business	OSF/SVEP CRP guided in setting up business	Dropdown Option		SHG_CRP_GUIDE							CRP (उद्यम मित्र) ने उद्यम स्थापित करने में मार्गदर्शन दिया	सीआरपी दीदी धंधो जमावण में मदद करी		Antigravity	09/26/2026 14:00:00
SHG_MUDRA_LOAN	Survey	Q_D_01_SHGAssociationAssistance	SectionD_Option, DropdownOption	Enum	OSF/SVEP CRP helped me to get Mudra loan	OSF/SVEP CRP helped get Mudra loan	Dropdown Option		SHG_MUDRA_LOAN							CRP ने मुद्रा ऋण (Mudra Loan) दिलाने में सहायता की	सीआरपी मुद्रा लोन देवावण में मदद करी		Antigravity	09/26/2026 14:00:00
SHG_BANK_LOAN	Survey	Q_D_01_SHGAssociationAssistance	SectionD_Option, DropdownOption	Enum	OSF/SVEP CRP helped me to get bank loan	OSF/SVEP CRP helped get bank loan	Dropdown Option		SHG_BANK_LOAN							CRP ने बैंक ऋण दिलाने में सहायता की	सीआरपी बैंक सूं लोन देवावण में मदद करी		Antigravity	09/26/2026 14:00:00
Q_D_02_TABLE	Survey	Q_D_02_Capital_Arranged	QuestionPrompt, SectionD	Ref_Table	Q2. How have you arranged capital over the enterprise duration?	SectionD - Q2. How have you arranged capital over the enterprise duration?	Question Label		Q_D_02_TABLE							Q2. उद्यम अवधि के दौरान पूंजी की व्यवस्था कैसे की?	Q2. धंधे सारू पैशां री व्यवस्था कियां करी?		Antigravity	09/26/2026 14:00:00
Q_D_03_TABLE	Survey	Q_D_03_Loan_Usage	QuestionPrompt, SectionD	Ref_Table	Q3. How did you use the loans taken from different sources?	SectionD - Q3. How did you use the loans taken from different sources?	Question Label		Q_D_03_TABLE							Q3. विभिन्न स्रोतों से लिए गए ऋण का उपयोग कैसे किया?	Q3. लोन रा पैशां रो उपयोग किण काम में लियो?		Antigravity	09/26/2026 14:00:00
Q_D_04	Survey	Q_D_04_FundingExperience	QuestionPrompt, SectionD	EnumList	Q4. What has been your experience in funding your business? (Multiselect)	SectionD - Q4. What has been your experience in funding your business? (Multiselect)	Question Label		Q_D_04	FEX_SHG_SUFFICIENT , FEX_PLOUGH_EARNINGS , FEX_SHG_SMALLER , FEX_EASY_MONEYLENDER , FEX_FAMILY_HELP , FEX_HIGH_INTEREST , FEX_SHORT_REPAY	FEX_SHG_SUFFICIENT , FEX_PLOUGH_EARNINGS , FEX_SHG_SMALLER , FEX_EASY_MONEYLENDER , FEX_FAMILY_HELP , FEX_HIGH_INTEREST , FEX_SHORT_REPAY					Q4. व्यवसाय के वित्तपोषण (फंडिंग) का आपका क्या अनुभव रहा है? (बहु-चयन)	Q4. धंधे सारू पैशां रो इंतजाम करण रो अनुभव		Antigravity	09/26/2026 14:00:00
FEX_SHG_SUFFICIENT	Survey	Q_D_04_FundingExperience	SectionD_Option, DropdownOption	Enum	SHG loan is sufficient for the current scale of my business	SHG loan is sufficient for current scale	Dropdown Option		FEX_SHG_SUFFICIENT							समूह का ऋण वर्तमान व्यवसाय के लिए पर्याप्त है	समूह रो लोन म्हारे काम सारू पूरो है		Antigravity	09/26/2026 14:00:00
FEX_PLOUGH_EARNINGS	Survey	Q_D_04_FundingExperience	SectionD_Option, DropdownOption	Enum	I regularly plough in my business earnings	Regularly plough in business earnings	Dropdown Option		FEX_PLOUGH_EARNINGS							व्यवसाय की कमाई को दोबारा व्यवसाय में लगाती हूँ	कमाई पाछी धंधे में ई लगावां		Antigravity	09/26/2026 14:00:00
FEX_SHG_SMALLER	Survey	Q_D_04_FundingExperience	SectionD_Option, DropdownOption	Enum	SHG loan size is smaller than my requirement	SHG loan size is smaller than requirement	Dropdown Option		FEX_SHG_SMALLER							समूह का ऋण मेरी आवश्यकता से कम है	समूह रो लोन म्हारी जरूरत सूं कम है		Antigravity	09/26/2026 14:00:00
FEX_EASY_MONEYLENDER	Survey	Q_D_04_FundingExperience	SectionD_Option, DropdownOption	Enum	I get the required loan easily from the moneylender/NBFIs.	Easily get loan from moneylender/NBFIs	Dropdown Option		FEX_EASY_MONEYLENDER							साहूकार/NBFI से आसानी से ऋण मिल जाता है	साहूकार सूं लोन आराम सूं मिल जावै		Antigravity	09/26/2026 14:00:00
FEX_FAMILY_HELP	Survey	Q_D_04_FundingExperience	SectionD_Option, DropdownOption	Enum	My family members help me with funds and loans	Family members help with funds and loans	Dropdown Option		FEX_FAMILY_HELP							परिवार के सदस्य फंड और लोन में मदद करते हैं	घर रा लोग पैशां री मदद करै		Antigravity	09/26/2026 14:00:00
FEX_HIGH_INTEREST	Survey	Q_D_04_FundingExperience	SectionD_Option, DropdownOption	Enum	I don't prefer money lender or NBFIs as the interest rate is high	Don't prefer moneylender due to high interest	Dropdown Option		FEX_HIGH_INTEREST							साहूकार/NBFI से नहीं लेती क्योंकि ब्याज दर बहुत अधिक है	साहूकार सूं कोनी लेवां, ब्याज घणो लागै		Antigravity	09/26/2026 14:00:00
FEX_SHORT_REPAY	Survey	Q_D_04_FundingExperience	SectionD_Option, DropdownOption	Enum	I don't prefer money lender or NBFIs as the repayment time is shorter for my convenience	Don't prefer moneylender due to short repayment	Dropdown Option		FEX_SHORT_REPAY							साहूकार/NBFI की चुकौती अवधि बहुत छोटी होती है	चुकावण रो टेम घणो कम मिलै		Antigravity	09/26/2026 14:00:00
Q_D_05_TABLE	Survey	Q_D_05_Business_Trajectory	QuestionPrompt, SectionD	Ref_Table	Q5. What changes have happened in your business?	SectionD - Q5. What changes have happened in your business?	Question Label		Q_D_05_TABLE							Q5. आपके व्यवसाय में क्या परिवर्तन हुए हैं? (प्रगति)	Q5. थारे काम-धंधे में कांई बदलाव आया?		Antigravity	09/26/2026 14:00:00
Q_D_06	Survey	Q_D_06_FinancialHelpFromIncome	QuestionPrompt, SectionD	EnumList	Q6. How has the income from the enterprise helped you financially? (Multiselect)	SectionD - Q6. How has the income from the enterprise helped you financially? (Multiselect)	Question Label		Q_D_06	FHLP_NO_ASK_FAMILY , FHLP_BIGGEST_INCOME , FHLP_CHILD_EDUCATION , FHLP_FAMILY_DEBTS , FHLP_ACQUIRE_ASSETS , FHLP_MARRIAGE_EXP , FHLP_OTHER	FHLP_NO_ASK_FAMILY , FHLP_BIGGEST_INCOME , FHLP_CHILD_EDUCATION , FHLP_FAMILY_DEBTS , FHLP_ACQUIRE_ASSETS , FHLP_MARRIAGE_EXP , FHLP_OTHER					Q6. उद्यम की आय से आपको आर्थिक रूप से क्या मदद मिली है? (बहु-चयन)	Q6. धंधे री कमाई सूं थारे घर में कांई आर्थिक मदद मिली?		Antigravity	09/26/2026 14:00:00
FHLP_NO_ASK_FAMILY	Survey	Q_D_06_FinancialHelpFromIncome	SectionD_Option, DropdownOption	Enum	I don’t need to ask money from my husband/family for my needs.	Don't need to ask money from family	Dropdown Option		FHLP_NO_ASK_FAMILY							अपनी जरूरतों के लिए पति/परिवार से पैसे मांगने की जरूरत नहीं पड़ती	म्हारी जरूरत सारू धणी/घर वाळां सूं मांगणा नी पड़े		Antigravity	09/26/2026 14:00:00
FHLP_BIGGEST_INCOME	Survey	Q_D_06_FinancialHelpFromIncome	SectionD_Option, DropdownOption	Enum	The income from enterprise is the biggest source of income for my family	Enterprise is biggest income source for family	Dropdown Option		FHLP_BIGGEST_INCOME							उद्यम की आय मेरे परिवार की आय का सबसे बड़ा स्रोत है	धंधे री कमाई म्हारे घर री सबसे बड़ी आमदनी है		Antigravity	09/26/2026 14:00:00
FHLP_CHILD_EDUCATION	Survey	Q_D_06_FinancialHelpFromIncome	SectionD_Option, DropdownOption	Enum	The income from enterprise is used in covering education related expenses for my children. Specify amount	Covering education expenses for children	Dropdown Option		FHLP_CHILD_EDUCATION							बच्चों की पढ़ाई का खर्च उठाने में मदद मिली	टाबरां री पढ़ाई रो खारचो निकळ्यो		Antigravity	09/26/2026 14:00:00
FHLP_FAMILY_DEBTS	Survey	Q_D_06_FinancialHelpFromIncome	SectionD_Option, DropdownOption	Enum	I have been able to pay the family debts. Specify amount	Able to pay family debts	Dropdown Option		FHLP_FAMILY_DEBTS							परिवार के पुराने कर्जे चुकाने में सक्षम हुई	घर रो पुरानो कर्जो चुका दियो		Antigravity	09/26/2026 14:00:00
FHLP_ACQUIRE_ASSETS	Survey	Q_D_06_FinancialHelpFromIncome	SectionD_Option, DropdownOption	Enum	I have contributed money in acquiring assets for my family Specify amount	Contributed in acquiring assets for family	Dropdown Option		FHLP_ACQUIRE_ASSETS							परिवार के लिए संपत्ति (गाड़ी/जमीन/मकान) खरीदने में योगदान दिया	घर री संपत्ति बणावण में मदद करी		Antigravity	09/26/2026 14:00:00
FHLP_MARRIAGE_EXP	Survey	Q_D_06_FinancialHelpFromIncome	SectionD_Option, DropdownOption	Enum	I have contributed money for marriage expenses. Specify amount	Contributed money for marriage expenses	Dropdown Option		FHLP_MARRIAGE_EXP							परिवार में शादी-ब्याह के खर्चों में योगदान दिया	ब्याह-शादी रा खर्चा में मदद करी		Antigravity	09/26/2026 14:00:00
FHLP_OTHER	Survey	Q_D_06_FinancialHelpFromIncome	SectionD_Option, DropdownOption	Enum	Any other (Please specify)	Any other financial help	Dropdown Option		FHLP_OTHER							अन्य कोई आर्थिक मदद (विवरण दें)	दूजी कोई आर्थिक मदद		Antigravity	09/26/2026 14:00:00
Q_E_01	Survey	Q_E_01_HusbandFamilyResponse	QuestionPrompt, SectionE	EnumList	Q1. How has been your husband’s response towards your enterprise? (Multiselect)	SectionE - Q1. How has been your husband’s response towards your enterprise? (Multiselect)	Question Label		Q_E_01	HRESP_NEED_HELP , HRESP_LATER_SUPPORT , HRESP_FINANCIAL , HRESP_FULL_SUPPORT , HRESP_NO_SUPPORT	HRESP_NEED_HELP , HRESP_LATER_SUPPORT , HRESP_FINANCIAL , HRESP_FULL_SUPPORT , HRESP_NO_SUPPORT					Q1. आपके उद्यम के प्रति आपके पति/परिवार का क्या रुख रहा है? (बहु-चयन)	Q1. थारे धंधे सारू पति/घर वाळां रो कांई रुख रह्यो?		Antigravity	09/26/2026 14:00:00
HRESP_NEED_HELP	Survey	Q_E_01_HusbandFamilyResponse	SectionE_Option, DropdownOption	Enum	I need help from my family in running my enterprise more effectively	Need help from family to run effectively	Dropdown Option		HRESP_NEED_HELP							उद्यम को बेहतर चलाने के लिए परिवार से मदद की जरूरत है	काम सही चलावण सारू घर वाळां री मदद चाहिजे		Antigravity	09/26/2026 14:00:00
HRESP_LATER_SUPPORT	Survey	Q_E_01_HusbandFamilyResponse	SectionE_Option, DropdownOption	Enum	My husband was not supportive initially, but now helps when required	Husband not supportive initially, now helps	Dropdown Option		HRESP_LATER_SUPPORT							शुरुआत में पति का सहयोग नहीं था, लेकिन अब जरूरत पड़ने पर मदद करते हैं	पैली पति नी मानता हा, पण अबै मदद करै		Antigravity	09/26/2026 14:00:00
HRESP_FINANCIAL	Survey	Q_E_01_HusbandFamilyResponse	SectionE_Option, DropdownOption	Enum	My husband supports/supported me financially	Husband supports financially	Dropdown Option		HRESP_FINANCIAL							पति ने आर्थिक रूप से मेरा पूरा सहयोग किया	पति पैशां री पूरी मदद करी		Antigravity	09/26/2026 14:00:00
HRESP_FULL_SUPPORT	Survey	Q_E_01_HusbandFamilyResponse	SectionE_Option, DropdownOption	Enum	I have full support of my husband/family and helped me in every possible way	Full support of husband/family in every way	Dropdown Option		HRESP_FULL_SUPPORT							पति और परिवार का पूरा सहयोग है, हर तरह से मदद करते हैं	पति अर घर वाळां रो पूरो साथ है		Antigravity	09/26/2026 14:00:00
HRESP_NO_SUPPORT	Survey	Q_E_01_HusbandFamilyResponse	SectionE_Option, DropdownOption	Enum	I am running my enterprise without anyone’s support	Running enterprise without anyone's support	Dropdown Option		HRESP_NO_SUPPORT							मैं बिना किसी के सहयोग के खुद अपना उद्यम चला रही हूँ	म्हे बिना किणी रै सहारे खुद धंधो चलावां		Antigravity	09/26/2026 14:00:00
Q_E_02	Survey	Q_E_02_MaterialSourcingComfort	QuestionPrompt, SectionE	Enum	Q2. What is your level of comfort in sourcing material?	SectionE - Q2. What is your level of comfort in sourcing material?	Question Label		Q_E_02	SRC_TRAVEL_ALONE , SRC_NEED_COMPANION , SRC_FAMILY_HANDLES , SRC_CRP_HELPS , SRC_WANT_DIFF_PLACES , SRC_CONTENT_NEARBY	SRC_TRAVEL_ALONE , SRC_NEED_COMPANION , SRC_FAMILY_HANDLES , SRC_CRP_HELPS , SRC_WANT_DIFF_PLACES , SRC_CONTENT_NEARBY					Q2. कच्चा माल लाने / खरीदने में आपकी सहजता का स्तर क्या है?	Q2. माल लावण में थे कित्ता सहज हो?		Antigravity	09/26/2026 14:00:00
SRC_TRAVEL_ALONE	Survey	Q_E_02_MaterialSourcingComfort	SectionE_Option, DropdownOption	Enum	I travel alone and I handle negotiations independently	Travel alone & negotiate independently	Dropdown Option		SRC_TRAVEL_ALONE							अकेले यात्रा करती हूँ और मोल-भाव खुद संभालती हूँ	एकली जावां अर मोल-भाव खुद करां		Antigravity	09/26/2026 14:00:00
SRC_NEED_COMPANION	Survey	Q_E_02_MaterialSourcingComfort	SectionE_Option, DropdownOption	Enum	I need travel companion but I handle negotiations independently	Need companion, negotiate independently	Dropdown Option		SRC_NEED_COMPANION							साथ में किसी का होना जरूरी है पर मोल-भाव खुद करती हूँ	साथी चाहिजे, पण मोल-भाव खुद करां		Antigravity	09/26/2026 14:00:00
SRC_FAMILY_HANDLES	Survey	Q_E_02_MaterialSourcingComfort	SectionE_Option, DropdownOption	Enum	My family member handles the purchase	Family member handles purchase	Dropdown Option		SRC_FAMILY_HANDLES							परिवार का कोई सदस्य ही माल की खरीदारी करता है	घर रो कोई सदस्य ई माल लावै		Antigravity	09/26/2026 14:00:00
SRC_CRP_HELPS	Survey	Q_E_02_MaterialSourcingComfort	SectionE_Option, DropdownOption	Enum	OSF/SVEP CRP helps in sourcing material	OSF/SVEP CRP helps in sourcing	Dropdown Option		SRC_CRP_HELPS							CRP (उद्यम मित्र) माल लाने/खरीदने में मदद करते हैं	सीआरपी माल लावण में मदद करै		Antigravity	09/26/2026 14:00:00
SRC_WANT_DIFF_PLACES	Survey	Q_E_02_MaterialSourcingComfort	SectionE_Option, DropdownOption	Enum	I want to source material from different places but I need support	Want to source from outside, need support	Dropdown Option		SRC_WANT_DIFF_PLACES							बाहरी बाजारों से माल लाना चाहती हूँ लेकिन मदद चाहिए	बाहर सूं माल लावणो चाहवां पण मदद चाहिजे		Antigravity	09/26/2026 14:00:00
SRC_CONTENT_NEARBY	Survey	Q_E_02_MaterialSourcingComfort	SectionE_Option, DropdownOption	Enum	I am content to source material from nearby market	Content with nearby market	Dropdown Option		SRC_CONTENT_NEARBY							आसपास के बाजार से माल लाकर ही संतुष्ट हूँ	नेड़े रा बजार सूं माल ला’र राजी हां		Antigravity	09/26/2026 14:00:00
Q_E_03	Survey	Q_E_03_CustomerPaymentRecovery	QuestionPrompt, SectionE	Enum	Q3. Are you able to recover money from customers?	SectionE - Q3. Are you able to recover money from customers?	Question Label		Q_E_03	REC_NO_ISSUES , REC_CASH_ONLY , REC_EVENTUALLY_PAYS , REC_LEARNT_NEGOTIATE , REC_HUSBAND_RECOVERS , REC_LOSSES_DEBT	REC_NO_ISSUES , REC_CASH_ONLY , REC_EVENTUALLY_PAYS , REC_LEARNT_NEGOTIATE , REC_HUSBAND_RECOVERS , REC_LOSSES_DEBT					Q3. क्या आप ग्राहकों से समय पर अपना पैसा/उधारी वसूल पाती हैं?	Q3. गिरायकां सूं उधारी रो पैसो पाछो मिल जावै कांई?		Antigravity	09/26/2026 14:00:00
REC_NO_ISSUES	Survey	Q_E_03_CustomerPaymentRecovery	SectionE_Option, DropdownOption	Enum	Yes, I don’t face any issues	Yes, don't face any issues	Dropdown Option		REC_NO_ISSUES							हाँ, मुझे वसूली में कोई परेशानी नहीं होती	हाँ, पैशां री कोई दिक्कत कोनी आवै		Antigravity	09/26/2026 14:00:00
REC_CASH_ONLY	Survey	Q_E_03_CustomerPaymentRecovery	SectionE_Option, DropdownOption	Enum	Yes, but I conduct only cash transactions	Yes, but only cash transactions	Dropdown Option		REC_CASH_ONLY							हाँ, लेकिन मैं केवल नकद में ही व्यापार करती हूँ	हाँ, पण म्हे खाली रोकड़ में ई काम करां		Antigravity	09/26/2026 14:00:00
REC_EVENTUALLY_PAYS	Survey	Q_E_03_CustomerPaymentRecovery	SectionE_Option, DropdownOption	Enum	Yes, eventually everyone pays	Yes, eventually everyone pays	Dropdown Option		REC_EVENTUALLY_PAYS							हाँ, थोड़ा समय लगता है पर अंत में सब दे देते हैं	हाँ, थोड़ा टेम लागै पण पैसो मिल जावै		Antigravity	09/26/2026 14:00:00
REC_LEARNT_NEGOTIATE	Survey	Q_E_03_CustomerPaymentRecovery	SectionE_Option, DropdownOption	Enum	Yes, but I have learnt over the years how to negotiate.	Learnt over years how to negotiate	Dropdown Option		REC_LEARNT_NEGOTIATE							हाँ, समय के साथ मैंने पैसे वसूलना और बात करना सीख लिया है	हाँ, अबै म्हे उधारी मांगणी सीख ली		Antigravity	09/26/2026 14:00:00
REC_HUSBAND_RECOVERS	Survey	Q_E_03_CustomerPaymentRecovery	SectionE_Option, DropdownOption	Enum	No, but my husband is able to recover	Husband is able to recover	Dropdown Option		REC_HUSBAND_RECOVERS							नहीं, लेकिन मेरे पति वसूली कर लेते हैं	नी, पण म्हारा पति पैसो पाछो ले आवै		Antigravity	09/26/2026 14:00:00
REC_LOSSES_DEBT	Survey	Q_E_03_CustomerPaymentRecovery	SectionE_Option, DropdownOption	Enum	No, my business has suffered losses due to debt.	Suffered losses due to debt	Dropdown Option		REC_LOSSES_DEBT							नहीं, उधारी डूबने के कारण व्यवसाय में नुकसान हुआ है	नी, उधारी डूबबा सूं नुकसान हुयो है		Antigravity	09/26/2026 14:00:00
Q_E_04	Survey	Q_E_04_CurrentChallenges	QuestionPrompt, SectionE	EnumList	Q4. What are the challenges you are facing now? (Multiselect)	SectionE - Q4. What are the challenges you are facing now? (Multiselect)	Question Label		Q_E_04	CH_OSF_PHASED , CH_TIMELY_FUNDS , CH_BIGGER_MARKET , CH_SELLING_INVENTORY , CH_SOCIAL_MEDIA_LEARN , CH_OTHER	CH_OSF_PHASED , CH_TIMELY_FUNDS , CH_BIGGER_MARKET , CH_SELLING_INVENTORY , CH_SOCIAL_MEDIA_LEARN , CH_OTHER					Q4. वर्तमान में आप किन प्रमुख चुनौतियों का सामना कर रही हैं? (बहु-चयन)	Q4. आज रै टेम में थारे सामनै कांई अड़चनां है?		Antigravity	09/26/2026 14:00:00
CH_OSF_PHASED	Survey	Q_E_04_CurrentChallenges	SectionE_Option, DropdownOption	Enum	OSF is phased out now which has affected fund sufficiency. Specify amount	OSF phased out affecting fund sufficiency	Dropdown Option		CH_OSF_PHASED							OSF योजना बंद होने से फंड की कमी हो गई है	योजना बंद होबा सूं पैशां री कमी आई		Antigravity	09/26/2026 14:00:00
CH_TIMELY_FUNDS	Survey	Q_E_04_CurrentChallenges	SectionE_Option, DropdownOption	Enum	I need timely access to funds to buy inputs before the production/peak season begins. Specify amount	Need timely funds before peak season	Dropdown Option		CH_TIMELY_FUNDS							सीजन से पहले माल खरीदने के लिए समय पर फंड चाहिए	सीजन सूं पैली माल सारू टेम पै पैसो चाहिजे		Antigravity	09/26/2026 14:00:00
CH_BIGGER_MARKET	Survey	Q_E_04_CurrentChallenges	SectionE_Option, DropdownOption	Enum	I need support to access bigger market to source material/inputs at lower cost	Need support to access bigger markets	Dropdown Option		CH_BIGGER_MARKET							कम कीमत पर माल लाने के लिए बड़े बाजारों तक पहुंच चाहिए	सस्तो माल लावण सारू बड़ा बजार री पहुंच चाहिजे		Antigravity	09/26/2026 14:00:00
CH_SELLING_INVENTORY	Survey	Q_E_04_CurrentChallenges	SectionE_Option, DropdownOption	Enum	I need help in selling my inventory.	Need help in selling inventory	Dropdown Option		CH_SELLING_INVENTORY							बने हुए माल / स्टॉक को बेचने में मदद चाहिए	बण्योड़ो माल बेचण में सहायता चाहिजे		Antigravity	09/26/2026 14:00:00
CH_SOCIAL_MEDIA_LEARN	Survey	Q_E_04_CurrentChallenges	SectionE_Option, DropdownOption	Enum	I need help in learning use of social media	Need help learning social media	Dropdown Option		CH_SOCIAL_MEDIA_LEARN							सोशल मीडिया और ऑनलाइन प्रचार सीखने में मदद चाहिए	सोशल मीडिया चलावण सीखणो चाहिजे		Antigravity	09/26/2026 14:00:00
CH_OTHER	Survey	Q_E_04_CurrentChallenges	SectionE_Option, DropdownOption	Enum	Any other, specify	Any other challenge	Dropdown Option		CH_OTHER							अन्य कोई चुनौती (विवरण दें)	दूजी कोई अड़चन		Antigravity	09/26/2026 14:00:00
Q_E_05_01	Survey	Q_E_05_Competitors_Count	QuestionPrompt, SectionE	Number	Same business scale ______	SectionE - Same business scale ______	Question Label		Q_E_05_01							समान स्तर के व्यवसाय की संख्या ______	बराबर रा धंधेदार ______		Antigravity	09/26/2026 14:00:00
Q_E_05_02	Survey	Q_E_05_Competitors_Smaller	QuestionPrompt, SectionE	Number	Smaller business scale than yours_______	SectionE - Smaller business scale than yours_______	Question Label		Q_E_05_02							आपसे छोटे स्तर के व्यवसाय की संख्या _______	छोटा धंधेदार _______		Antigravity	09/26/2026 14:00:00
Q_E_05_03	Survey	Q_E_05_Competitors_Higher	QuestionPrompt, SectionE	Number	Higher business scale than yours_________	SectionE - Higher business scale than yours_________	Question Label		Q_E_05_03							आपसे बड़े स्तर के व्यवसाय की संख्या _________	बड़ा धंधेदार _________		Antigravity	09/26/2026 14:00:00
Q_E_06	Survey	Q_E_06_CompetitorAdvantages	QuestionPrompt, SectionE	EnumList	Q6. What advantage do you have over your competitors? (Multiselect)	SectionE - Q6. What advantage do you have over your competitors? (Multiselect)	Question Label		Q_E_06	ADV_BETTER_LOC , ADV_SHOP_VS_HOME , ADV_VARIETY , ADV_DISCOUNTS , ADV_QUALITY , ADV_CREDIT , ADV_FAST_DELIVERY , ADV_SOCIAL_MEDIA , ADV_OTHER , ADV_NONE	ADV_BETTER_LOC , ADV_SHOP_VS_HOME , ADV_VARIETY , ADV_DISCOUNTS , ADV_QUALITY , ADV_CREDIT , ADV_FAST_DELIVERY , ADV_SOCIAL_MEDIA , ADV_OTHER , ADV_NONE					Q6. प्रतिस्पर्धियों (अन्य दुकानदारों) की तुलना में आपकी क्या विशेषताएं/फायदे हैं? (बहु-चयन)	Q6. दूजा दुकानदारां सूं थारे में कांई खास बात है?		Antigravity	09/26/2026 14:00:00
ADV_BETTER_LOC	Survey	Q_E_06_CompetitorAdvantages	SectionE_Option, DropdownOption	Enum	I operate from a better location	Operate from better location	Dropdown Option		ADV_BETTER_LOC							मेरी दुकान बेहतर और चलती जगह पर है	म्हारी दुकान घणी अच्छी जगा पै है		Antigravity	09/26/2026 14:00:00
ADV_SHOP_VS_HOME	Survey	Q_E_06_CompetitorAdvantages	SectionE_Option, DropdownOption	Enum	I operate from a shop while they operate from home	Operate from shop vs home	Dropdown Option		ADV_SHOP_VS_HOME							मेरी पक्की दुकान है जबकि वे घर से काम करते हैं	म्हारी दुकान है अर बांको घर सूं काम है		Antigravity	09/26/2026 14:00:00
ADV_VARIETY	Survey	Q_E_06_CompetitorAdvantages	SectionE_Option, DropdownOption	Enum	I offer a wide variety of products/services	Wide variety of products/services	Dropdown Option		ADV_VARIETY							मेरे पास माल और वैरायटी ज्यादा है	म्हारे कनै माल री वैरायटी घणी है		Antigravity	09/26/2026 14:00:00
ADV_DISCOUNTS	Survey	Q_E_06_CompetitorAdvantages	SectionE_Option, DropdownOption	Enum	I offer discounts and still able to make profit	Offer discounts & make profit	Dropdown Option		ADV_DISCOUNTS							मैं छूट (डिस्काउंट) देती हूँ फिर भी मुनाफा कमाती हूँ	म्हे छूट दे’र भी नफो कमा लेवां		Antigravity	09/26/2026 14:00:00
ADV_QUALITY	Survey	Q_E_06_CompetitorAdvantages	SectionE_Option, DropdownOption	Enum	I offer better quality of products/services	Better quality of products/services	Dropdown Option		ADV_QUALITY							मेरे उत्पादों/सेवाओं की गुणवत्ता बेहतर है	म्हारा माल री क्वालिटी घणी बढ़िया है		Antigravity	09/26/2026 14:00:00
ADV_CREDIT	Survey	Q_E_06_CompetitorAdvantages	SectionE_Option, DropdownOption	Enum	I sell my products/services on credit	Sell on credit	Dropdown Option		ADV_CREDIT							मैं ग्राहकों को उधारी की सुविधा देती हूँ	म्हे गिरायकां ने उधारी री सुविधा देवां		Antigravity	09/26/2026 14:00:00
ADV_FAST_DELIVERY	Survey	Q_E_06_CompetitorAdvantages	SectionE_Option, DropdownOption	Enum	I take less time to supply products/deliver services	Less time to deliver	Dropdown Option		ADV_FAST_DELIVERY							मैं कम समय में माल तैयार/डिलीवर कर देती हूँ	म्हे जल्दी माल तैयार कर’र दे देवां		Antigravity	09/26/2026 14:00:00
ADV_SOCIAL_MEDIA	Survey	Q_E_06_CompetitorAdvantages	SectionE_Option, DropdownOption	Enum	I use social media to market my products/services	Use social media to market	Dropdown Option		ADV_SOCIAL_MEDIA							मैं सोशल मीडिया का उपयोग करके प्रचार करती हूँ	म्हे सोशल मीडिया पै प्रचार करां		Antigravity	09/26/2026 14:00:00
ADV_OTHER	Survey	Q_E_06_CompetitorAdvantages	SectionE_Option, DropdownOption	Enum	Any other, specify	Any other advantage	Dropdown Option		ADV_OTHER							अन्य कोई विशेषता (विवरण दें)	दूजी कोई खासियत		Antigravity	09/26/2026 14:00:00
ADV_NONE	Survey	Q_E_06_CompetitorAdvantages	SectionE_Option, DropdownOption	Enum	I don't have any advantage	No advantage	Dropdown Option		ADV_NONE							कोई विशेष फायदा नहीं है	कोई खास बात कोनी		Antigravity	09/26/2026 14:00:00
Q_F_01	Survey	Q_F_01_FutureExpansionPlans	QuestionPrompt, SectionF	Enum	Q1. For next one year, what are your plans to increase the scale of your business?	SectionF - Q1. For next one year, what are your plans to increase the scale of your business?	Question Label		Q_F_01	EXP_BETTER_LOC , EXP_ATTRACTIVE_SHOP , EXP_SAME_LOC_SCALE , EXP_OPEN_BRANCH , EXP_DIVERSIFY , EXP_SECOND_VENTURE , EXP_FORMALISE , EXP_ONLINE_MARKETS , EXP_HIRE_HELP , EXP_HANDOVER_FAMILY , EXP_SATISFIED_NO_EXP , EXP_SHUT_DOWN , EXP_OTHER_Q_F_01 , EXP_CANT_SAY	EXP_BETTER_LOC , EXP_ATTRACTIVE_SHOP , EXP_SAME_LOC_SCALE , EXP_OPEN_BRANCH , EXP_DIVERSIFY , EXP_SECOND_VENTURE , EXP_FORMALISE , EXP_ONLINE_MARKETS , EXP_HIRE_HELP , EXP_HANDOVER_FAMILY , EXP_SATISFIED_NO_EXP , EXP_SHUT_DOWN , EXP_OTHER_Q_F_01 , EXP_CANT_SAY					Q1. अगले एक वर्ष में अपने व्यवसाय को बढ़ाने के लिए आपकी क्या योजनाएं हैं?	Q1. आवणिया एक साल में धंधो बढ़ावण री कांई योजना है?		Antigravity	09/26/2026 14:00:00
EXP_BETTER_LOC	Survey	Q_F_01_FutureExpansionPlans	SectionF_Option, DropdownOption	Enum	I want to shift to a better location	Shift to better location	Dropdown Option		EXP_BETTER_LOC							बेहतर स्थान पर दुकान शिफ्ट करना चाहती हूँ	अच्छी जगा पै दुकान ले जावणी चाहवां		Antigravity	09/26/2026 14:00:00
EXP_ATTRACTIVE_SHOP	Survey	Q_F_01_FutureExpansionPlans	SectionF_Option, DropdownOption	Enum	I want to make my shop/premise more attractive to customers	Make shop more attractive	Dropdown Option		EXP_ATTRACTIVE_SHOP							दुकान को अधिक सुंदर व आकर्षक बनाना चाहती हूँ	दुकान ने और बढ़िया सजावणी चाहवां		Antigravity	09/26/2026 14:00:00
EXP_SAME_LOC_SCALE	Survey	Q_F_01_FutureExpansionPlans	SectionF_Option, DropdownOption	Enum	I want to expand my current business at the same location (more stock/customers/scale)	Expand current business at same location	Dropdown Option		EXP_SAME_LOC_SCALE							इसी जगह पर व्यवसाय और स्टॉक बढ़ाना चाहती हूँ	ई जगा पै माल अर धंधो बढ़ावणो चाहवां		Antigravity	09/26/2026 14:00:00
EXP_OPEN_BRANCH	Survey	Q_F_01_FutureExpansionPlans	SectionF_Option, DropdownOption	Enum	I want to open a branch/second unit of the same business elsewhere	Open branch / second unit	Dropdown Option		EXP_OPEN_BRANCH							दूसरी जगह एक और शाखा/यूनिट खोलना चाहती हूँ	दूजी जगा एक और दुकान खोलणी चाहवां		Antigravity	09/26/2026 14:00:00
EXP_DIVERSIFY	Survey	Q_F_01_FutureExpansionPlans	SectionF_Option, DropdownOption	Enum	I want to diversify into a related product/service (e.g., add new items to sell)	Diversify into related products/services	Dropdown Option		EXP_DIVERSIFY							नया मिलता-जुलता सामान/सेवा जोड़ना चाहती हूँ	नयो सामान/काम जोड़नो चाहवां		Antigravity	09/26/2026 14:00:00
EXP_SECOND_VENTURE	Survey	Q_F_01_FutureExpansionPlans	SectionF_Option, DropdownOption	Enum	I want to start a completely different, second enterprise	Start different second enterprise	Dropdown Option		EXP_SECOND_VENTURE							एक बिल्कुल अलग नया व्यवसाय शुरू करना चाहती हूँ	एक न्यारो ई नयो काम सरू करनो चाहवां		Antigravity	09/26/2026 14:00:00
EXP_FORMALISE	Survey	Q_F_01_FutureExpansionPlans	SectionF_Option, DropdownOption	Enum	I want to formalise my business (registration, GST, etc.) to access more/larger customers	Formalise business (GST, registrations)	Dropdown Option		EXP_FORMALISE							व्यवसाय का औपचारिक पंजीकरण (GST आदि) कराना चाहती हूँ	दुकान रो पक्को रजिस्ट्रेशन/GST करावणी चाहवां		Antigravity	09/26/2026 14:00:00
EXP_ONLINE_MARKETS	Survey	Q_F_01_FutureExpansionPlans	SectionF_Option, DropdownOption	Enum	I want to move from local/door-to-door sales to online or wider markets	Move to online / wider markets	Dropdown Option		EXP_ONLINE_MARKETS							स्थानीय से ऑनलाइन या बड़े बाजारों में जाना चाहती हूँ	ऑनलाइन या बड़ा बजार में माल बेचणो चाहवां		Antigravity	09/26/2026 14:00:00
EXP_HIRE_HELP	Survey	Q_F_01_FutureExpansionPlans	SectionF_Option, DropdownOption	Enum	I want to hire more people to help run the business	Hire more people	Dropdown Option		EXP_HIRE_HELP							काम के लिए और लोगों को नौकरी पर रखना चाहती हूँ	काम सारू और मजदूरां ने राखणी चाहवां		Antigravity	09/26/2026 14:00:00
EXP_HANDOVER_FAMILY	Survey	Q_F_01_FutureExpansionPlans	SectionF_Option, DropdownOption	Enum	I want to hand over the business to a family member and reduce my own involvement	Handover to family member	Dropdown Option		EXP_HANDOVER_FAMILY							व्यवसाय परिवार के किसी सदस्य को सौंपना चाहती हूँ	काम घर वाळां ने संभळावणो चाहवां		Antigravity	09/26/2026 14:00:00
EXP_SATISFIED_NO_EXP	Survey	Q_F_01_FutureExpansionPlans	SectionF_Option, DropdownOption	Enum	I am satisfied with the current scale and don't want to expand	Satisfied, don't want to expand	Dropdown Option		EXP_SATISFIED_NO_EXP							वर्तमान स्थिति से संतुष्ट हूँ, विस्तार नहीं करना	अबै जत्तो है बीं सूं राजी हां		Antigravity	09/26/2026 14:00:00
EXP_SHUT_DOWN	Survey	Q_F_01_FutureExpansionPlans	SectionF_Option, DropdownOption	Enum	I want to shut down or exit this enterprise	Want to shut down / exit	Dropdown Option		EXP_SHUT_DOWN							व्यवसाय बंद करना चाहती हूँ	काम-धंधो बंद करनो चाहवां		Antigravity	09/26/2026 14:00:00
EXP_OTHER_Q_F_01	Survey	Q_F_01_FutureExpansionPlans	SectionF_Option, DropdownOption	Enum	Any other, specify	Other plan (Specify)	Dropdown Option		EXP_OTHER_Q_F_01							अन्य कोई योजना (विवरण दें)	दूजी कोई योजना		Antigravity	09/26/2026 14:00:00
EXP_CANT_SAY	Survey	Q_F_01_FutureExpansionPlans	SectionF_Option, DropdownOption	Enum	Can't say / haven't thought about it	Can't say / haven't thought	Dropdown Option		EXP_CANT_SAY							कुछ कह नहीं सकती / सोचा नहीं है	कांई ठा / सोच्यो कोनी		Antigravity	09/26/2026 14:00:00
Q_F_02	Survey	Q_F_02_AspirationBottlenecks	QuestionPrompt, SectionF	EnumList	Q2. What is holding you back from pursuing these aspirations? (Multiselect)	SectionF - Q2. What is holding you back from pursuing these aspirations? (Multiselect)	Question Label		Q_F_02	BOT_CAPITAL , BOT_FAMILY_SUPPORT , BOT_MARKET_ACCESS , BOT_SKILLS_TRAINING , BOT_HEALTH_PERSONAL , BOT_NOTHING_WORKING , BOT_OTHER	BOT_CAPITAL , BOT_FAMILY_SUPPORT , BOT_MARKET_ACCESS , BOT_SKILLS_TRAINING , BOT_HEALTH_PERSONAL , BOT_NOTHING_WORKING , BOT_OTHER					Q2. इन आकांक्षाओं/योजनाओं को पूरा करने में क्या बाधाएं आ रही हैं? (बहु-चयन)	Q2. योजनावां पूरी करण में कांई रुकावट आ री है?		Antigravity	09/26/2026 14:00:00
BOT_CAPITAL	Survey	Q_F_02_AspirationBottlenecks	SectionF_Option, DropdownOption	Enum	Lack of capital/funds	Lack of capital / funds	Dropdown Option		BOT_CAPITAL							पूंजी / पैसों की कमी	पैशां री कमी		Antigravity	09/26/2026 14:00:00
BOT_FAMILY_SUPPORT	Survey	Q_F_02_AspirationBottlenecks	SectionF_Option, DropdownOption	Enum	Lack of family support/time due to household responsibilities	Lack of family support / time	Dropdown Option		BOT_FAMILY_SUPPORT							पारिवारिक सहयोग की कमी या घरेलू जिम्मेदारियां	घर रो टेम नी मिल पावै		Antigravity	09/26/2026 14:00:00
BOT_MARKET_ACCESS	Survey	Q_F_02_AspirationBottlenecks	SectionF_Option, DropdownOption	Enum	Lack of market access/demand beyond current customer base	Lack of market access / demand	Dropdown Option		BOT_MARKET_ACCESS							बाजार तक पहुंच या मांग की कमी	बजार री पहुंच कोनी		Antigravity	09/26/2026 14:00:00
BOT_SKILLS_TRAINING	Survey	Q_F_02_AspirationBottlenecks	SectionF_Option, DropdownOption	Enum	Lack of skills/training needed for the next step	Lack of skills / training	Dropdown Option		BOT_SKILLS_TRAINING							आगे बढ़ने के लिए जरूरी हुनर/प्रशिक्षण की कमी	ट्रेनिंग / हुनर री कमी		Antigravity	09/26/2026 14:00:00
BOT_HEALTH_PERSONAL	Survey	Q_F_02_AspirationBottlenecks	SectionF_Option, DropdownOption	Enum	Health or personal constraints	Health or personal constraints	Dropdown Option		BOT_HEALTH_PERSONAL							स्वास्थ्य या व्यक्तिगत परेशानियां	तबीयत या निजी परेशानी		Antigravity	09/26/2026 14:00:00
BOT_NOTHING_WORKING	Survey	Q_F_02_AspirationBottlenecks	SectionF_Option, DropdownOption	Enum	Nothing is holding me back, I am already working towards it	Nothing holding back, working towards it	Dropdown Option		BOT_NOTHING_WORKING							कोई रुकावट नहीं है, मैं इस पर काम कर रही हूँ	कोई रुकावट कोनी, म्हे काम कर री हां		Antigravity	09/26/2026 14:00:00
BOT_OTHER	Survey	Q_F_02_AspirationBottlenecks	SectionF_Option, DropdownOption	Enum	Any other, specify	Any other bottleneck	Dropdown Option		BOT_OTHER							अन्य कोई कारण (विवरण दें)	दूजो कोई कारण		Antigravity	09/26/2026 14:00:00
Q_F_03	Survey	Q_F_03_FutureFundsRequired	QuestionPrompt, SectionF	Enum	Q3. How much funds do you need to fund your plan?	SectionF - Q3. How much funds do you need to fund your plan?	Question Label		Q_F_03	FND_UPTO_1L , FND_1L_3L , FND_3L_5L , FND_5L_7L , FND_7L_9L , FND_GT_9L	FND_UPTO_1L , FND_1L_3L , FND_3L_5L , FND_5L_7L , FND_7L_9L , FND_GT_9L					Q3. अपनी योजना को पूरा करने के लिए आपको कितने फंड/पूंजी की आवश्यकता है?	Q3. योजना सारू कित्ता पैशां री जरूरत है?		Antigravity	09/26/2026 14:00:00
FND_UPTO_1L	Survey	Q_F_03_FutureFundsRequired	SectionF_Option, DropdownOption	Enum	Upto Rs 1,00,000	Upto Rs 1,00,000	Dropdown Option		FND_UPTO_1L							₹1,00,000 तक	1 लाख तांई		Antigravity	09/26/2026 14:00:00
FND_1L_3L	Survey	Q_F_03_FutureFundsRequired	SectionF_Option, DropdownOption	Enum	Rs 1,00,001-Rs 3,00,000	Rs 1,00,001 to Rs 3,00,000	Dropdown Option		FND_1L_3L							₹1,00,001 से ₹3,00,000	1 सूं 3 लाख तांई		Antigravity	09/26/2026 14:00:00
FND_3L_5L	Survey	Q_F_03_FutureFundsRequired	SectionF_Option, DropdownOption	Enum	Rs 3,00,001-Rs 5,00,000	Rs 3,00,001 to Rs 5,00,000	Dropdown Option		FND_3L_5L							₹3,00,001 से ₹5,00,000	3 सूं 5 लाख तांई		Antigravity	09/26/2026 14:00:00
FND_5L_7L	Survey	Q_F_03_FutureFundsRequired	SectionF_Option, DropdownOption	Enum	Rs 5,00,001-Rs 7,00,000	Rs 5,00,001 to Rs 7,00,000	Dropdown Option		FND_5L_7L							₹5,00,001 से ₹7,00,000	5 सूं 7 लाख तांई		Antigravity	09/26/2026 14:00:00
FND_7L_9L	Survey	Q_F_03_FutureFundsRequired	SectionF_Option, DropdownOption	Enum	Rs 7,00,001-Rs 9,00,000	Rs 7,00,001 to Rs 9,00,000	Dropdown Option		FND_7L_9L							₹7,00,001 से ₹9,00,000	7 सूं 9 लाख तांई		Antigravity	09/26/2026 14:00:00
FND_GT_9L	Survey	Q_F_03_FutureFundsRequired	SectionF_Option, DropdownOption	Enum	More than 9,00,000	More than Rs 9,00,000	Dropdown Option		FND_GT_9L							₹9,00,000 से अधिक	9 लाख सूं बत्ती		Antigravity	09/26/2026 14:00:00
Q_G_01	Survey	Q_G_01_AttendedTraining	QuestionPrompt, SectionG	Enum	Q1. Have you attended any training under SVEP/OSF?	SectionG - Q1. Have you attended any training under SVEP/OSF?	Question Label		Q_G_01	OPT_YES_Q_G_01 , OPT_NO_Q_G_01	OPT_YES_Q_G_01 , OPT_NO_Q_G_01					Q1. क्या आपने SVEP/OSF के तहत कोई प्रशिक्षण लिया है?	Q1. कांई थे योजना में कोई ट्रेनिंग ली ही?		Antigravity	09/26/2026 14:00:00
OPT_YES_Q_G_01	Survey	Q_G_01_AttendedTraining	SectionG_Option, DropdownOption	Enum	Yes	Yes	Dropdown Option		OPT_YES_Q_G_01							हाँ	हाँ		Antigravity	09/26/2026 14:00:00
OPT_NO_Q_G_01	Survey	Q_G_01_AttendedTraining	SectionG_Option, DropdownOption	Enum	No	No	Dropdown Option		OPT_NO_Q_G_01							नहीं	नी		Antigravity	09/26/2026 14:00:00
Q_G_02	Survey	Q_G_02_TrainingDetails	QuestionPrompt, SectionG	Text	Q2. If Yes, specify__________	SectionG - Q2. If Yes, specify__________	Question Label		Q_G_02							Q2. यदि हाँ, तो विवरण दें__________	Q2. हाँ तो ब्यौरो दो__________		Antigravity	09/26/2026 14:00:00
Q_G_03	Survey	Q_G_03_UsedTrainingComponent	QuestionPrompt, SectionG	Enum	Q3. Did you use any training component in your enterprise?	SectionG - Q3. Did you use any training component in your enterprise?	Question Label		Q_G_03	OPT_YES_Q_G_03 , OPT_NO_Q_G_03	OPT_YES_Q_G_03 , OPT_NO_Q_G_03					Q3. क्या आपने प्रशिक्षण की सीख का उपयोग अपने उद्यम में किया?	Q3. कांई ट्रेनिंग री सीख काम में ली?		Antigravity	09/26/2026 14:00:00
OPT_YES_Q_G_03	Survey	Q_G_03_UsedTrainingComponent	SectionG_Option, DropdownOption	Enum	Yes	Yes	Dropdown Option		OPT_YES_Q_G_03							हाँ	हाँ		Antigravity	09/26/2026 14:00:00
OPT_NO_Q_G_03	Survey	Q_G_03_UsedTrainingComponent	SectionG_Option, DropdownOption	Enum	No	No	Dropdown Option		OPT_NO_Q_G_03							नहीं	नी		Antigravity	09/26/2026 14:00:00
Q_G_04	Survey	Q_G_04_UsedTrainingDetails	QuestionPrompt, SectionG	Text	Q4. If Yes, specify__________	SectionG - Q4. If Yes, specify__________	Question Label		Q_G_04							Q4. यदि हाँ, तो विवरण दें__________	Q4. हाँ तो ब्यौरो दो__________		Antigravity	09/26/2026 14:00:00
Q_G_05_01	Survey	Q_G_05_MonthlyIncomeBeforeLoan	QuestionPrompt, SectionG	Number	Income before the changes: Rs-------	SectionG - Income before the changes: Rs-------	Question Label		Q_G_05_01							ऋण/बदलाव से पहले मासिक आय: ₹-------	बदलाव सूं पैली आमदनी: ₹-------		Antigravity	09/26/2026 14:00:00
Q_G_05_02	Survey	Q_G_05_MonthlyIncomeAfterLoan	QuestionPrompt, SectionG	Number	Income after the changes: Rs---------	SectionG - Income after the changes: Rs---------	Question Label		Q_G_05_02							ऋण/बदलाव के बाद मासिक आय: ₹---------	बदलाव रै बाद आमदनी: ₹---------		Antigravity	09/26/2026 14:00:00
Q_G_06	Survey	Q_G_06_MonthlyIncomeIncreaseByOSFSVEP	QuestionPrompt, SectionG	Enum	Q6. Can you specify the amount by which your average monthly income has increased directly due to changes brought by OSF/SVEP loans?	SectionG - Q6. Can you specify the amount by which your average monthly income has increased directly due to changes brought by OSF/SVEP loans?	Question Label		Q_G_06	INC_UPTO_2K , INC_2K_3K , INC_3K_4K , INC_4K_5K , INC_5K_6K , INC_GT_6K , INC_CANT_SAY	INC_UPTO_2K , INC_2K_3K , INC_3K_4K , INC_4K_5K , INC_5K_6K , INC_GT_6K , INC_CANT_SAY					Q6. OSF/SVEP ऋण और बदलावों से आपकी औसत मासिक आय में कितनी वृद्धि हुई?	Q6. योजना रै लोन सूं महिने री कमाई कित्ती बढ़ी?		Antigravity	09/26/2026 14:00:00
INC_UPTO_2K	Survey	Q_G_06_MonthlyIncomeIncreaseByOSFSVEP	SectionG_Option, DropdownOption	Enum	Upto Rs 2000	Upto Rs 2000	Dropdown Option		INC_UPTO_2K							₹2,000 तक	2000 तांई		Antigravity	09/26/2026 14:00:00
INC_2K_3K	Survey	Q_G_06_MonthlyIncomeIncreaseByOSFSVEP	SectionG_Option, DropdownOption	Enum	Rs 2000 to Rs 3000	Rs 2000 to Rs 3000	Dropdown Option		INC_2K_3K							₹2,000 से ₹3,000	2000 सूं 3000		Antigravity	09/26/2026 14:00:00
INC_3K_4K	Survey	Q_G_06_MonthlyIncomeIncreaseByOSFSVEP	SectionG_Option, DropdownOption	Enum	Rs 3000 to Rs 4000	Rs 3000 to Rs 4000	Dropdown Option		INC_3K_4K							₹3,000 से ₹4,000	3000 सूं 4000		Antigravity	09/26/2026 14:00:00
INC_4K_5K	Survey	Q_G_06_MonthlyIncomeIncreaseByOSFSVEP	SectionG_Option, DropdownOption	Enum	Rs 4000 to Rs 5000	Rs 4000 to Rs 5000	Dropdown Option		INC_4K_5K							₹4,000 से ₹5,000	4000 सूं 5000		Antigravity	09/26/2026 14:00:00
INC_5K_6K	Survey	Q_G_06_MonthlyIncomeIncreaseByOSFSVEP	SectionG_Option, DropdownOption	Enum	Rs 5000 to Rs 6000	Rs 5000 to Rs 6000	Dropdown Option		INC_5K_6K							₹5,000 से ₹6,000	5000 सूं 6000		Antigravity	09/26/2026 14:00:00
INC_GT_6K	Survey	Q_G_06_MonthlyIncomeIncreaseByOSFSVEP	SectionG_Option, DropdownOption	Enum	Above Rs 6000	Above Rs 6000	Dropdown Option		INC_GT_6K							₹6,000 से अधिक	6000 सूं बत्ती		Antigravity	09/26/2026 14:00:00
INC_CANT_SAY	Survey	Q_G_06_MonthlyIncomeIncreaseByOSFSVEP	SectionG_Option, DropdownOption	Enum	Cant say	Cant say	Dropdown Option		INC_CANT_SAY							कह नहीं सकती	ठा नी		Antigravity	09/26/2026 14:00:00
Q_G_07	Survey	Q_G_07_CRPContributions	QuestionPrompt, SectionG	EnumList	Q7. What has been the contribution of SVEP/OSF CRP in your enterprise? (Multiselect)	SectionG - Q7. What has been the contribution of SVEP/OSF CRP in your enterprise? (Multiselect)	Question Label		Q_G_07	CRP_SUBSIDY , CRP_DOCS , CRP_BIZ_PLAN , CRP_PROFIT_IDEAS , CRP_RECORDS , CRP_BANK_LOAN , CRP_COMM_SKILLS , CRP_MARKETING , CRP_INSTAGRAM , CRP_COMPETITORS	CRP_SUBSIDY , CRP_DOCS , CRP_BIZ_PLAN , CRP_PROFIT_IDEAS , CRP_RECORDS , CRP_BANK_LOAN , CRP_COMM_SKILLS , CRP_MARKETING , CRP_INSTAGRAM , CRP_COMPETITORS					Q7. आपके उद्यम में SVEP/OSF CRP (उद्यम मित्र) का क्या योगदान रहा है? (बहु-चयन)	Q7. थारे धंधे में सीआरपी दीदी रो कांई योगदान रह्यो?		Antigravity	09/26/2026 14:00:00
CRP_SUBSIDY	Survey	Q_G_07_CRPContributions	SectionG_Option, DropdownOption	Enum	Accessing subsidy	Accessing subsidy	Dropdown Option		CRP_SUBSIDY							सब्सिडी/अनुदान दिलाने में मदद की	सब्सिडी देवावण में मदद करी		Antigravity	09/26/2026 14:00:00
CRP_DOCS	Survey	Q_G_07_CRPContributions	SectionG_Option, DropdownOption	Enum	Getting necessary documents. Specify Aadhar/PAN Card/Income certificate/Caste certificate/Udhayam aadhar/ FSSAI certificate/Shop registration	Getting necessary documents (PAN/Aadhar/Udyam/FSSAI)	Dropdown Option		CRP_DOCS							जरूरी दस्तावेज और लाइसेंस बनवाने में मदद की	कागज अर लाइसेंस बणावण में मदद करी		Antigravity	09/26/2026 14:00:00
CRP_BIZ_PLAN	Survey	Q_G_07_CRPContributions	SectionG_Option, DropdownOption	Enum	They helped us to understand business plans	Helped understand business plans	Dropdown Option		CRP_BIZ_PLAN							बिजनेस प्लान और व्यवसाय को समझने में मदद की	बिजनेस प्लान समझावण में मदद करी		Antigravity	09/26/2026 14:00:00
CRP_PROFIT_IDEAS	Survey	Q_G_07_CRPContributions	SectionG_Option, DropdownOption	Enum	They gave us new ideas to improve our profit.	Gave new ideas to improve profit	Dropdown Option		CRP_PROFIT_IDEAS							मुनाफा बढ़ाने के नए उपाय बताए	नफो बढ़ावण रा नया विचार दिया		Antigravity	09/26/2026 14:00:00
CRP_RECORDS	Survey	Q_G_07_CRPContributions	SectionG_Option, DropdownOption	Enum	They trained us on maintaining records which we didn’t know earlier	Trained on maintaining records	Dropdown Option		CRP_RECORDS							बही-खाता और हिसाब-किताब रखने का प्रशिक्षण दिया	हिसाब-किताब राखणो सिखायो		Antigravity	09/26/2026 14:00:00
CRP_BANK_LOAN	Survey	Q_G_07_CRPContributions	SectionG_Option, DropdownOption	Enum	They helped in accessing loans from bank	Helped accessing loans from bank	Dropdown Option		CRP_BANK_LOAN							बैंक से ऋण दिलाने में मदद की	बैंक सूं लोन देवावण में मदद करी		Antigravity	09/26/2026 14:00:00
CRP_COMM_SKILLS	Survey	Q_G_07_CRPContributions	SectionG_Option, DropdownOption	Enum	They helped in our communication skills	Helped in communication skills	Dropdown Option		CRP_COMM_SKILLS							बातचीत और संवाद कौशल सुधारने में मदद की	बोलचाल अर व्यवहार सिखायो		Antigravity	09/26/2026 14:00:00
CRP_MARKETING	Survey	Q_G_07_CRPContributions	SectionG_Option, DropdownOption	Enum	They helped in marketing	Helped in marketing	Dropdown Option		CRP_MARKETING							प्रचार-प्रसार और मार्केटिंग में मदद की	प्रचार-प्रसार में मदद करी		Antigravity	09/26/2026 14:00:00
CRP_INSTAGRAM	Survey	Q_G_07_CRPContributions	SectionG_Option, DropdownOption	Enum	They helped in learning use of instagram	Helped learning use of Instagram	Dropdown Option		CRP_INSTAGRAM							इंस्टाग्राम और सोशल मीडिया का उपयोग सिखाया	इंस्टाग्राम चलावणो सिखायो		Antigravity	09/26/2026 14:00:00
CRP_COMPETITORS	Survey	Q_G_07_CRPContributions	SectionG_Option, DropdownOption	Enum	They helped us to understand our competitors and suggested ways to beat the competition.	Helped understand competitors & strategies	Dropdown Option		CRP_COMPETITORS							प्रतिस्पर्धियों को समझने और आगे बढ़ने के उपाय बताए	दूजा दुकानदारां सूं आगे बढ़ण रा उपाय बताया		Antigravity	09/26/2026 14:00:00
Q_G_08	Survey	Q_G_08_ExpectationsFromScheme	QuestionPrompt, SectionG	EnumList	Q8. What are your expectations from the SVEP/OSF scheme?	SectionG - Q8. What are your expectations from the SVEP/OSF scheme?	Question Label		Q_G_08	EXP_BIGGER_LOAN , EXP_MUDRA_HELP , EXP_CRP_GUIDANCE , EXP_BIGGER_MARKETS , EXP_ONLINE_PURCHASE , EXP_INSTA_HELP , EXP_BIZ_TRAININGS , EXP_OTHER_Q_G_08	EXP_BIGGER_LOAN , EXP_MUDRA_HELP , EXP_CRP_GUIDANCE , EXP_BIGGER_MARKETS , EXP_ONLINE_PURCHASE , EXP_INSTA_HELP , EXP_BIZ_TRAININGS , EXP_OTHER_Q_G_08					Q8. SVEP/OSF योजना से आपकी क्या अपेक्षाएं हैं?	Q8. योजना सूं थारी कांई उम्मीद है?		Antigravity	09/26/2026 14:00:00
EXP_BIGGER_LOAN	Survey	Q_G_08_ExpectationsFromScheme	SectionG_Option, DropdownOption	Enum	Need bigger loan amount	Need bigger loan amount	Dropdown Option		EXP_BIGGER_LOAN							बड़ी ऋण राशि (लोन) की आवश्यकता है	बड़ा लोन री जरूरत है		Antigravity	09/26/2026 14:00:00
EXP_MUDRA_HELP	Survey	Q_G_08_ExpectationsFromScheme	SectionG_Option, DropdownOption	Enum	Need help in accessing Mudra loan	Need help accessing Mudra loan	Dropdown Option		EXP_MUDRA_HELP							मुद्रा लोन (Mudra Loan) दिलाने में मदद चाहिए	मुद्रा लोन देवावण में मदद चाहिजे		Antigravity	09/26/2026 14:00:00
EXP_CRP_GUIDANCE	Survey	Q_G_08_ExpectationsFromScheme	SectionG_Option, DropdownOption	Enum	Need more guidance of SBDP/SVEP CRPs	Need more guidance of CRPs	Dropdown Option		EXP_CRP_GUIDANCE							CRP (उद्यम मित्र) का अधिक मार्गदर्शन चाहिए	सीआरपी रो और मार्गदर्शन चाहिजे		Antigravity	09/26/2026 14:00:00
EXP_BIGGER_MARKETS	Survey	Q_G_08_ExpectationsFromScheme	SectionG_Option, DropdownOption	Enum	Need help to access bigger markets	Need help to access bigger markets	Dropdown Option		EXP_BIGGER_MARKETS							बड़े बाजारों तक पहुंच में मदद चाहिए	बड़ा बजार तक पहुंच में मदद चाहिजे		Antigravity	09/26/2026 14:00:00
EXP_ONLINE_PURCHASE	Survey	Q_G_08_ExpectationsFromScheme	SectionG_Option, DropdownOption	Enum	Need help with online purchase	Need help with online purchase	Dropdown Option		EXP_ONLINE_PURCHASE							ऑनलाइन कच्चा माल खरीदने में मदद चाहिए	ऑनलाइन माल खरीदण में मदद चाहिजे		Antigravity	09/26/2026 14:00:00
EXP_INSTA_HELP	Survey	Q_G_08_ExpectationsFromScheme	SectionG_Option, DropdownOption	Enum	Need help with instagram	Need help with Instagram / social media	Dropdown Option		EXP_INSTA_HELP							इंस्टाग्राम और सोशल मीडिया प्रचार में मदद चाहिए	इंस्टाग्राम चलावण में मदद चाहिजे		Antigravity	09/26/2026 14:00:00
EXP_BIZ_TRAININGS	Survey	Q_G_08_ExpectationsFromScheme	SectionG_Option, DropdownOption	Enum	Need my business specific trainings	Need business specific trainings	Dropdown Option		EXP_BIZ_TRAININGS							मेरे व्यवसाय से संबंधित विशेष प्रशिक्षण चाहिए	म्हारे धंधे री खास ट्रेनिंग चाहिजे		Antigravity	09/26/2026 14:00:00
EXP_OTHER_Q_G_08	Survey	Q_G_08_ExpectationsFromScheme	SectionG_Option, DropdownOption	Enum	Any other, Specify	Any other expectation	Dropdown Option		EXP_OTHER_Q_G_08							अन्य कोई अपेक्षा (विवरण दें)	दूजी कोई उम्मीद		Antigravity	09/26/2026 14:00:00
Q_H_01	Survey	Q_H_01_SmartphoneOwnership	QuestionPrompt, SectionH	Enum	Q1. Do you own a smart phone?	SectionH - Q1. Do you own a smart phone?	Question Label		Q_H_01	PHN_OWN , PHN_NO , PHN_FAMILY_ACCESS	PHN_OWN , PHN_NO , PHN_FAMILY_ACCESS					Q1. क्या आपके पास स्मार्टफोन (टच वाला फोन) है?	Q1. कांई थारे कनै बड़ो फोन (स्मार्टफोन) है?		Antigravity	09/26/2026 14:00:00
PHN_OWN	Survey	Q_H_01_SmartphoneOwnership	SectionH_Option, DropdownOption	Enum	Yes	Yes, own a smartphone	Dropdown Option		PHN_OWN							हाँ, खुद का स्मार्टफोन है	हाँ, म्हारो खुद रो स्मार्टफोन है		Antigravity	09/26/2026 14:00:00
PHN_NO	Survey	Q_H_01_SmartphoneOwnership	SectionH_Option, DropdownOption	Enum	No	No	Dropdown Option		PHN_NO							नहीं	नी		Antigravity	09/26/2026 14:00:00
PHN_FAMILY_ACCESS	Survey	Q_H_01_SmartphoneOwnership	SectionH_Option, DropdownOption	Enum	No, but i have access to smart phone	No, but have access to family smartphone	Dropdown Option		PHN_FAMILY_ACCESS							नहीं, लेकिन परिवार में स्मार्टफोन का उपयोग कर सकती हूँ	नी, पण घर में बड़ो फोन काम ले सकां		Antigravity	09/26/2026 14:00:00
Q_H_02	Survey	Q_H_02_UseQRUPI	QuestionPrompt, SectionH	Enum	Q2. Do you use QR code/mobile banking for money transactions?	SectionH - Q2. Do you use QR code/mobile banking for money transactions?	Question Label		Q_H_02	OPT_YES_Q_H_02 , OPT_NO_Q_H_02	OPT_YES_Q_H_02 , OPT_NO_Q_H_02					Q2. क्या आप पैसों के लेन-देन के लिए QR कोड / UPI (PhonePe, Paytm, GPay) का उपयोग करती हैं?	Q2. कांई थे QR कोड / फोन पे / गूगल पे काम में लेवो हो?		Antigravity	09/26/2026 14:00:00
OPT_YES_Q_H_02	Survey	Q_H_02_UseQRUPI	SectionH_Option, DropdownOption	Enum	Yes	Yes	Dropdown Option		OPT_YES_Q_H_02							हाँ	हाँ		Antigravity	09/26/2026 14:00:00
OPT_NO_Q_H_02	Survey	Q_H_02_UseQRUPI	SectionH_Option, DropdownOption	Enum	No	No	Dropdown Option		OPT_NO_Q_H_02							नहीं	नी		Antigravity	09/26/2026 14:00:00
Q_H_03	Survey	Q_H_03_QRDailyTransactions	QuestionPrompt, SectionH	Enum	Q3. If yes, daily how many transactions in your business are done using QR code/mobile banking?	SectionH - Q3. If yes, daily how many transactions in your business are done using QR code/mobile banking?	Question Label		Q_H_03	QR_1_4 , QR_5_10 , QR_10_20 , QR_20_40 , QR_GT_40	QR_1_4 , QR_5_10 , QR_10_20 , QR_20_40 , QR_GT_40					Q3. यदि हाँ, तो रोजाना व्यवसाय में QR कोड / UPI से लगभग कितने लेन-देन होते हैं?	Q3. हाँ तो रोज QR कोड सूं कित्ता लेन-देन होवै?		Antigravity	09/26/2026 14:00:00
QR_1_4	Survey	Q_H_03_QRDailyTransactions	SectionH_Option, DropdownOption	Enum	1-4	1-4 transactions daily	Dropdown Option		QR_1_4							1-4 लेन-देन	1-4 लेन-देन		Antigravity	09/26/2026 14:00:00
QR_5_10	Survey	Q_H_03_QRDailyTransactions	SectionH_Option, DropdownOption	Enum	5-10	5-10 transactions daily	Dropdown Option		QR_5_10							5-10 लेन-देन	5-10 लेन-देन		Antigravity	09/26/2026 14:00:00
QR_10_20	Survey	Q_H_03_QRDailyTransactions	SectionH_Option, DropdownOption	Enum	10-20	10-20 transactions daily	Dropdown Option		QR_10_20							10-20 लेन-देन	10-20 लेन-देन		Antigravity	09/26/2026 14:00:00
QR_20_40	Survey	Q_H_03_QRDailyTransactions	SectionH_Option, DropdownOption	Enum	20-40	20-40 transactions daily	Dropdown Option		QR_20_40							20-40 लेन-देन	20-40 लेन-देन		Antigravity	09/26/2026 14:00:00
QR_GT_40	Survey	Q_H_03_QRDailyTransactions	SectionH_Option, DropdownOption	Enum	More than 40	More than 40 transactions daily	Dropdown Option		QR_GT_40							40 से अधिक लेन-देन	40 सूं बत्ती		Antigravity	09/26/2026 14:00:00
Q_H_04	Survey	Q_H_04_QRNonUseReason	QuestionPrompt, SectionH	Enum	Q4. If no, reason for not using QR code/mobile banking for money related transactions	SectionH - Q4. If no, reason for not using QR code/mobile banking for money related transactions	Question Label		Q_H_04	NOQR_NO_PHONE , NOQR_FEW_CUSTOMERS , NOQR_DONT_KNOW_HOW , NOQR_NOT_APPLICABLE	NOQR_NO_PHONE , NOQR_FEW_CUSTOMERS , NOQR_DONT_KNOW_HOW , NOQR_NOT_APPLICABLE					Q4. यदि नहीं, तो QR कोड / मोबाइल बैंकिंग का उपयोग न करने का क्या कारण है?	Q4. नी तो QR कोड नी काम लेवण रो कारण		Antigravity	09/26/2026 14:00:00
NOQR_NO_PHONE	Survey	Q_H_04_QRNonUseReason	SectionH_Option, DropdownOption	Enum	Since I don’t own smart phone, it is difficult to transact	Don't own smartphone, difficult to transact	Dropdown Option		NOQR_NO_PHONE							स्मार्टफोन नहीं है, इसलिए लेन-देन करना कठिन है	स्मार्टफोन कोनी ई वास्ते लेन-देन नी होवै		Antigravity	09/26/2026 14:00:00
NOQR_FEW_CUSTOMERS	Survey	Q_H_04_QRNonUseReason	SectionH_Option, DropdownOption	Enum	Not many customers use smart phone for payments	Not many customers use smartphone for payment	Dropdown Option		NOQR_FEW_CUSTOMERS							अधिकतर ग्राहक ऑनलाइन पेमेंट नहीं करते	घणा गिराहक ऑनलाइन पेमेंट कोनी करै		Antigravity	09/26/2026 14:00:00
NOQR_DONT_KNOW_HOW	Survey	Q_H_04_QRNonUseReason	SectionH_Option, DropdownOption	Enum	I don’t know how to use and monitor transactions with QR code/mobile banking	Don't know how to use / monitor QR transactions	Dropdown Option		NOQR_DONT_KNOW_HOW							मुझे QR कोड चलाना और चेक करना नहीं आता	म्हाने QR कोड चलावणो नी आवै		Antigravity	09/26/2026 14:00:00
NOQR_NOT_APPLICABLE	Survey	Q_H_04_QRNonUseReason	SectionH_Option, DropdownOption	Enum	Not applicable	Not applicable	Dropdown Option		NOQR_NOT_APPLICABLE							लागू नहीं	लागू कोनी		Antigravity	09/26/2026 14:00:00
Q_H_05	Survey	Q_H_05_SocialMediaForMarketing	QuestionPrompt, SectionH	Enum	Q5. Do you use social media for marketing?	SectionH - Q5. Do you use social media for marketing?	Question Label		Q_H_05	SMM_WHATSAPP_ORDERS , SMM_INSTA_ORDERS , SMM_NO_SMARTPHONE , SMM_DONT_KNOW_USE , SMM_NO_TIME_LEARN , SMM_DONT_WANT , SMM_OTHER	SMM_WHATSAPP_ORDERS , SMM_INSTA_ORDERS , SMM_NO_SMARTPHONE , SMM_DONT_KNOW_USE , SMM_NO_TIME_LEARN , SMM_DONT_WANT , SMM_OTHER					Q5. क्या आप प्रचार और मार्केटिंग के लिए सोशल मीडिया का उपयोग करती हैं?	Q5. कांई थे प्रचार सारू सोशल मीडिया काम में लेवो हो?		Antigravity	09/26/2026 14:00:00
SMM_WHATSAPP_ORDERS	Survey	Q_H_05_SocialMediaForMarketing	SectionH_Option, DropdownOption	Enum	I regularly share images on whatsapp to get orders	Regularly share images on WhatsApp to get orders	Dropdown Option		SMM_WHATSAPP_ORDERS							व्हाट्सएप पर नियमित फोटो भेजकर ऑर्डर लेती हूँ	व्हाट्सएप पै फोटो भेज’र आर्डर लेवां		Antigravity	09/26/2026 14:00:00
SMM_INSTA_ORDERS	Survey	Q_H_05_SocialMediaForMarketing	SectionH_Option, DropdownOption	Enum	I regularly share images/reels on instagram to get orders	Regularly share images/reels on Instagram	Dropdown Option		SMM_INSTA_ORDERS							इंस्टाग्राम पर नियमित फोटो/रील डालकर ऑर्डर लेती हूँ	इंस्टाग्राम पै फोटो/रील डाल’र आर्डर लेवां		Antigravity	09/26/2026 14:00:00
SMM_NO_SMARTPHONE	Survey	Q_H_05_SocialMediaForMarketing	SectionH_Option, DropdownOption	Enum	It is important but I don’t have access to smart phone	Important, but don't have smartphone	Dropdown Option		SMM_NO_SMARTPHONE							जरूरी है लेकिन मेरे पास स्मार्टफोन नहीं है	जरूरी है पण म्हारै कनै बड़ो फोन कोनी		Antigravity	09/26/2026 14:00:00
SMM_DONT_KNOW_USE	Survey	Q_H_05_SocialMediaForMarketing	SectionH_Option, DropdownOption	Enum	I do not use because I don't know how to use whatsapp/ instagram	Don't know how to use WhatsApp / Instagram	Dropdown Option		SMM_DONT_KNOW_USE							उपयोग नहीं करती क्योंकि मुझे चलाना नहीं आता	म्हाने चलावणो कोनी आवै		Antigravity	09/26/2026 14:00:00
SMM_NO_TIME_LEARN	Survey	Q_H_05_SocialMediaForMarketing	SectionH_Option, DropdownOption	Enum	I don't have time to learn and use social media	Don't have time to learn and use	Dropdown Option		SMM_NO_TIME_LEARN							सीखने और चलाने का समय नहीं मिलता	सीखण रो टेम कोनी मिलै		Antigravity	09/26/2026 14:00:00
SMM_DONT_WANT	Survey	Q_H_05_SocialMediaForMarketing	SectionH_Option, DropdownOption	Enum	I don't want to use social media	Don't want to use social media	Dropdown Option		SMM_DONT_WANT							मैं सोशल मीडिया का उपयोग नहीं करना चाहती	म्हे काम में नी लेवणो चाहवां		Antigravity	09/26/2026 14:00:00
SMM_OTHER	Survey	Q_H_05_SocialMediaForMarketing	SectionH_Option, DropdownOption	Enum	Any other, specify	Any other reason	Dropdown Option		SMM_OTHER							अन्य कोई कारण (विवरण दें)	दूजो कोई कारण		Antigravity	09/26/2026 14:00:00
Q_H_06	Survey	Q_H_06_SocialPlatformsUsed	QuestionPrompt, SectionH	EnumList	Q6. Which social media platforms do you use for your business? (Multiselect)	SectionH - Q6. Which social media platforms do you use for your business? (Multiselect)	Question Label		Q_H_06	SMP_WHATSAPP , SMP_INSTAGRAM , SMP_PINTEREST , SMP_FACEBOOK , SMP_SNAPCHAT , SMP_NONE	SMP_WHATSAPP , SMP_INSTAGRAM , SMP_PINTEREST , SMP_FACEBOOK , SMP_SNAPCHAT , SMP_NONE					Q6. व्यवसाय के लिए आप किन सोशल मीडिया प्लेटफॉर्म का उपयोग करती हैं? (बहु-चयन)	Q6. धंधे सारू कुणसा सोशल मीडिया ऐप काम में लेवो हो?		Antigravity	09/26/2026 14:00:00
SMP_WHATSAPP	Survey	Q_H_06_SocialPlatformsUsed	SectionH_Option, DropdownOption	Enum	Whatsapp	WhatsApp	Dropdown Option		SMP_WHATSAPP							व्हाट्सएप (WhatsApp)	व्हाट्सएप		Antigravity	09/26/2026 14:00:00
SMP_INSTAGRAM	Survey	Q_H_06_SocialPlatformsUsed	SectionH_Option, DropdownOption	Enum	Instagram	Instagram	Dropdown Option		SMP_INSTAGRAM							इंस्टाग्राम (Instagram)	इंस्टाग्राम		Antigravity	09/26/2026 14:00:00
SMP_PINTEREST	Survey	Q_H_06_SocialPlatformsUsed	SectionH_Option, DropdownOption	Enum	Pinterest	Pinterest	Dropdown Option		SMP_PINTEREST							पिंटरेस्ट (Pinterest)	पिंटरेस्ट		Antigravity	09/26/2026 14:00:00
SMP_FACEBOOK	Survey	Q_H_06_SocialPlatformsUsed	SectionH_Option, DropdownOption	Enum	Facebook	Facebook	Dropdown Option		SMP_FACEBOOK							फेसबुक (Facebook)	फेसबुक		Antigravity	09/26/2026 14:00:00
SMP_SNAPCHAT	Survey	Q_H_06_SocialPlatformsUsed	SectionH_Option, DropdownOption	Enum	Snapchat	Snapchat	Dropdown Option		SMP_SNAPCHAT							स्नैपचैट (Snapchat)	स्नैपचैट		Antigravity	09/26/2026 14:00:00
SMP_NONE	Survey	Q_H_06_SocialPlatformsUsed	SectionH_Option, DropdownOption	Enum	Don’t use social media	Don't use social media	Dropdown Option		SMP_NONE							सोशल मीडिया का उपयोग नहीं करती	सोशल मीडिया कोनी काम लेवां		Antigravity	09/26/2026 14:00:00
Q_H_07	Survey	Q_H_07_SocialPlatformUsageMode	QuestionPrompt, SectionH	Enum	Q7. How do you use these platforms in your business?	SectionH - Q7. How do you use these platforms in your business?	Question Label		Q_H_07	SMU_PRICE_ORDERS , SMU_SHARE_IMAGES , SMU_VENDOR_ENQUIRY , SMU_NEW_IDEAS , SMU_NONE	SMU_PRICE_ORDERS , SMU_SHARE_IMAGES , SMU_VENDOR_ENQUIRY , SMU_NEW_IDEAS , SMU_NONE					Q7. व्यवसाय में आप इन प्लेटफॉर्म का उपयोग किस प्रकार करती हैं?	Q7. धंधे में सोशल मीडिया रो उपयोग कियां करो हो?		Antigravity	09/26/2026 14:00:00
SMU_PRICE_ORDERS	Survey	Q_H_07_SocialPlatformUsageMode	SectionH_Option, DropdownOption	Enum	Use texts to ask/share prices and book orders	Use texts to share prices and book orders	Dropdown Option		SMU_PRICE_ORDERS							कीमत बताने और ऑर्डर बुक करने के लिए मैसेज करती हूँ	भाव बतावण अर आर्डर लेवण सारू मैसेज करां		Antigravity	09/26/2026 14:00:00
SMU_SHARE_IMAGES	Survey	Q_H_07_SocialPlatformUsageMode	SectionH_Option, DropdownOption	Enum	Share images to promote business	Share images to promote business	Dropdown Option		SMU_SHARE_IMAGES							व्यवसाय के प्रचार के लिए फोटो शेयर करती हूँ	प्रचार सारू फोटो शेयर करां		Antigravity	09/26/2026 14:00:00
SMU_VENDOR_ENQUIRY	Survey	Q_H_07_SocialPlatformUsageMode	SectionH_Option, DropdownOption	Enum	Share images to enquire about the availability of products to vendors	Enquire about product availability from vendors	Dropdown Option		SMU_VENDOR_ENQUIRY							थोक विक्रेताओं से माल की उपलब्धता पूछने के लिए	व्यापारियां सूं माल पूछण सारू		Antigravity	09/26/2026 14:00:00
SMU_NEW_IDEAS	Survey	Q_H_07_SocialPlatformUsageMode	SectionH_Option, DropdownOption	Enum	Get new ideas and information about new products/services	Get new ideas and info on products/services	Dropdown Option		SMU_NEW_IDEAS							नए उत्पादों और डिजाइनों की जानकारी लेने के लिए	नया डिजाइन अर माल री जाणकारी सारू		Antigravity	09/26/2026 14:00:00
SMU_NONE	Survey	Q_H_07_SocialPlatformUsageMode	SectionH_Option, DropdownOption	Enum	Don’t use social media	Don't use social media	Dropdown Option		SMU_NONE							सोशल मीडिया का उपयोग नहीं करती	कोनी काम लेवां		Antigravity	09/26/2026 14:00:00
Q_H_08	Survey	Q_H_08_SocialMediaFrequency	QuestionPrompt, SectionH	Enum	Q8. How often do you use social media for your business?	SectionH - Q8. How often do you use social media for your business?	Question Label		Q_H_08	SMF_DAILY , SMF_2_3_WEEK , SMF_4_5_MONTH , SMF_OCCASIONAL , SMF_NONE	SMF_DAILY , SMF_2_3_WEEK , SMF_4_5_MONTH , SMF_OCCASIONAL , SMF_NONE					Q8. व्यवसाय के लिए आप कितनी बार सोशल मीडिया का उपयोग करती हैं?	Q8. धंधे सारू सोशल मीडिया कित्ती बार काम में लेवो हो?		Antigravity	09/26/2026 14:00:00
SMF_DAILY	Survey	Q_H_08_SocialMediaFrequency	SectionH_Option, DropdownOption	Enum	Daily	Daily	Dropdown Option		SMF_DAILY							रोजाना (Daily)	रोज		Antigravity	09/26/2026 14:00:00
SMF_2_3_WEEK	Survey	Q_H_08_SocialMediaFrequency	SectionH_Option, DropdownOption	Enum	Twice or thrice a week	Twice or thrice a week	Dropdown Option		SMF_2_3_WEEK							सप्ताह में दो-तीन बार	हफ्ते में दो-तीन बार		Antigravity	09/26/2026 14:00:00
SMF_4_5_MONTH	Survey	Q_H_08_SocialMediaFrequency	SectionH_Option, DropdownOption	Enum	Four-five times a month	Four-five times a month	Dropdown Option		SMF_4_5_MONTH							महीने में चार-पाँच बार	महिने में 4-5 बार		Antigravity	09/26/2026 14:00:00
SMF_OCCASIONAL	Survey	Q_H_08_SocialMediaFrequency	SectionH_Option, DropdownOption	Enum	Only on occasions	Only on occasions	Dropdown Option		SMF_OCCASIONAL							केवल विशेष अवसरों/त्योहारों पर	खाली तिंवार-मौके पै		Antigravity	09/26/2026 14:00:00
SMF_NONE	Survey	Q_H_08_SocialMediaFrequency	SectionH_Option, DropdownOption	Enum	Don’t use social media	Don't use social media	Dropdown Option		SMF_NONE							सोशल मीडिया का उपयोग नहीं करती	कोनी काम लेवां		Antigravity	09/26/2026 14:00:00
Q_I_01	Survey	Q_I_01_OSFInterventionYear	QuestionPrompt, SectionI	Number	Q1. In which year was the OSF intervention made?-------	SectionI - Q1. In which year was the OSF intervention made?-------	Question Label		Q_I_01							Q1. OSF योजना का सहयोग किस वर्ष मिला था?-------	Q1. OSF योजना रो फायदो किण साल मिल्यो हो?-------		Antigravity	09/26/2026 14:00:00
Q_I_02	Survey	Q_I_02_BusinessOperationalStatus	QuestionPrompt, SectionI	Enum	Q2. Is your business still operational?	SectionI - Q2. Is your business still operational?	Question Label		Q_I_02	BSTAT_REDUCED , BSTAT_INCREASED , BSTAT_SAME , BSTAT_CLOSED	BSTAT_REDUCED , BSTAT_INCREASED , BSTAT_SAME , BSTAT_CLOSED					Q2. क्या आपका व्यवसाय अभी भी चालू है?	Q2. कांई थारो काम-धंधो अबै भी चालू है?		Antigravity	09/26/2026 14:00:00
BSTAT_REDUCED	Survey	Q_I_02_BusinessOperationalStatus	SectionI_Option, DropdownOption	Enum	Yes but the sale has reduced	Yes, but sales reduced	Dropdown Option		BSTAT_REDUCED							हाँ, लेकिन बिक्री कम हो गई है	हाँ, पण बिक्री कम हो गी		Antigravity	09/26/2026 14:00:00
BSTAT_INCREASED	Survey	Q_I_02_BusinessOperationalStatus	SectionI_Option, DropdownOption	Enum	Yes but the scale has increased	Yes, scale increased	Dropdown Option		BSTAT_INCREASED							हाँ, और व्यवसाय का स्तर बढ़ा है	हाँ, अर काम बढ़्यो है		Antigravity	09/26/2026 14:00:00
BSTAT_SAME	Survey	Q_I_02_BusinessOperationalStatus	SectionI_Option, DropdownOption	Enum	Yes, but the scale has remained the same.	Yes, scale remained same	Dropdown Option		BSTAT_SAME							हाँ, लेकिन पहले जैसा ही चल रहा है	हाँ, पण पैली जिसो ई चालै		Antigravity	09/26/2026 14:00:00
BSTAT_CLOSED	Survey	Q_I_02_BusinessOperationalStatus	SectionI_Option, DropdownOption	Enum	No. If no, specify the year when it was closed……..	No, closed (Specify closure year)	Dropdown Option		BSTAT_CLOSED							नहीं, बंद हो चुका है (वर्ष बताएं)	नी, बंद हो गयो		Antigravity	09/26/2026 14:00:00
Q_I_03	Survey	Q_I_03_ReasonsScalingDown	QuestionPrompt, SectionI	EnumList	Q3. What are the reasons for scaling down the business/closing the business?	SectionI - Q3. What are the reasons for scaling down the business/closing the business?	Question Label		Q_I_03	SDR_NO_GUIDE , SDR_NO_LOAN , SDR_BANK_REFUSED , SDR_NO_NEW_CUSTOMERS , SDR_COMPETITORS_DISCOUNT , SDR_OTHER , SDR_DONT_KNOW	SDR_NO_GUIDE , SDR_NO_LOAN , SDR_BANK_REFUSED , SDR_NO_NEW_CUSTOMERS , SDR_COMPETITORS_DISCOUNT , SDR_OTHER , SDR_DONT_KNOW					Q3. व्यवसाय कम होने या बंद होने के क्या प्रमुख कारण रहे हैं?	Q3. धंधो कम होबा या बंद होबा रा कारण कांई हा?		Antigravity	09/26/2026 14:00:00
SDR_NO_GUIDE	Survey	Q_I_03_ReasonsScalingDown	SectionI_Option, DropdownOption	Enum	Sales reduced over the years as there was no one guiding us.	Sales reduced as no one guiding	Dropdown Option		SDR_NO_GUIDE							मार्गदर्शन न मिलने से धीरे-धीरे बिक्री कम हो गई	समझावणियो कोई नी हो ई वास्ते काम घट्यो		Antigravity	09/26/2026 14:00:00
SDR_NO_LOAN	Survey	Q_I_03_ReasonsScalingDown	SectionI_Option, DropdownOption	Enum	Needed more capital to source material but there was no source of loan	Needed more capital, no loan source	Dropdown Option		SDR_NO_LOAN							माल खरीदने के लिए और पूंजी चाहिए थी पर लोन नहीं मिला	पैशां री कमी ही अर लोन नी मिल्यो		Antigravity	09/26/2026 14:00:00
SDR_BANK_REFUSED	Survey	Q_I_03_ReasonsScalingDown	SectionI_Option, DropdownOption	Enum	Banks refused to give us loan	Banks refused loan	Dropdown Option		SDR_BANK_REFUSED							बैंकों ने ऋण देने से मना कर दिया	बैंक लोन देण सूं मना कर दियो		Antigravity	09/26/2026 14:00:00
SDR_NO_NEW_CUSTOMERS	Survey	Q_I_03_ReasonsScalingDown	SectionI_Option, DropdownOption	Enum	Unable to reach new customers.	Unable to reach new customers	Dropdown Option		SDR_NO_NEW_CUSTOMERS							नए ग्राहकों तक नहीं पहुँच पाए	नया गिराहक नी जुड़ पाया		Antigravity	09/26/2026 14:00:00
SDR_COMPETITORS_DISCOUNT	Survey	Q_I_03_ReasonsScalingDown	SectionI_Option, DropdownOption	Enum	New competitors in the market offering discounts	New competitors offering discounts	Dropdown Option		SDR_COMPETITORS_DISCOUNT							बाजार में नए प्रतिस्पर्धी छूट देकर माल बेचने लगे	नया दुकानदार डिस्काउंट दे’र माल बेचण लाग्या		Antigravity	09/26/2026 14:00:00
SDR_OTHER	Survey	Q_I_03_ReasonsScalingDown	SectionI_Option, DropdownOption	Enum	Any other, specify……..	Any other reason	Dropdown Option		SDR_OTHER							अन्य कोई कारण (विवरण दें)	दूजो कोई कारण		Antigravity	09/26/2026 14:00:00
SDR_DONT_KNOW	Survey	Q_I_03_ReasonsScalingDown	SectionI_Option, DropdownOption	Enum	Don’t know	Don't know	Dropdown Option		SDR_DONT_KNOW							पता नहीं	ठा नी		Antigravity	09/26/2026 14:00:00
Q_I_04	Survey	Q_I_04_SupportNeeded	QuestionPrompt, SectionI	EnumList	Q4. What kind of support could have helped you to manage your business?	SectionI - Q4. What kind of support could have helped you to manage your business?	Question Label		Q_I_04	SUP_OSF_LOAN , SUP_CRP_GUIDE , SUP_OTHER	SUP_OSF_LOAN , SUP_CRP_GUIDE , SUP_OTHER					Q4. किस प्रकार के सहयोग से आप अपने व्यवसाय को बेहतर तरीके से चला सकती थीं?	Q4. किण मदद सूं थारो धंधो सही चाल सकतो हो?		Antigravity	09/26/2026 14:00:00
SUP_OSF_LOAN	Survey	Q_I_04_SupportNeeded	SectionI_Option, DropdownOption	Enum	Continued access to OSF loan	Continued access to OSF loan	Dropdown Option		SUP_OSF_LOAN							OSF ऋण की निरंतर सुविधा मिलती रहती	योजना रो लोन लगातार मिलतो रहतो		Antigravity	09/26/2026 14:00:00
SUP_CRP_GUIDE	Survey	Q_I_04_SupportNeeded	SectionI_Option, DropdownOption	Enum	Continued support by OSF CRPs	Continued support by OSF CRPs	Dropdown Option		SUP_CRP_GUIDE							CRP (उद्यम मित्र) का निरंतर मार्गदर्शन मिलता रहता	सीआरपी दीदी रो साथ लगातार रहतो		Antigravity	09/26/2026 14:00:00
SUP_OTHER	Survey	Q_I_04_SupportNeeded	SectionI_Option, DropdownOption	Enum	Any other, specify	Any other support	Dropdown Option		SUP_OTHER							अन्य कोई सहयोग (विवरण दें)	दूजी कोई मदद		Antigravity	09/26/2026 14:00:00
