ID	Table	Column	Tags	ValueControl	Title	Description	UsedFor	Decimal	EnumValue	EnumList	VariableList	DateValue	Photo	URL	File	Title_hi	Title_raj	ActionIcon	LastEditBy	LastEditOn
CompanyName	General			Text	OmmNoMi Automation LLP	Company Name	Branding		OmmNoMi Automation LLP							OmmNoMi Automation LLP	OmmNoMi Automation LLP		Antigravity	09/26/2026 11:30:00
AppName	General			Text	SHG Women Entrepreneurs Survey	App Name	Branding		SHG Women Entrepreneurs Survey							एसएचजी महिला उद्यमी सर्वेक्षण	एसएचजी महिला उद्यमी सर्वेक्षण		Antigravity	09/26/2026 11:30:00
ROLE_INVESTIGATOR	AppUser	Role	UserRole	Enum	Field Investigator	Field Investigator	Role Definition		Field Investigator							फील्ड अन्वेषक	फील्ड अन्वेषक		Antigravity	09/26/2026 11:30:00
ROLE_SUPERVISOR	AppUser	Role	UserRole	Enum	Field Supervisor	Field Supervisor	Role Definition		Field Supervisor							फील्ड सुपरवाइजर	फील्ड सुपरवाइजर		Antigravity	09/26/2026 11:30:00
ROLE_ADMIN	AppUser	Role	UserRole	Enum	Admin	Admin	Role Definition		Admin							व्यवस्थापक (Admin)	व्यवस्थापक (Admin)		Antigravity	09/26/2026 11:30:00
LANG_EN	AppUser	PreferredLanguage	SystemLanguage	Enum	English	English	Language Option		en							English	English		Antigravity	09/26/2026 11:30:00
LANG_HI	AppUser	PreferredLanguage	SystemLanguage	Enum	Hindi	Hindi	Language Option		hi							हिन्दी	हिन्दी		Antigravity	09/26/2026 11:30:00
LANG_RAJ	AppUser	PreferredLanguage	SystemLanguage	Enum	Rajasthani	Rajasthani	Language Option		raj							राजस्थानी	राजस्थानी		Antigravity	09/26/2026 11:30:00
STAT_DRAFT	Survey	Status	SurveyStatus	Enum	Draft	Draft Status	Workflow Status		Draft							प्रारूप (Draft)	कच्चो (Draft)		Antigravity	09/26/2026 11:30:00
STAT_SUBMITTED	Survey	Status	SurveyStatus	Enum	Submitted	Submitted Status	Workflow Status		Submitted							जमा किया गया (Submitted)	जमा कियो (Submitted)		Antigravity	09/26/2026 11:30:00
STAT_VERIFIED	Survey	Status	SurveyStatus	Enum	Verified	Verified Status	Workflow Status		Verified							सत्यापित (Verified)	जाँच्योड़ो (Verified)		Antigravity	09/26/2026 11:30:00
Q_B_05_CUSTOM	Survey	SubTable_FamilyCount	QuestionPrompt, SectionB, CustomSubTable	SubTable	Q6. Give details of the family members? (count)	Give details of the family members? (count)	Question_Group	29	Q6. Give details of the family members? (count)							Q6. परिवार के सदस्यों का विवरण दें? (गिनती)	Q6. परिवार रा सदस्यां रो ब्यौरो दो? (गिनती)		Antigravity	09/26/2026 11:30:00
PCT_0	Survey	MaterialSourcingPct	PctOption, SubOption	Enum	0%	0%	Percentage Option		0%							0%	0%		Antigravity	09/26/2026 11:30:00
PCT_25	Survey	MaterialSourcingPct	PctOption, SubOption	Enum	25%	25%	Percentage Option		25%							25%	25%		Antigravity	09/26/2026 11:30:00
PCT_50	Survey	MaterialSourcingPct	PctOption, SubOption	Enum	50%	50%	Percentage Option		50%							50%	50%		Antigravity	09/26/2026 11:30:00
PCT_75	Survey	MaterialSourcingPct	PctOption, SubOption	Enum	75%	75%	Percentage Option		75%							75%	75%		Antigravity	09/26/2026 11:30:00
PCT_100	Survey	MaterialSourcingPct	PctOption, SubOption	Enum	100%	100%	Percentage Option		100%							100%	100%		Antigravity	09/26/2026 11:30:00
PCT15_0	Survey	SalesChannelsPct	PctOption, SubOption	Enum	0%	0%	Percentage Option		0%							0%	0%		Antigravity	09/26/2026 11:30:00
PCT15_15	Survey	SalesChannelsPct	PctOption, SubOption	Enum	upto 15%	Upto 15%	Percentage Option		upto 15%							15% तक	15% तांई		Antigravity	09/26/2026 11:30:00
PCT15_30	Survey	SalesChannelsPct	PctOption, SubOption	Enum	upto 30%	Upto 30%	Percentage Option		upto 30%							30% तक	30% तांई		Antigravity	09/26/2026 11:30:00
PCT15_45	Survey	SalesChannelsPct	PctOption, SubOption	Enum	upto 45%	Upto 45%	Percentage Option		upto 45%							45% तक	45% तांई		Antigravity	09/26/2026 11:30:00
PCT15_60	Survey	SalesChannelsPct	PctOption, SubOption	Enum	upto 60%	Upto 60%	Percentage Option		upto 60%							60% तक	60% तांई		Antigravity	09/26/2026 11:30:00
PCT15_75	Survey	SalesChannelsPct	PctOption, SubOption	Enum	upto 75%	Upto 75%	Percentage Option		upto 75%							75% तक	75% तांई		Antigravity	09/26/2026 11:30:00
PCT15_90	Survey	SalesChannelsPct	PctOption, SubOption	Enum	upto 90%	Upto 90%	Percentage Option		upto 90%							90% तक	90% तांई		Antigravity	09/26/2026 11:30:00
PCT15_100	Survey	SalesChannelsPct	PctOption, SubOption	Enum	100%	100%	Percentage Option		100%							100%	100%		Antigravity	09/26/2026 11:30:00
DIST_BARAN	Survey	District	SectionA_Option, SubOption	Enum	Baran	Baran	District Option		Baran							बारां	बारां		Antigravity	09/26/2026 11:30:00
DIST_CHURU	Survey	District	SectionA_Option, SubOption	Enum	Churu	Churu	District Option		Churu							चूरू	चूरू		Antigravity	09/26/2026 11:30:00
DIST_DAUSA	Survey	District	SectionA_Option, SubOption	Enum	Dausa	Dausa	District Option		Dausa							दौसा	दौसा		Antigravity	09/26/2026 11:30:00
DIST_DUNGARPUR	Survey	District	SectionA_Option, SubOption	Enum	Dungarpur	Dungarpur	District Option		Dungarpur							डूंगरपुर	डूंगरपुर		Antigravity	09/26/2026 11:30:00
DIST_JODHPUR	Survey	District	SectionA_Option, SubOption	Enum	Jodhpur	Jodhpur	District Option		Jodhpur							जोधपुर	जोधपुर		Antigravity	09/26/2026 11:30:00
Q_A_01	Survey	District	QuestionPrompt, SectionA	Enum	Q1. District	Q1. District	Survey Question		Q1. District		DIST_BARAN , DIST_CHURU , DIST_DAUSA , DIST_DUNGARPUR , DIST_JODHPUR					Q1. जिला	Q1. जिलो		Antigravity	09/26/2026 11:30:00
BLK_CHHIPABAROD	Survey	Block	SectionA_Option, SubOption	Enum	Chhipabarod	Chhipabarod	Block Option		Chhipabarod							छीपाबड़ौद	छीपाबड़ौद		Antigravity	09/26/2026 11:30:00
BLK_BARAN	Survey	Block	SectionA_Option, SubOption	Enum	Baran	Baran	Block Option		Baran							बारां	बारां		Antigravity	09/26/2026 11:30:00
BLK_RATANGARH	Survey	Block	SectionA_Option, SubOption	Enum	Ratangarh	Ratangarh	Block Option		Ratangarh							रतनगढ़	रतनगढ़		Antigravity	09/26/2026 11:30:00
BLK_SUJANGARH	Survey	Block	SectionA_Option, SubOption	Enum	Sujangarh	Sujangarh	Block Option		Sujangarh							सुजानगढ़	सुजानगढ़		Antigravity	09/26/2026 11:30:00
BLK_SIKANDRA	Survey	Block	SectionA_Option, SubOption	Enum	Sikandra	Sikandra	Block Option		Sikandra							सिकंदरा	सिकंदरा		Antigravity	09/26/2026 11:30:00
BLK_SAGWARA	Survey	Block	SectionA_Option, SubOption	Enum	Sagwara	Sagwara	Block Option		Sagwara							सागवाड़ा	सागवाड़ा		Antigravity	09/26/2026 11:30:00
BLK_GALIAKOT	Survey	Block	SectionA_Option, SubOption	Enum	Galiakot	Galiakot	Block Option		Galiakot							गलियाकोट	गलियाकोट		Antigravity	09/26/2026 11:30:00
BLK_MANDOR	Survey	Block	SectionA_Option, SubOption	Enum	Mandor	Mandor	Block Option		Mandor							मंडोर	मंडोर		Antigravity	09/26/2026 11:30:00
BLK_LUNI	Survey	Block	SectionA_Option, SubOption	Enum	Luni	Luni	Block Option		Luni							लूणी	लूणी		Antigravity	09/26/2026 11:30:00
BLK_SHERGADH	Survey	Block	SectionA_Option, SubOption	Enum	Shergadh	Shergadh	Block Option		Shergadh							शेरगढ़	शेरगढ़		Antigravity	09/26/2026 11:30:00
Q_A_02	Survey	Block	QuestionPrompt, SectionA	Enum	Q2. Block	Q2. Block	Survey Question		Q2. Block		BLK_CHHIPABAROD , BLK_BARAN , BLK_RATANGARH , BLK_SUJANGARH , BLK_SIKANDRA , BLK_SAGWARA , BLK_GALIAKOT , BLK_MANDOR , BLK_LUNI , BLK_SHERGADH					Q2. ब्लॉक / खंड	Q2. ब्लॉक		Antigravity	09/26/2026 11:30:00
Q_A_03	Survey	VillageGP	QuestionPrompt, SectionA	Text	Q3. Village/GP	Q3. Village/GP	Survey Question		Q3. Village/GP							Q3. गांव / ग्राम पंचायत	Q3. गाँव / ग्राम पंचायत		Antigravity	09/26/2026 11:30:00
Q_A_04	Survey	RespondentName	QuestionPrompt, SectionA	Text	Q4. Respondent Name	Q4. Respondent Name	Survey Question		Q4. Respondent Name							Q4. उत्तरदाता का नाम	Q4. उत्तरदाता रो नाम		Antigravity	09/26/2026 11:30:00
Q_A_05	Survey	RespondentPhone	QuestionPrompt, SectionA	Phone	Q5. Respondent’s phone number	Q5. Respondent’s phone number	Survey Question		Q5. Respondent’s phone number							Q5. संपर्क नंबर (मोबाइल)	Q5. मोबाइल नंबर		Antigravity	09/26/2026 11:30:00
Q_A_06	Survey	SHGName	QuestionPrompt, SectionA	Text	Q6. SHG Name	Q6. SHG Name	Survey Question		Q6. SHG Name							Q6. स्वयं सहायता समूह (SHG) का नाम	Q6. समूह (SHG) रो नाम		Antigravity	09/26/2026 11:30:00
Q_A_07	Survey	VOName	QuestionPrompt, SectionA	Text	Q7. VO Name	Q7. VO Name	Survey Question		Q7. VO Name							Q7. ग्राम संगठन (VO) का नाम	Q7. ग्राम संगठन (VO) रो नाम		Antigravity	09/26/2026 11:30:00
Q_A_08	Survey	CLFName	QuestionPrompt, SectionA	Text	Q8. CLF Name	Q8. CLF Name	Survey Question		Q8. CLF Name							Q8. क्लस्टर लेवल फेडरेशन (CLF) का नाम	Q8. सीएलएफ (CLF) रो नाम		Antigravity	09/26/2026 11:30:00
Q_A_09	Survey	SHGMembershipYears	QuestionPrompt, SectionA	Number	Q9. Years of SHG membership	Q9. Years of SHG membership	Survey Question		Q9. Years of SHG membership							Q9. स्वयं सहायता समूह से कितने वर्षों से जुड़ी हैं?	Q9. समूह में कित्ता साल सूं जुड़ेड़ा हो?		Antigravity	09/26/2026 11:30:00
OPT_YES	Survey	LeadershipRole	SectionA_Option, SubOption	Enum	Yes	Yes	LeadershipRole Option		Yes							हाँ	हाँ		Antigravity	09/26/2026 11:30:00
OPT_NO	Survey	LeadershipRole	SectionA_Option, SubOption	Enum	No	No	LeadershipRole Option		No							नहीं	नी		Antigravity	09/26/2026 11:30:00
Q_A_10	Survey	LeadershipRole	QuestionPrompt, SectionA	Enum	Q10. Have you been in a leadership role in SHG/CLF/VO?	Q10. Have you been in a leadership role in SHG/CLF/VO?	Survey Question		Q10. Have you been in a leadership role in SHG/CLF/VO?		OPT_YES , OPT_NO					Q10. क्या आप SHG/VO/CLF में किसी नेतृत्व पद (अध्यक्ष/सचिव/कोषाध्यक्ष) पर हैं?	Q10. कांई थे समूह/VO/CLF में पदाधिकारी/लीडर हो?		Antigravity	09/26/2026 11:30:00
Q_A_11	Survey	LeadershipYears	QuestionPrompt, SectionA	Number	Q11. Years of experience in leadership roles?	Q11. Years of experience in leadership roles?	Survey Question		Q11. Years of experience in leadership roles?							Q11. नेतृत्व पद पर कितने वर्षों का अनुभव है?	Q11. पद पै कित्ता साल रो अनुभव है?		Antigravity	09/26/2026 11:30:00
OPT_YES	Survey	RelatedToCRP	SectionA_Option, SubOption	Enum	Yes	Yes	RelatedToCRP Option		Yes							हाँ	हाँ		Antigravity	09/26/2026 11:30:00
OPT_NO	Survey	RelatedToCRP	SectionA_Option, SubOption	Enum	No	No	RelatedToCRP Option		No							नहीं	नी		Antigravity	09/26/2026 11:30:00
Q_A_12	Survey	RelatedToCRP	QuestionPrompt, SectionA	Enum	Q12. Are you related to any of the SVEP/OSF CRP?	Q12. Are you related to any of the SVEP/OSF CRP?	Survey Question		Q12. Are you related to any of the SVEP/OSF CRP?		OPT_YES , OPT_NO					Q12. क्या आप SVEP/OSF के किसी CRP (उद्यम मित्र) की रिश्तेदार हैं?	Q12. कांई थे कोई CRP रा रिश्तेदार हो?		Antigravity	09/26/2026 11:30:00
INT_SVEP	Survey	EPInterventionType	SectionA_Option, SubOption	Enum	SVEP (Startup Village Entrepreneurship Program)	SVEP (Startup Village Entrepreneurship Program)	EPInterventionType Option		SVEP							एसवीईपी (स्टार्टअप विलेज एंटरप्रेन्योरशिप प्रोग्राम)	एसवीईपी		Antigravity	09/26/2026 11:30:00
INT_OSF	Survey	EPInterventionType	SectionA_Option, SubOption	Enum	OSF (One Stop Facility)	OSF (One Stop Facility)	EPInterventionType Option		OSF							ओएसएफ (वन स्टॉप फैसिलिटी)	ओएसएफ		Antigravity	09/26/2026 11:30:00
INT_OSF_PHASED	Survey	EPInterventionType	SectionA_Option, SubOption	Enum	OSF Phased Out	OSF Phased Out	EPInterventionType Option		OSF phased out							ओएसएफ फेज आउट	ओएसएफ फेज आउट		Antigravity	09/26/2026 11:30:00
INT_DONT_KNOW	Survey	EPInterventionType	SectionA_Option, SubOption	Enum	Don't Know	Don't Know	EPInterventionType Option		Don't know							पता नहीं	ठा नी		Antigravity	09/26/2026 11:30:00
Q_A_13	Survey	EPInterventionType	QuestionPrompt, SectionA	Enum	Q13. Type of Enterprise Promotion (EP) intervention	Q13. Type of Enterprise Promotion (EP) intervention	Survey Question		Q13. Type of Enterprise Promotion (EP) intervention		INT_SVEP , INT_OSF , INT_OSF_PHASED , INT_DONT_KNOW					Q13. उद्यम संवर्धन योजना का प्रकार	Q13. उद्यम योजना रो प्रकार		Antigravity	09/26/2026 11:30:00
Q_A_14	Survey	EnterpriseName	QuestionPrompt, SectionA	Text	Q14. Enterprise Name	Q14. Enterprise Name	Survey Question		Q14. Enterprise Name							Q14. उद्यम का नाम	Q14. उद्यम/दुकान रो नाम		Antigravity	09/26/2026 11:30:00
Q_A_15	Survey	EnterpriseSetupYear	QuestionPrompt, SectionA	Number	Q15. Years of setting up enterprise	Q15. Years of setting up enterprise	Survey Question		Q15. Years of setting up enterprise							Q15. उद्यम की स्थापना का वर्ष	Q15. काम-धंधो सरू करण रो साल		Antigravity	09/26/2026 11:30:00
BTY_TRADING	Survey	BusinessType	SectionA_Option, SubOption	Enum	Trading	Trading	BusinessType Option		Trading							ट्रेडिंग / व्यापार	व्यापार		Antigravity	09/26/2026 11:30:00
BTY_SERVICING	Survey	BusinessType	SectionA_Option, SubOption	Enum	Servicing	Servicing	BusinessType Option		Servicing							सर्विसिंग / सेवा	सेवा		Antigravity	09/26/2026 11:30:00
BTY_MANUFACTURING	Survey	BusinessType	SectionA_Option, SubOption	Enum	Manufacturing / Production	Manufacturing / Production	BusinessType Option		Manufacturing/ production							मैन्युफैक्चरिंग / उत्पादन	उत्पादन		Antigravity	09/26/2026 11:30:00
Q_A_16	Survey	BusinessType	QuestionPrompt, SectionA	EnumList	Q16. Type of business enterprise (Multiselect)	Q16. Type of business enterprise (Multiselect)	Survey Question		Q16. Type of business enterprise (Multiselect)		BTY_TRADING , BTY_SERVICING , BTY_MANUFACTURING					Q16. व्यवसाय / उद्यम का प्रकार (बहु-चयन)	Q16. धंधे रो प्रकार		Antigravity	09/26/2026 11:30:00
ACT_VEG_FRUIT	Survey	BusinessActivities	SectionA_Option, SubOption	Enum	[T] Vegetable / Fruit	[T] Vegetable / Fruit	BusinessActivities Option		Vegetable/Fruit							[T] सब्जी / फल	[T] सब्जी / फल		Antigravity	09/26/2026 11:30:00
ACT_GROCERY	Survey	BusinessActivities	SectionA_Option, SubOption	Enum	[T] Grocery	[T] Grocery	BusinessActivities Option		Grocery							[T] किराना	[T] किराणा		Antigravity	09/26/2026 11:30:00
ACT_FANCY_STORE	Survey	BusinessActivities	SectionA_Option, SubOption	Enum	[T] Fancy / Cosmetic / General store	[T] Fancy / Cosmetic / General store	BusinessActivities Option		Fancy/Cosmetic/General store							[T] फैंसी / कॉस्मेटिक / जनरल स्टोर	[T] प्रसाधन / जनरल स्टोर		Antigravity	09/26/2026 11:30:00
ACT_APPAREL	Survey	BusinessActivities	SectionA_Option, SubOption	Enum	[T] Apparel / fabric	[T] Apparel / fabric	BusinessActivities Option		Apparel/fabric							[T] कपड़ा / रेडीमेड वस्त्र	[T] कपड़ा / वेशभूषा		Antigravity	09/26/2026 11:30:00
ACT_ELECTRIC_GOODS	Survey	BusinessActivities	SectionA_Option, SubOption	Enum	[T] Electric goods	[T] Electric goods	BusinessActivities Option		Electric goods							[T] इलेक्ट्रिक सामान	[T] बिजली रो सामान		Antigravity	09/26/2026 11:30:00
ACT_STONE_SHOP	Survey	BusinessActivities	SectionA_Option, SubOption	Enum	[T] Stone shop	[T] Stone shop	BusinessActivities Option		Stone shop							[T] पत्थर की दुकान	[T] भाटां/पत्थर री दुकान		Antigravity	09/26/2026 11:30:00
ACT_AGRI_INPUT	Survey	BusinessActivities	SectionA_Option, SubOption	Enum	[T] Agri-input retail	[T] Agri-input retail	BusinessActivities Option		Agri-input retail							[T] कृषि आदान खुदरा (खाद/बीज/दवाई)	[T] खाद-बीज री दुकान		Antigravity	09/26/2026 11:30:00
ACT_AI_BREEDING	Survey	BusinessActivities	SectionA_Option, SubOption	Enum	[T] AI / breeding kits	[T] AI / breeding kits	BusinessActivities Option		AI/breeding kits							[T] कृत्रिम गर्भाधान (AI) / ब्रीडिंग किट	[T] पशु गर्भाधान / ब्रीडिंग किट		Antigravity	09/26/2026 11:30:00
ACT_GOAT_TRADING	Survey	BusinessActivities	SectionA_Option, SubOption	Enum	[T] Goat trading	[T] Goat trading	BusinessActivities Option		Goat trading							[T] बकरी व्यापार / पशु क्रय-विक्रय	[T] बकरी लेन-देन / बकरा व्यापार		Antigravity	09/26/2026 11:30:00
ACT_FLOUR_MILL	Survey	BusinessActivities	SectionA_Option, SubOption	Enum	[S] Flour mill (Chakki)	[S] Flour mill (Chakki)	BusinessActivities Option		Flour mill							[S] आटा चक्की	[S] आटा चक्की		Antigravity	09/26/2026 11:30:00
ACT_TAILORING	Survey	BusinessActivities	SectionA_Option, SubOption	Enum	[S] Tailoring	[S] Tailoring	BusinessActivities Option		Tailoring							[S] सिलाई / टेलरिंग	[S] सिलाई / दर्जी काम		Antigravity	09/26/2026 11:30:00
ACT_BEAUTY_PARLOUR	Survey	BusinessActivities	SectionA_Option, SubOption	Enum	[S] Beauty parlour	[S] Beauty parlour	BusinessActivities Option		Beauty parlour							[S] ब्यूटी पार्लर	[S] ब्यूटी पार्लर		Antigravity	09/26/2026 11:30:00
ACT_AUTO_REPAIR	Survey	BusinessActivities	SectionA_Option, SubOption	Enum	[S] Auto-mechanic / two-wheeler repair	[S] Auto-mechanic / two-wheeler repair	BusinessActivities Option		Auto-mechanic/ two-wheeler repair							[S] ऑटो मैकेनिक / दोपहिया मरम्मत	[S] गाड़ी/मोटरसाइकिल मिस्त्री		Antigravity	09/26/2026 11:30:00
ACT_EMITRA	Survey	BusinessActivities	SectionA_Option, SubOption	Enum	[S] E-mitra / Online kiosk	[S] E-mitra / Online kiosk	BusinessActivities Option		E-mitra							[S] ई-मित्र / ऑनलाइन केंद्र	[S] ई-मित्र केंद्र		Antigravity	09/26/2026 11:30:00
ACT_TRANSPORT	Survey	BusinessActivities	SectionA_Option, SubOption	Enum	[S] Transport	[S] Transport	BusinessActivities Option		Transport							[S] परिवहन / वाहन	[S] गाड़ी भाड़ा / परिवहन		Antigravity	09/26/2026 11:30:00
ACT_TENT_HOUSE	Survey	BusinessActivities	SectionA_Option, SubOption	Enum	[S] Tent house	[S] Tent house	BusinessActivities Option		Tent house							[S] टेंट हाउस	[S] टेंट हाउस		Antigravity	09/26/2026 11:30:00
ACT_MOBILE_REPAIR	Survey	BusinessActivities	SectionA_Option, SubOption	Enum	[S] Mobile repair shop	[S] Mobile repair shop	BusinessActivities Option		Mobile repair shop							[S] मोबाइल रिपेयर दुकान	[S] मोबाइल ठीक करण री दुकान		Antigravity	09/26/2026 11:30:00
ACT_STONE_CUTTING	Survey	BusinessActivities	SectionA_Option, SubOption	Enum	[S] Stone cutting	[S] Stone cutting	BusinessActivities Option		Stone cutting							[S] पत्थर कटाई	[S] पत्थर कटाई		Antigravity	09/26/2026 11:30:00
ACT_SANITARY_NAPKIN	Survey	BusinessActivities	SectionA_Option, SubOption	Enum	[P] Sanitary napkin making	[P] Sanitary napkin making	BusinessActivities Option		Sanitary napkin making							[P] सैनिटरी नैपकिन निर्माण	[P] सैनिटरी पैड बणावण		Antigravity	09/26/2026 11:30:00
ACT_HANDICRAFT	Survey	BusinessActivities	SectionA_Option, SubOption	Enum	[P] Handicraft	[P] Handicraft	BusinessActivities Option		Handicraft							[P] हस्तशिल्प / कसीदाकारी	[P] हाथ रो काम / कसीदाकारी		Antigravity	09/26/2026 11:30:00
ACT_DAIRY_MILK	Survey	BusinessActivities	SectionA_Option, SubOption	Enum	[P] Dairy shop / Milk collection centre	[P] Dairy shop / Milk collection centre	BusinessActivities Option		Dairy shop/Milk collection centre							[P] डेयरी दुकान / दुग्ध संकलन केंद्र	[P] दूध डेरी / संकलन केंद्र		Antigravity	09/26/2026 11:30:00
ACT_JUICE	Survey	BusinessActivities	SectionA_Option, SubOption	Enum	[P] Juice	[P] Juice	BusinessActivities Option		Juice							[P] जूस की दुकान	[P] जूस री दुकान		Antigravity	09/26/2026 11:30:00
ACT_FOOD_PROCESSING	Survey	BusinessActivities	SectionA_Option, SubOption	Enum	Food processing (pickle/badi/papad making)	[P] Food processing (pickle/badi/papad)	BusinessActivities Option		Food processing (pickle/badi/papad making)							[P] खाद्य प्रसंस्करण (अचार/बड़ी/पापड़ निर्माण)	[P] अचार, पापड़, बड़ी बणावण		Antigravity	09/26/2026 11:30:00
ACT_FOOD_MAKING	Survey	BusinessActivities	SectionA_Option, SubOption	Enum	[P] Food making (Sweets/Namkeen/hotel)	[P] Food making (Sweets/Namkeen/hotel)	BusinessActivities Option		Food making (Sweets/Namkeen/hotel)							[P] मिठाई / नमकीन / ढाबा / होटल	[P] मिठाई / नमकीन / होटल		Antigravity	09/26/2026 11:30:00
ACT_SWEET_BOX	Survey	BusinessActivities	SectionA_Option, SubOption	Enum	[P] Sweet box making	[P] Sweet box making	BusinessActivities Option		Sweet box making							[P] मिठाई के डिब्बे बनाना	[P] मिठाई रा डिब्बा बणावण		Antigravity	09/26/2026 11:30:00
ACT_FLAG_MAKING	Survey	BusinessActivities	SectionA_Option, SubOption	Enum	[P] Flag making	[P] Flag making	BusinessActivities Option		Flag making							[P] झंडा निर्माण	[P] झंडा बणावण		Antigravity	09/26/2026 11:30:00
ACT_LEATHER_PRODUCTS	Survey	BusinessActivities	SectionA_Option, SubOption	Enum	[P] Leather products	[P] Leather products	BusinessActivities Option		Leather products							[P] चमड़े के उत्पाद / जूते	[P] चामड़ा रो काम / जूता		Antigravity	09/26/2026 11:30:00
ACT_STONE_IDOLS	Survey	BusinessActivities	SectionA_Option, SubOption	Enum	[P] Stone idols	[P] Stone idols	BusinessActivities Option		Stone idols							[P] पत्थर की मूर्तियां	[P] पत्थर री मूर्तियां बणावण		Antigravity	09/26/2026 11:30:00
ACT_ANY_OTHER	Survey	BusinessActivities	SectionA_Option, SubOption	Enum	Any other activity	Any other activity	BusinessActivities Option		Any other							अन्य कोई गतिविधि	दूजो कोई काम		Antigravity	09/26/2026 11:30:00
Q_A_17	Survey	BusinessActivities	QuestionPrompt, SectionA	EnumList	Q17. Main business activities of the enterprise (Multiselect)	Q17. Main business activities of the enterprise (Multiselect)	Survey Question		Q17. Main business activities of the enterprise (Multiselect)		ACT_VEG_FRUIT , ACT_GROCERY , ACT_FANCY_STORE , ACT_APPAREL , ACT_ELECTRIC_GOODS , ACT_STONE_SHOP , ACT_AGRI_INPUT , ACT_AI_BREEDING , ACT_GOAT_TRADING , ACT_FLOUR_MILL , ACT_TAILORING , ACT_BEAUTY_PARLOUR , ACT_AUTO_REPAIR , ACT_EMITRA , ACT_TRANSPORT , ACT_TENT_HOUSE , ACT_MOBILE_REPAIR , ACT_STONE_CUTTING , ACT_SANITARY_NAPKIN , ACT_HANDICRAFT , ACT_DAIRY_MILK , ACT_JUICE , ACT_FOOD_PROCESSING , ACT_FOOD_MAKING , ACT_SWEET_BOX , ACT_FLAG_MAKING , ACT_LEATHER_PRODUCTS , ACT_STONE_IDOLS , ACT_ANY_OTHER					Q17. उद्यम की मुख्य व्यावसायिक गतिविधियां (बहु-चयन)	Q17. उद्यम री मुख्य गतिविधियां		Antigravity	09/26/2026 11:30:00
Q_A_18	Survey	LoanReceivedYear	QuestionPrompt, SectionA	Number	Q18. Years of receiving SVEP/OSF loan?	Q18. Years of receiving SVEP/OSF loan?	Survey Question		Q18. Years of receiving SVEP/OSF loan?							Q18. SVEP/OSF ऋण किस वर्ष में प्राप्त हुआ?	Q18. लोन किण साल में मिल्यो?		Antigravity	09/26/2026 11:30:00
OPT_YES	Survey	MaintainSeparateRecords	SectionA_Option, SubOption	Enum	Yes	Yes	MaintainSeparateRecords Option		Yes							हाँ	हाँ		Antigravity	09/26/2026 11:30:00
OPT_NO	Survey	MaintainSeparateRecords	SectionA_Option, SubOption	Enum	No	No	MaintainSeparateRecords Option		No							नहीं	नी		Antigravity	09/26/2026 11:30:00
Q_A_19	Survey	MaintainSeparateRecords	QuestionPrompt, SectionA	Enum	Q19. Do you maintain separate records for all the businesses	Q19. Do you maintain separate records for all the businesses	Survey Question		Q19. Do you maintain separate records for all the businesses		OPT_YES , OPT_NO					Q19. क्या आप सभी व्यवसायों के अलग-अलग खाते/रिकॉर्ड रखती हैं?	Q19. कांई थे सगळा कामां रो अलग हिसाब राखो हो?		Antigravity	09/26/2026 11:30:00
DOC_PAN	Survey	RegistrationsDocuments	SectionA_Option, SubOption	Enum	PAN Card	PAN Card	RegistrationsDocuments Option		PAN card							पैन कार्ड	पैन कार्ड		Antigravity	09/26/2026 11:30:00
DOC_AADHAR	Survey	RegistrationsDocuments	SectionA_Option, SubOption	Enum	Aadhar Card	Aadhar Card	RegistrationsDocuments Option		Aadhar card							आधार कार्ड	आधार कार्ड		Antigravity	09/26/2026 11:30:00
DOC_UDYAM	Survey	RegistrationsDocuments	SectionA_Option, SubOption	Enum	Udyam Aadhar / MSME	Udyam Aadhar / MSME	RegistrationsDocuments Option		Udyam Aadhar							उद्यम आधार (MSME)	उद्यम आधार		Antigravity	09/26/2026 11:30:00
DOC_SHOP_EST	Survey	RegistrationsDocuments	SectionA_Option, SubOption	Enum	Shop & Establishment Act Registration	Shop & Establishment Act Registration	RegistrationsDocuments Option		Shop and Establishment registration							दुकान एवं स्थापना पंजीकरण (गुमाश्ता)	दुकान पंजीकरण		Antigravity	09/26/2026 11:30:00
DOC_FSSAI	Survey	RegistrationsDocuments	SectionA_Option, SubOption	Enum	FSSAI (Food License)	FSSAI (Food License)	RegistrationsDocuments Option		FSSAI							एफएसएसएआई (खाद्य लाइसेंस)	खाद्य लाइसेंस		Antigravity	09/26/2026 11:30:00
DOC_CASTE	Survey	RegistrationsDocuments	SectionA_Option, SubOption	Enum	Caste Certificate	Caste Certificate	RegistrationsDocuments Option		Caste certificate							जाति प्रमाण पत्र	जाति प्रमाण पत्र		Antigravity	09/26/2026 11:30:00
DOC_INCOME	Survey	RegistrationsDocuments	SectionA_Option, SubOption	Enum	Income Certificate	Income Certificate	RegistrationsDocuments Option		Income certificate							आय प्रमाण पत्र	आय प्रमाण पत्र		Antigravity	09/26/2026 11:30:00
Q_A_20	Survey	RegistrationsDocuments	QuestionPrompt, SectionA	EnumList	Q20. Do you have the following registrations/documents?	Q20. Do you have the following registrations/documents?	Survey Question		Q20. Do you have the following registrations/documents?		DOC_PAN , DOC_AADHAR , DOC_UDYAM , DOC_SHOP_EST , DOC_FSSAI , DOC_CASTE , DOC_INCOME					Q20. क्या आपके पास निम्नलिखित पंजीकरण / दस्तावेज हैं?	Q20. कांई थारे कनै ये कागज/दस्तावेज है?		Antigravity	09/26/2026 11:30:00
AGE_18_25	Survey	RespondentAge	SectionB_Option, SubOption	Enum	18-25 years	18-25 years	RespondentAge Option		18-25							18-25 वर्ष	18-25 साल		Antigravity	09/26/2026 11:30:00
AGE_26_35	Survey	RespondentAge	SectionB_Option, SubOption	Enum	26-35 years	26-35 years	RespondentAge Option		26-35							26-35 वर्ष	26-35 साल		Antigravity	09/26/2026 11:30:00
AGE_36_45	Survey	RespondentAge	SectionB_Option, SubOption	Enum	36-45 years	36-45 years	RespondentAge Option		36-45							36-45 वर्ष	36-45 साल		Antigravity	09/26/2026 11:30:00
AGE_46_55	Survey	RespondentAge	SectionB_Option, SubOption	Enum	46-55 years	46-55 years	RespondentAge Option		46-55							46-55 वर्ष	46-55 साल		Antigravity	09/26/2026 11:30:00
AGE_ABOVE_55	Survey	RespondentAge	SectionB_Option, SubOption	Enum	Above 55 years	Above 55 years	RespondentAge Option		Above 55							55 वर्ष से अधिक	55 साल सूं बत्ती		Antigravity	09/26/2026 11:30:00
Q_B_01	Survey	RespondentAge	QuestionPrompt, SectionB	Enum	Q1. What is the age of the respondent?	Q1. What is the age of the respondent?	Survey Question		Q1. What is the age of the respondent?		AGE_18_25 , AGE_26_35 , AGE_36_45 , AGE_46_55 , AGE_ABOVE_55					Q1. उत्तरदाता की आयु क्या है?	Q1. थारी उमर कित्ती है?		Antigravity	09/26/2026 11:30:00
MAR_SINGLE	Survey	MaritalStatus	SectionB_Option, SubOption	Enum	Single / Unmarried	Single / Unmarried	MaritalStatus Option		Single							अविवाहित	कुंवारी		Antigravity	09/26/2026 11:30:00
MAR_MARRIED	Survey	MaritalStatus	SectionB_Option, SubOption	Enum	Married	Married	MaritalStatus Option		Married							विवाहित	परणी		Antigravity	09/26/2026 11:30:00
MAR_WIDOWED	Survey	MaritalStatus	SectionB_Option, SubOption	Enum	Widowed	Widowed	MaritalStatus Option		Widowed							विधवा	रांड		Antigravity	09/26/2026 11:30:00
MAR_SEPARATED	Survey	MaritalStatus	SectionB_Option, SubOption	Enum	Separated	Separated	MaritalStatus Option		Separated							अलग रह रही	न्यारी		Antigravity	09/26/2026 11:30:00
MAR_DIVORCED	Survey	MaritalStatus	SectionB_Option, SubOption	Enum	Divorced	Divorced	MaritalStatus Option		Divorced							तलाकशुदा	छूटा-छेड़ा		Antigravity	09/26/2026 11:30:00
Q_B_02	Survey	MaritalStatus	QuestionPrompt, SectionB	Enum	Q2. What is the marital status?	Q2. What is the marital status?	Survey Question		Q2. What is the marital status?		MAR_SINGLE , MAR_MARRIED , MAR_WIDOWED , MAR_SEPARATED , MAR_DIVORCED					Q2. वैवाहिक स्थिति क्या है?	Q2. ब्याह री स्थिति		Antigravity	09/26/2026 11:30:00
CST_SC	Survey	SocialCategory	SectionB_Option, SubOption	Enum	Scheduled Caste (SC)	Scheduled Caste (SC)	SocialCategory Option		SC							अनुसूचित जाति (SC)	अनुसूचित जाति (SC)		Antigravity	09/26/2026 11:30:00
CST_ST	Survey	SocialCategory	SectionB_Option, SubOption	Enum	Scheduled Tribe (ST)	Scheduled Tribe (ST)	SocialCategory Option		ST							अनुसूचित जनजाति (ST)	अनुसूचित जनजाति (ST)		Antigravity	09/26/2026 11:30:00
CST_OBC	Survey	SocialCategory	SectionB_Option, SubOption	Enum	Other Backward Classes (OBC)	Other Backward Classes (OBC)	SocialCategory Option		OBC							अन्य पिछड़ा वर्ग (OBC)	अन्य पिछड़ा वर्ग (OBC)		Antigravity	09/26/2026 11:30:00
CST_GEN	Survey	SocialCategory	SectionB_Option, SubOption	Enum	General	General	SocialCategory Option		General							सामान्य (General)	सामान्य (General)		Antigravity	09/26/2026 11:30:00
Q_B_03	Survey	SocialCategory	QuestionPrompt, SectionB	Enum	Q3. What is the social category?	Q3. What is the social category?	Survey Question		Q3. What is the social category?		CST_SC , CST_ST , CST_OBC , CST_GEN					Q3. सामाजिक श्रेणी / जाति वर्ग	Q3. सामाजिक वर्ग / जात		Antigravity	09/26/2026 11:30:00
EDU_ILLITERATE	Survey	EducationStatus	SectionB_Option, SubOption	Enum	Illiterate	Illiterate	EducationStatus Option		Illiterate							निरक्षर	अनपढ़		Antigravity	09/26/2026 11:30:00
EDU_ILLITERATE_CALC	Survey	EducationStatus	SectionB_Option, SubOption	Enum	Illiterate (can sign & calculate)	Illiterate (can sign & calculate)	EducationStatus Option		Illiterate but able to calculate							निरक्षर (हस्ताक्षर और गणना में सक्षम)	दस्तखत अर हिसाब जाणती		Antigravity	09/26/2026 11:30:00
EDU_5TH	Survey	EducationStatus	SectionB_Option, SubOption	Enum	Primary (up to 5th)	Primary (up to 5th)	EducationStatus Option		Upto 5th							प्राथमिक (5वीं तक)	5वीं तांई		Antigravity	09/26/2026 11:30:00
EDU_8TH	Survey	EducationStatus	SectionB_Option, SubOption	Enum	Middle (up to 8th)	Middle (up to 8th)	EducationStatus Option		Upto 8th							माध्यमिक (8वीं तक)	8वीं तांई		Antigravity	09/26/2026 11:30:00
EDU_10TH	Survey	EducationStatus	SectionB_Option, SubOption	Enum	Secondary (10th)	Secondary (10th)	EducationStatus Option		Upto 10th							10वीं	10वीं		Antigravity	09/26/2026 11:30:00
EDU_12TH	Survey	EducationStatus	SectionB_Option, SubOption	Enum	Senior Secondary (12th)	Senior Secondary (12th)	EducationStatus Option		Upto 12th							12वीं	12वीं		Antigravity	09/26/2026 11:30:00
EDU_DIPLOMA	Survey	EducationStatus	SectionB_Option, SubOption	Enum	Diploma / ITI	Diploma / ITI	EducationStatus Option		Diploma							डिप्लोमा / आईटीआई	डिप्लोमा		Antigravity	09/26/2026 11:30:00
EDU_GRADUATE	Survey	EducationStatus	SectionB_Option, SubOption	Enum	Graduate & Above	Graduate & Above	EducationStatus Option		Graduate							स्नातक या उससे अधिक	कॉलेज पास		Antigravity	09/26/2026 11:30:00
EDU_BED	Survey	EducationStatus	SectionB_Option, SubOption	Enum	Professional Degree / B.Ed.	Professional Degree / B.Ed.	EducationStatus Option		B.Ed							व्यावसायिक डिग्री (B.Ed आदि)	डिग्री		Antigravity	09/26/2026 11:30:00
Q_B_04	Survey	EducationStatus	QuestionPrompt, SectionB	Enum	Q4. What is the education status?	Q4. What is the education status?	Survey Question		Q4. What is the education status?		EDU_ILLITERATE , EDU_ILLITERATE_CALC , EDU_5TH , EDU_8TH , EDU_10TH , EDU_12TH , EDU_DIPLOMA , EDU_GRADUATE , EDU_BED					Q4. उत्तरदाता की शैक्षिक योग्यता क्या है?	Q4. थारी पढ़ाई-लिखाई कित्ती है?		Antigravity	09/26/2026 11:30:00
Q_B_05	Survey	FamilyMemberCount	QuestionPrompt, SectionB	Number	Q5. How many members are in the family? ------- (count)	Q5. How many members are in the family? ------- (count)	Survey Question		Q5. How many members are in the family? ------- (count)							Q5. परिवार में कुल कितने सदस्य हैं? ------- (संख्या)	Q5. परिवार में कुल कित्ता सदस्य है? ------- (गिनती)		Antigravity	09/26/2026 11:30:00
Q_B_06_01	Survey	FamilyAdultsCount	QuestionPrompt, SectionB	Number	Adults (Above 18)-------	Adults (Above 18)-------	Survey Question		Adults (Above 18)-------							वयस्क (18 वर्ष से ऊपर)-------	बड़ा (18 सूं ऊपर)-------		Antigravity	09/26/2026 11:30:00
Q_B_06_02	Survey	FamilyChildrenCount	QuestionPrompt, SectionB	Number	Children —-------	Children —-------	Survey Question		Children —-------							बच्चे (18 वर्ष से कम)-------	टाबर (18 सूं कम)-------		Antigravity	09/26/2026 11:30:00
Q_B_06_03	Survey	FamilyTotalEarning	QuestionPrompt, SectionB	Number	Total earning members ------	Total earning members ------	Survey Question		Total earning members ------							कुल कमाने वाले सदस्य------	कुल कमावणिया सदस्य------		Antigravity	09/26/2026 11:30:00
Q_B_06_04	Survey	FamilyMaleEarning	QuestionPrompt, SectionB	Number	Male earning members—----	Male earning members—----	Survey Question		Male earning members—----							पुरुष कमाने वाले सदस्य-------	आदमी कमावणिया-------		Antigravity	09/26/2026 11:30:00
Q_B_06_05	Survey	FamilyFemaleEarning	QuestionPrompt, SectionB	Number	Female earning members—----	Female earning members—----	Survey Question		Female earning members—----							महिला कमाने वाली सदस्य-------	लुगायां कमावणिया-------		Antigravity	09/26/2026 11:30:00
Q_B_06_06	Survey	FamilyDisabledCount	QuestionPrompt, SectionB	Number	Members with disability-------	Members with disability-------	Survey Question		Members with disability-------							दिव्यांग सदस्य-------	दिव्यांग सदस्य-------		Antigravity	09/26/2026 11:30:00
INC_AGRI	Survey	FamilyIncomeSources	SectionB_Option, SubOption	Enum	Agricultural income	Agricultural income	FamilyIncomeSources Option		Agricultural income							कृषि आय (खेती)	खेती-बाड़ी री कमाई		Antigravity	09/26/2026 11:30:00
INC_SALARY	Survey	FamilyIncomeSources	SectionB_Option, SubOption	Enum	Fixed Salary	Fixed Salary	FamilyIncomeSources Option		Fixed Salary							नियमित वेतन / नौकरी	पक्की तनख्वाह / नौकरी		Antigravity	09/26/2026 11:30:00
INC_WAGES	Survey	FamilyIncomeSources	SectionB_Option, SubOption	Enum	Wages	Wages	FamilyIncomeSources Option		Wages							दैनिक मजदूरी	मजूरी		Antigravity	09/26/2026 11:30:00
INC_SELF_EMP	Survey	FamilyIncomeSources	SectionB_Option, SubOption	Enum	Self employed	Self employed	FamilyIncomeSources Option		Self employed							स्वरोजगार	खुद रो रोजगार		Antigravity	09/26/2026 11:30:00
INC_NTFP	Survey	FamilyIncomeSources	SectionB_Option, SubOption	Enum	NTFP sale	NTFP sale	FamilyIncomeSources Option		NTFP sale							लघु वनोपज (NTFP) बिक्री	जंगल री उपज बेचान		Antigravity	09/26/2026 11:30:00
INC_DAIRY	Survey	FamilyIncomeSources	SectionB_Option, SubOption	Enum	Dairying	Dairying	FamilyIncomeSources Option		Dairying							डेयरी व्यवसाय	दूध-डेरी रो काम		Antigravity	09/26/2026 11:30:00
INC_ANIMAL_SALE	Survey	FamilyIncomeSources	SectionB_Option, SubOption	Enum	Sale of animals	Sale of animals	FamilyIncomeSources Option		Sale of animals							पशु बिक्री (जानवरों का बेचना)	पशु बेचना / लेन-देन		Antigravity	09/26/2026 11:30:00
INC_ANIMAL_PROD	Survey	FamilyIncomeSources	SectionB_Option, SubOption	Enum	Animal products	Animal products	FamilyIncomeSources Option		Animal products							पशु उत्पाद बिक्री	पशु उत्पाद बेचान		Antigravity	09/26/2026 11:30:00
INC_FAMILY_ENT	Survey	FamilyIncomeSources	SectionB_Option, SubOption	Enum	Family/husband's enterprise	Family/husband's enterprise	FamilyIncomeSources Option		Family/husband’s enterprise							परिवार / पति का उद्यम	घर रो / धणी रो धंधो		Antigravity	09/26/2026 11:30:00
INC_RESP_ENT	Survey	FamilyIncomeSources	SectionB_Option, SubOption	Enum	Respondent's enterprise	Respondent's enterprise	FamilyIncomeSources Option		Respondent’s enterprise							उत्तरदाता का स्वयं का उद्यम	थारो खुद रो धंधो		Antigravity	09/26/2026 11:30:00
INC_MNREGA	Survey	FamilyIncomeSources	SectionB_Option, SubOption	Enum	MNREGA	MNREGA	FamilyIncomeSources Option		MNREGA							मनरेगा	नरेगा मजूरी		Antigravity	09/26/2026 11:30:00
INC_PENSION	Survey	FamilyIncomeSources	SectionB_Option, SubOption	Enum	Pension	Pension	FamilyIncomeSources Option		Pension							पेंशन	पेंशन		Antigravity	09/26/2026 11:30:00
INC_RENT	Survey	FamilyIncomeSources	SectionB_Option, SubOption	Enum	Rent from properties	Rent from properties	FamilyIncomeSources Option		Rent from properties							मकान / दुकान किराया	किरायो		Antigravity	09/26/2026 11:30:00
INC_OTHER	Survey	FamilyIncomeSources	SectionB_Option, SubOption	Enum	Any other, specify	Any other, specify	FamilyIncomeSources Option		Any other, specify							अन्य कोई स्रोत (विवरण दें)	दूजो कोई स्रोत		Antigravity	09/26/2026 11:30:00
Q_B_07	Survey	FamilyIncomeSources	QuestionPrompt, SectionB	EnumList	Q7. What are your family’s sources of income? (Multiselect)	Q7. What are your family’s sources of income? (Multiselect)	Survey Question		Q7. What are your family’s sources of income? (Multiselect)		INC_AGRI , INC_SALARY , INC_WAGES , INC_SELF_EMP , INC_NTFP , INC_DAIRY , INC_ANIMAL_SALE , INC_ANIMAL_PROD , INC_FAMILY_ENT , INC_RESP_ENT , INC_MNREGA , INC_PENSION , INC_RENT , INC_OTHER					Q7. आपके परिवार की आय के मुख्य स्रोत क्या हैं? (बहु-चयन)	Q7. थारे परिवार री आमदनी रा मुख्य स्रोत कांई है?		Antigravity	09/26/2026 11:30:00
INC_LT_80K	Survey	AnnualHouseholdIncome	SectionB_Option, SubOption	Enum	Less than Rs 80,000	Less than Rs 80,000	AnnualHouseholdIncome Option		Less than Rs 80,000							₹80,000 से कम	80 हजार सूं कम		Antigravity	09/26/2026 11:30:00
INC_80K_120K	Survey	AnnualHouseholdIncome	SectionB_Option, SubOption	Enum	Rs 80,000 to Rs 1,20,000	Rs 80,000 to Rs 1,20,000	AnnualHouseholdIncome Option		Rs 80,000 to Rs 1,20,000							₹80,000 से ₹1,20,000	80 हजार सूं 1.20 लाख		Antigravity	09/26/2026 11:30:00
INC_120K_160K	Survey	AnnualHouseholdIncome	SectionB_Option, SubOption	Enum	Rs 1,20,000 to Rs 1,60,000	Rs 1,20,000 to Rs 1,60,000	AnnualHouseholdIncome Option		Rs 1,20,001 to Rs 1,60,000							₹1,20,001 से ₹1,60,000	1.20 लाख सूं 1.60 लाख		Antigravity	09/26/2026 11:30:00
INC_160K_200K	Survey	AnnualHouseholdIncome	SectionB_Option, SubOption	Enum	Rs 1,60,000 to Rs 2,00,000	Rs 1,60,000 to Rs 2,00,000	AnnualHouseholdIncome Option		Rs 1,60,001 to Rs 2,00,000							₹1,60,001 से ₹2,00,000	1.60 लाख सूं 2 लाख		Antigravity	09/26/2026 11:30:00
INC_200K_240K	Survey	AnnualHouseholdIncome	SectionB_Option, SubOption	Enum	Rs 2,00,000 to Rs 2,40,000	Rs 2,00,000 to Rs 2,40,000	AnnualHouseholdIncome Option		Rs 2,00,001 to Rs 2,40,000							₹2,00,001 से ₹2,40,000	2 लाख सूं 2.40 लाख		Antigravity	09/26/2026 11:30:00
INC_240K_280K	Survey	AnnualHouseholdIncome	SectionB_Option, SubOption	Enum	Rs 2,40,000 to Rs 2,80,000	Rs 2,40,000 to Rs 2,80,000	AnnualHouseholdIncome Option		Rs 2,40,001 to Rs 2,80,000							₹2,40,001 से ₹2,80,000	2.40 लाख सूं 2.80 लाख		Antigravity	09/26/2026 11:30:00
INC_280K_320K	Survey	AnnualHouseholdIncome	SectionB_Option, SubOption	Enum	Rs 2,80,000 to Rs 3,20,000	Rs 2,80,000 to Rs 3,20,000	AnnualHouseholdIncome Option		Rs 2,80,001 to Rs 3,20,000							₹2,80,001 से ₹3,20,000	2.80 लाख सूं 3.20 लाख		Antigravity	09/26/2026 11:30:00
INC_320K_360K	Survey	AnnualHouseholdIncome	SectionB_Option, SubOption	Enum	Rs 3,20,000 to Rs 3,60,000	Rs 3,20,000 to Rs 3,60,000	AnnualHouseholdIncome Option		Rs 3,20,001 to Rs 3,60,000							₹3,20,001 से ₹3,60,000	3.20 लाख सूं 3.60 लाख		Antigravity	09/26/2026 11:30:00
INC_360K_400K	Survey	AnnualHouseholdIncome	SectionB_Option, SubOption	Enum	Rs 3,60,000 to Rs 4,00,000	Rs 3,60,000 to Rs 4,00,000	AnnualHouseholdIncome Option		Rs 3,60,001 to Rs 4,00,000							₹3,60,001 से ₹4,00,000	3.60 लाख सूं 4 लाख		Antigravity	09/26/2026 11:30:00
INC_GT_400K	Survey	AnnualHouseholdIncome	SectionB_Option, SubOption	Enum	Above Rs 4,00,000	Above Rs 4,00,000	AnnualHouseholdIncome Option		Above Rs 4,00,001							₹4,00,000 से अधिक	4 लाख सूं बत्ती		Antigravity	09/26/2026 11:30:00
Q_B_08	Survey	AnnualHouseholdIncome	QuestionPrompt, SectionB	Enum	Q8. What is your annual household income and monetary benefits from all sources (including respondent’s enterprise)?	Q8. What is your annual household income and monetary benefits from all sources (including respondent’s enterprise)?	Survey Question		Q8. What is your annual household income and monetary benefits from all sources (including respondent’s enterprise)?		INC_LT_80K , INC_80K_120K , INC_120K_160K , INC_160K_200K , INC_200K_240K , INC_240K_280K , INC_280K_320K , INC_320K_360K , INC_360K_400K , INC_GT_400K					Q8. सभी स्रोतों से आपके परिवार की कुल वार्षिक आय कितनी है?	Q8. सगळा कामां सूं साल री कुल कमाई कित्ती है?		Antigravity	09/26/2026 11:30:00
RSN_SETBACK	Survey	ReasonsStartingBusiness	SectionC_Option, SubOption	Enum	My family faced a financial setback, and I needed to earn	Family faced financial setback, needed to earn	ReasonsStartingBusiness Option		My family faced a financial setback, and I needed to earn							परिवार में आर्थिक तंगी थी, इसलिए कमाना जरूरी था	घर में आर्थिक तंगी ही, ई वास्ते कमाई जरूरी ही		Antigravity	09/26/2026 11:30:00
RSN_RISING_EXP	Survey	ReasonsStartingBusiness	SectionC_Option, SubOption	Enum	Our expenses were rising, and my family needed an alternate source of income	Expenses were rising, needed alternate income	ReasonsStartingBusiness Option		Our expenses were rising, and my family needed an alternate source of income							खर्चे बढ़ रहे थे, अतिरिक्त आय स्रोत चाहिए था	खर्चा बढ़ रिया हा, आमदनी रो दूजो स्रोत चाहिजे हो		Antigravity	09/26/2026 11:30:00
RSN_OWN_VENTURE	Survey	ReasonsStartingBusiness	SectionC_Option, SubOption	Enum	I always wanted to own/run my own business	Always wanted to own/run my own business	ReasonsStartingBusiness Option		I always wanted to own/run my own business							हमेशा से खुद का व्यवसाय शुरू करने की इच्छा थी	म्हारो खुद रो धंधो करण री हमेशा इच्छा ही		Antigravity	09/26/2026 11:30:00
RSN_LEARNT_SKILL	Survey	ReasonsStartingBusiness	SectionC_Option, SubOption	Enum	I learnt the skill and wanted to start my own venture.	Learnt skill and wanted to start own venture	ReasonsStartingBusiness Option		I learnt the skill and wanted to start my own venture.							हुनर सीखा और खुद का काम शुरू करना चाहती थी	हुनर सीख लियो हो अर खुद रो काम करनो चाहवती ही		Antigravity	09/26/2026 11:30:00
RSN_FROM_WAGE	Survey	ReasonsStartingBusiness	SectionC_Option, SubOption	Enum	I was doing the same work as wage labour and later decided to start own venture	Was wage labourer, decided to start own venture	ReasonsStartingBusiness Option		I was doing the same work as wage labour and later decided to start own venture							पहले मजदूरी करती थी, फिर खुद का काम शुरू करने का सोचा	पैली मजूरी करती ही, पछै खुद रो काम सरू कियो		Antigravity	09/26/2026 11:30:00
RSN_ALL_SHG_LOAN	Survey	ReasonsStartingBusiness	SectionC_Option, SubOption	Enum	All SHG members were getting loans for enterprise so I also decided to take and start enterprise	All SHG members getting loan, so I also took	ReasonsStartingBusiness Option		All SHG members were getting loans for enterprise so I also decided to take and start enterprise							SHG में सबको लोन मिल रहा था तो मैंने भी लिया	समूह में सगळा लोन ले रिया हा तो म्हे भी लियो		Antigravity	09/26/2026 11:30:00
RSN_CRP_ENCOURAGED	Survey	ReasonsStartingBusiness	SectionC_Option, SubOption	Enum	The OSF/SVEP CRP encouraged me to start the enterprise	OSF/SVEP CRP encouraged me	ReasonsStartingBusiness Option		The OSF/SVEP CRP encouraged me to start the enterprise							OSF/SVEP के CRP (उद्यम मित्र) ने प्रेरित किया	सीआरपी दीदी म्हाने धंधो सरू करण ने बोल्यो		Antigravity	09/26/2026 11:30:00
RSN_CLF_ENCOURAGED	Survey	ReasonsStartingBusiness	SectionC_Option, SubOption	Enum	The CLF encouraged me to start the enterprise	CLF encouraged me	ReasonsStartingBusiness Option		The CLF encouraged me to start the enterprise							सीएलएफ (CLF) ने प्रेरित किया	सीएलएफ म्हाने प्रेरित कियो		Antigravity	09/26/2026 11:30:00
RSN_OTHER	Survey	ReasonsStartingBusiness	SectionC_Option, SubOption	Enum	Any other (Specify)	Any other reason	ReasonsStartingBusiness Option		Any other (Specify)							अन्य कोई कारण	दूजो कोई कारण		Antigravity	09/26/2026 11:30:00
Q_C_01	Survey	ReasonsStartingBusiness	QuestionPrompt, SectionC	EnumList	Q1. Reasons for starting the business? (Multiselect)	Q1. Reasons for starting the business? (Multiselect)	Survey Question		Q1. Reasons for starting the business? (Multiselect)		RSN_SETBACK , RSN_RISING_EXP , RSN_OWN_VENTURE , RSN_LEARNT_SKILL , RSN_FROM_WAGE , RSN_ALL_SHG_LOAN , RSN_CRP_ENCOURAGED , RSN_CLF_ENCOURAGED , RSN_OTHER					Q1. व्यवसाय शुरू करने के क्या कारण थे? (बहु-चयन)	Q1. काम-धंधो सरू करण रा कारण		Antigravity	09/26/2026 11:30:00
CYC_REGULAR_HOURS	Survey	BusinessCycle	SectionC_Option, SubOption	Enum	Operational for regular hours throughout the year	Regular hours daily round the year	BusinessCycle Option		Operational for regular hours throughout the year							पूरे साल रोजाना नियमित घंटे	सालो-साल रोज नियमित चालै		Antigravity	09/26/2026 11:30:00
CYC_WHENEVER_CUSTOMER	Survey	BusinessCycle	SectionC_Option, SubOption	Enum	Operational whenever the customer arrives throughout the year	Whenever customers demand / drop in	BusinessCycle Option		Operational whenever the customer arrives throughout the year							जब ग्राहक आते हैं, पूरे साल	जद ग्राहक आवै जद चालै		Antigravity	09/26/2026 11:30:00
CYC_BOTH_ROUND_YEAR	Survey	BusinessCycle	SectionC_Option, SubOption	Enum	Both production and sales operational throughout the year	Both (Daily & On Demand)	BusinessCycle Option		Both production and sales operational throughout the year							उत्पादन और बिक्री दोनों पूरे साल	बणावण अर बेचण दोन्नू सालो-साल		Antigravity	09/26/2026 11:30:00
CYC_ON_ORDER_ONLY	Survey	BusinessCycle	SectionC_Option, SubOption	Enum	Production and sale only on receiving order	Round the year, strictly on advance order	BusinessCycle Option		Production and sale only on receiving order							केवल अग्रिम ऑर्डर मिलने पर	खाली आर्डर मिल्या पै		Antigravity	09/26/2026 11:30:00
CYC_SEASONAL_ROUND	Survey	BusinessCycle	SectionC_Option, SubOption	Enum	Seasonal production and sale throughout the year	Seasonal, but round the clock during season	BusinessCycle Option		Seasonal production and sale throughout the year							मौसमी उत्पादन, साल भर बिक्री	सीजन में बणावण अर साल भर बेचण		Antigravity	09/26/2026 11:30:00
CYC_FEW_MONTHS	Survey	BusinessCycle	SectionC_Option, SubOption	Enum	Only for few days / weeks / months in whole year	Only for few days / weeks / months in whole year	BusinessCycle Option		Production and sale is limited to few months							साल में कुछ ही महीनों तक सीमित	साल में कुछेक महीना ई चालै		Antigravity	09/26/2026 11:30:00
CYC_OTHER	Survey	BusinessCycle	SectionC_Option, SubOption	Enum	Any other, specify	Other (Specify)	BusinessCycle Option		Any other, specify							अन्य (विवरण दें)	दूजो कोई तरीको		Antigravity	09/26/2026 11:30:00
Q_C_02	Survey	BusinessCycle	QuestionPrompt, SectionC	Enum	Q2. Describe your business cycle?	Q2. Describe your business cycle?	Survey Question		Q2. Describe your business cycle?		CYC_REGULAR_HOURS , CYC_WHENEVER_CUSTOMER , CYC_BOTH_ROUND_YEAR , CYC_ON_ORDER_ONLY , CYC_SEASONAL_ROUND , CYC_FEW_MONTHS , CYC_OTHER					Q2. आपके व्यवसाय का चक्र (संचालन अवधि) कैसा है?	Q2. धंधो साल में कियां चालै?		Antigravity	09/26/2026 11:30:00
PLC_OWN	Survey	BusinessPlaceType	SectionC_Option, SubOption	Enum	Own Premises / House	Own Premises / House	BusinessPlaceType Option		Own							खुद का परिसर / घर	खुद्को घर / परिसर		Antigravity	09/26/2026 11:30:00
PLC_RENTED	Survey	BusinessPlaceType	SectionC_Option, SubOption	Enum	Rented Premises / Shop	Rented Premises / Shop	BusinessPlaceType Option		Rented							किराए का परिसर / दुकान	किरायै री दुकान		Antigravity	09/26/2026 11:30:00
Q_C_03	Survey	BusinessPlaceType	QuestionPrompt, SectionC	Enum	Q3. What is the type of business place?	Q3. What is the type of business place?	Survey Question		Q3. What is the type of business place?		PLC_OWN , PLC_RENTED					Q3. व्यवसाय स्थल का प्रकार क्या है?	Q3. दुकान/काम री जगा किण री है?		Antigravity	09/26/2026 11:30:00
Q_C_04	Survey	MonthlyRent	QuestionPrompt, SectionC	Number	Q4. If rented, what is monthly rent? Rs______	Q4. If rented, what is monthly rent? Rs______	Survey Question		Q4. If rented, what is monthly rent? Rs______							Q4. यदि किराए पर है, तो मासिक किराया कितना है? ₹______	Q4. किरायै पै है तो महीनै रो किरायो कित्तो है? ₹______		Antigravity	09/26/2026 11:30:00
LOC_CONVENIENT	Survey	LocationConvenience	SectionC_Option, SubOption	Enum	Yes, my location is very convenient to attract customers	Yes, location is very convenient	LocationConvenience Option		Yes, my location is very convenient to attract customers							हाँ, स्थान ग्राहकों को आकर्षित करने के लिए बहुत सुविधाजनक है	हाँ, जगा गिरायकां सारू घणी बढ़िया है		Antigravity	09/26/2026 11:30:00
LOC_CHANGED_LOC	Survey	LocationConvenience	SectionC_Option, SubOption	Enum	Yes, I changed my location to get the clients	Yes, changed location to get clients	LocationConvenience Option		Yes, I changed my location to get the clients							हाँ, ग्राहकों को पाने के लिए मैंने स्थान बदला	हाँ, गिरायकां वास्ते म्हे जगा बदली		Antigravity	09/26/2026 11:30:00
LOC_HOME_CANT_MOVE	Survey	LocationConvenience	SectionC_Option, SubOption	Enum	No, but I operate from home and can’t move to other location	Operate from home, cannot move	LocationConvenience Option		No, but I operate from home and can’t move to other location							नहीं, घर से काम करती हूँ और दूसरी जगह नहीं जा सकती	नी, घर सूं काम करां अर दूजी जगा नी जा सका		Antigravity	09/26/2026 11:30:00
LOC_AFFORD_ONLY	Survey	LocationConvenience	SectionC_Option, SubOption	Enum	No, but I can afford only this space	Can afford only this space	LocationConvenience Option		No, but I can afford only this space							नहीं, लेकिन केवल यही स्थान वहन कर सकती हूँ	नी, पण खाली इत्ती जगा रो ई भाड़ो दे सका		Antigravity	09/26/2026 11:30:00
LOC_OTHER	Survey	LocationConvenience	SectionC_Option, SubOption	Enum	Any other, specify	Other (Specify)	LocationConvenience Option		Any other, specify							अन्य (विवरण दें)	दूजो कोई कारण		Antigravity	09/26/2026 11:30:00
Q_C_05	Survey	LocationConvenience	QuestionPrompt, SectionC	Enum	Q5. Is the location of your premise convenient for your customers?	Q5. Is the location of your premise convenient for your customers?	Survey Question		Q5. Is the location of your premise convenient for your customers?		LOC_CONVENIENT , LOC_CHANGED_LOC , LOC_HOME_CANT_MOVE , LOC_AFFORD_ONLY , LOC_OTHER					Q5. क्या आपका व्यावसायिक स्थान ग्राहकों के लिए सुविधाजनक है?	Q5. कांई दुकान री जगा गिरायकां वास्ते सही है?		Antigravity	09/26/2026 11:30:00
Q_C_06_TABLE	Survey	Related_Q6_Labor	QuestionPrompt, SectionC	Ref_Table	Q6. Involvement of family members and hired help in business operations	Q6. Involvement of family members and hired help in business operations	Survey Question		Q6. Involvement of family members and hired help in business operations							Q6. पारिवारिक सदस्यों एवं किराए के श्रमिकों की भागीदारी	Q6. घर रा लोग अर मजदूरां रो काम		Antigravity	09/26/2026 11:30:00
Q_C_07_01	Survey	Sourcing_NearbyTown_Pct	QuestionPrompt, SectionC	Enum	Nearby town/district	Nearby town/district	Survey Question		Nearby town/district		PCT_0 , PCT_25 , PCT_50 , PCT_75 , PCT_100					आसपास के कस्बे / जिले से	नेड़े रा कस्बा / जिले सूं		Antigravity	09/26/2026 11:30:00
Q_C_07_02	Survey	Sourcing_Jaipur_Pct	QuestionPrompt, SectionC	Enum	Wholesale market within state	Wholesale market within state	Survey Question		Wholesale market within state		PCT_0 , PCT_25 , PCT_50 , PCT_75 , PCT_100					राज्य के भीतर थोक बाजार से	राजस्थान रा थोक बाजार सूं		Antigravity	09/26/2026 11:30:00
Q_C_07_03	Survey	Sourcing_OutsideState_Pct	QuestionPrompt, SectionC	Enum	Wholesale market outside the state	Wholesale market outside the state	Survey Question		Wholesale market outside the state		PCT_0 , PCT_25 , PCT_50 , PCT_75 , PCT_100					राज्य के बाहर थोक बाजार से	बाहर रा थोक बाजार सूं		Antigravity	09/26/2026 11:30:00
Q_C_07_04	Survey	Sourcing_Online_Pct	QuestionPrompt, SectionC	Enum	Order online (Amazon/Misho)	Order online (Amazon/Misho)	Survey Question		Order online (Amazon/Misho)		PCT_0 , PCT_25 , PCT_50 , PCT_75 , PCT_100					ऑनलाइन ऑर्डर (Amazon/Meesho) से	ऑनलाइन ऑर्डर सूं		Antigravity	09/26/2026 11:30:00
MKT_SHOP_ONLY	Survey	MarketingMethods	SectionC_Option, SubOption	Enum	My shop is the only place where I talk about my products/services	My shop is the only place where I talk about my products/services	MarketingMethods Option		My shop is the only place where I talk about my products/services							मेरी दुकान ही एकमात्र जगह है जहाँ मैं उत्पादों की बात करती हूँ	म्हारी दुकान पै ई म्हे गिरायकां ने माल बतावां		Antigravity	09/26/2026 11:30:00
MKT_NAME_BOARD	Survey	MarketingMethods	SectionC_Option, SubOption	Enum	I have name board outside my premises with details of my products/services	I have name board outside my premises with details of my products/services	MarketingMethods Option		I have name board outside my premises with details of my products/services							दुकान/घर के बाहर बोर्ड लगा है जिस पर उत्पादों का विवरण है	दुकान/घर रै बारै बोर्ड लाग्यो है		Antigravity	09/26/2026 11:30:00
MKT_DOOR_TO_DOOR	Survey	MarketingMethods	SectionC_Option, SubOption	Enum	I visit local traders/shopkeepers with my samples	I visit local traders/shopkeepers with my samples	MarketingMethods Option		I visit local traders/shopkeepers with my samples							मैं अपने नमूनों (सैंपल) के साथ व्यापारियों/दुकानदारों के पास जाती हूँ	म्हे सैंपल ले’र दुकानदारां कनै जावां		Antigravity	09/26/2026 11:30:00
MKT_SHG_MEETINGS	Survey	MarketingMethods	SectionC_Option, SubOption	Enum	I talk about my products/services in SHG meetings	I talk about my products/services in SHG meetings	MarketingMethods Option		I talk about my products/services in SHG meetings							मैं SHG की बैठकों में अपने उत्पादों/सेवाओं की बात करती हूँ	म्हे समूह (SHG) री बैठकां में माल री बात करां		Antigravity	09/26/2026 11:30:00
MKT_TRADERS_SAMPLES	Survey	MarketingMethods	SectionC_Option, SubOption	Enum	I visit local traders/shopkeepers with samples of my products	I visit local traders/shopkeepers with samples of my products	MarketingMethods Option		I visit local traders/shopkeepers with samples of my products							मैं स्थानीय व्यापारियों/दुकानदारों से संपर्क करती हूँ	म्हे गाँव-गुवाड़ में दूजी दुकानदारां सूं मिलां		Antigravity	09/26/2026 11:30:00
MKT_INSTA_WHATSAPP	Survey	MarketingMethods	SectionC_Option, SubOption	Enum	I market actively on instagram and whatsapp	I market actively on instagram and whatsapp	MarketingMethods Option		I market actively on instagram and whatsapp							मैं इंस्टाग्राम और व्हाट्सएप पर सक्रिय रूप से प्रचार/मार्केटिंग करती हूँ	म्हे इंस्टाग्राम अर व्हाट्सएप पै प्रचार करां		Antigravity	09/26/2026 11:30:00
MKT_WAIT_ENQUIRIES	Survey	MarketingMethods	SectionC_Option, SubOption	Enum	I wait for people to make enquiries	I wait for people to make enquiries	MarketingMethods Option		I wait for people to make enquiries							मैं ग्राहकों के खुद आकर पूछने का इंतजार करती हूँ	म्हे गिरायकां रै खुद पूछण री बाट जोवां		Antigravity	09/26/2026 11:30:00
MKT_DONT_KNOW_HOW	Survey	MarketingMethods	SectionC_Option, SubOption	Enum	I do not know how to market my products/services	I do not know how to market my products/services	MarketingMethods Option		I do not know how to market my products/services							मुझे नहीं पता कि उत्पादों का प्रचार कैसे किया जाए	म्हाने प्रचार करण रो तरीको ठा कोनी		Antigravity	09/26/2026 11:30:00
MKT_NO_NEED	Survey	MarketingMethods	SectionC_Option, SubOption	Enum	I don't feel the need to market my products/services	I don't feel the need to market my products/services	MarketingMethods Option		I don't feel the need to market my products/services							मुझे प्रचार/मार्केटिंग करने की आवश्यकता महसूस नहीं होती	म्हाने प्रचार करण री कोई जरूरत कोनी लागे		Antigravity	09/26/2026 11:30:00
MKT_OTHER	Survey	MarketingMethods	SectionC_Option, SubOption	Enum	Any other, specify	Any other, specify	MarketingMethods Option		Any other, specify							अन्य कोई तरीका (विवरण दें)	दूजो कोई तरीको (ब्यौरो दो)		Antigravity	09/26/2026 11:30:00
Q_C_08	Survey	MarketingMethods	QuestionPrompt, SectionC	EnumList	Q8. How do you market your products/services? (Multiselect)	Q8. How do you market your products/services? (Multiselect)	Survey Question		Q8. How do you market your products/services? (Multiselect)		MKT_SHOP_ONLY , MKT_NAME_BOARD , MKT_DOOR_TO_DOOR , MKT_SHG_MEETINGS , MKT_TRADERS_SAMPLES , MKT_INSTA_WHATSAPP , MKT_WAIT_ENQUIRIES , MKT_DONT_KNOW_HOW , MKT_NO_NEED , MKT_OTHER					Q8. आप अपने उत्पादों/सेवाओं का प्रचार (मार्केटिंग) कैसे करती हैं? (बहु-चयन)	Q8. थे आपरा माल रो प्रचार कियां करो हो?		Antigravity	09/26/2026 11:30:00
SEL_NOT_REL	Survey	SeasonalSalesMethod	SectionC_Option, SubOption	Enum	Not relevant	Not relevant	SeasonalSalesMethod Option		Not relevant							लागू नहीं / प्रासंगिक नहीं	लागू कोनी		Antigravity	09/26/2026 11:30:00
SEL_PRODUCE_WAIT_ORDERS	Survey	SeasonalSalesMethod	SectionC_Option, SubOption	Enum	In case of production related business, I produce slightly more than my last year sales and wait for orders	In case of production related business, I produce slightly more than my last year sales and wait for orders	SeasonalSalesMethod Option		In case of production related business, I produce slightly more than my last year sales and wait for orders							उत्पादन से जुड़े व्यवसाय में, मैं पिछले साल की बिक्री से थोड़ा अधिक उत्पादन करती हूँ और ऑर्डर का इंतजार करती हूँ	उत्पादन काम में, म्हे पाछले साल सूं थोड़ो बत्ती माल बणा’र आर्डर री बाट जोवां		Antigravity	09/26/2026 11:30:00
SEL_DOOR_TO_DOOR	Survey	SeasonalSalesMethod	SectionC_Option, SubOption	Enum	I visit local traders/shopkeepers with my products and do door to door selling	I visit local traders/shopkeepers with my products and do door to door selling	SeasonalSalesMethod Option		I visit local traders/shopkeepers with my products and do door to door selling							मैं अपने उत्पादों के साथ व्यापारियों/दुकानदारों के पास जाती हूँ और घर-घर जाकर बिक्री करती हूँ	म्हे माल ले’र दुकानदारां कनै अर घरे-घरे जा’र बेचण रो काम करां		Antigravity	09/26/2026 11:30:00
SEL_PRIOR_ORDERS	Survey	SeasonalSalesMethod	SectionC_Option, SubOption	Enum	I take orders from my usual clients few weeks prior to production/peak season and then sell	I take orders from my usual clients few weeks prior to production/peak season and then sell	SeasonalSalesMethod Option		I take orders from my usual clients few weeks prior to production/peak season and then sell							मैं उत्पादन/पीक सीजन से कुछ हफ्ते पहले नियमित ग्राहकों से ऑर्डर लेती हूँ और फिर बेचती हूँ	म्हे सीजन सूं पैली ई गिरायकां सूं आर्डर ले’र पछै माल बेचां		Antigravity	09/26/2026 11:30:00
SEL_LOCAL_HAAT	Survey	SeasonalSalesMethod	SectionC_Option, SubOption	Enum	I sell in local haat/weekly market	I sell in local haat/weekly market	SeasonalSalesMethod Option		I sell in local haat/weekly market							मैं स्थानीय हाट / साप्ताहिक बाजार में बेचती हूँ	म्हे लोकल हाट / सातावारिया बजार में बेचां		Antigravity	09/26/2026 11:30:00
SEL_SARAS_FAIR	Survey	SeasonalSalesMethod	SectionC_Option, SubOption	Enum	I sell in Saras fair	I sell in Saras fair	SeasonalSalesMethod Option		I sell in Saras fair							मैं सरस मेले में बेचती हूँ	म्हे सरस मेला में बेचां		Antigravity	09/26/2026 11:30:00
SEL_INSTAGRAM	Survey	SeasonalSalesMethod	SectionC_Option, SubOption	Enum	I get orders via instagram	I get orders via instagram	SeasonalSalesMethod Option		I get orders via instagram							मुझे इंस्टाग्राम के माध्यम से ऑर्डर मिलते हैं	म्हाने इंस्टाग्राम पै आर्डर मिलै		Antigravity	09/26/2026 11:30:00
SEL_WHATSAPP	Survey	SeasonalSalesMethod	SectionC_Option, SubOption	Enum	I get orders via whatsapp	I get orders via whatsapp	SeasonalSalesMethod Option		I get orders via whatsapp							मुझे व्हाट्सएप के माध्यम से ऑर्डर मिलते हैं	म्हाने व्हाट्सएप पै आर्डर मिलै		Antigravity	09/26/2026 11:30:00
SEL_ONLINE_AMAZON	Survey	SeasonalSalesMethod	SectionC_Option, SubOption	Enum	I use online platforms like Amazon	I use online platforms like Amazon	SeasonalSalesMethod Option		I use online platforms like Amazon							मैं अमेज़न (Amazon) जैसे ऑनलाइन प्लेटफॉर्म का उपयोग करती हूँ	म्हे अमेज़न (Amazon) जैसी ऑनलाइन साइट रो उपयोग करां		Antigravity	09/26/2026 11:30:00
SEL_ONLINE_MEESHO	Survey	SeasonalSalesMethod	SectionC_Option, SubOption	Enum	I use online platform like Meesho	I use online platform like Meesho	SeasonalSalesMethod Option		I use online platform like Meesho							मैं मीशो (Meesho) जैसे ऑनलाइन प्लेटफॉर्म का उपयोग करती हूँ	म्हे मीशो (Meesho) जैसी ऑनलाइन साइट रो उपयोग करां		Antigravity	09/26/2026 11:30:00
SEL_ONLINE_OTHER	Survey	SeasonalSalesMethod	SectionC_Option, SubOption	Enum	I use any other online platform	I use any other online platform	SeasonalSalesMethod Option		I use any other online platform							मैं किसी अन्य ऑनलाइन प्लेटफॉर्म का उपयोग करती हूँ	म्हे दूजी कोई ऑनलाइन साइट रो उपयोग करां		Antigravity	09/26/2026 11:30:00
SEL_RAJEEVIKA	Survey	SeasonalSalesMethod	SectionC_Option, SubOption	Enum	I use RAJEEVIKA website	I use RAJEEVIKA website	SeasonalSalesMethod Option		I use RAJEEVIKA website							मैं राजीविका (RAJEEVIKA) वेबसाइट / पोर्टल का उपयोग करती हूँ	म्हे राजीविका वेबसाइट रो उपयोग करां		Antigravity	09/26/2026 11:30:00
SEL_OTHER	Survey	SeasonalSalesMethod	SectionC_Option, SubOption	Enum	Any other, specify	Any other, specify	SeasonalSalesMethod Option		Any other, specify							अन्य कोई तरीका (विवरण दें)	दूजो कोई तरीको (ब्यौरो दो)		Antigravity	09/26/2026 11:30:00
Q_C_09	Survey	SeasonalSalesMethod	QuestionPrompt, SectionC	EnumList	Q9. How do you sell your products/services?	Q9. How do you sell your products/services?	Survey Question		Q9. How do you sell your products/services?		SEL_NOT_REL , SEL_PRODUCE_WAIT_ORDERS , SEL_DOOR_TO_DOOR , SEL_PRIOR_ORDERS , SEL_LOCAL_HAAT , SEL_SARAS_FAIR , SEL_INSTAGRAM , SEL_WHATSAPP , SEL_ONLINE_AMAZON , SEL_ONLINE_MEESHO , SEL_ONLINE_OTHER , SEL_RAJEEVIKA , SEL_OTHER					Q9. आप अपने उत्पादों/सेवाओं की बिक्री कैसे करती हैं?	Q9. थे आपरा माल/सेवावां री बिक्री कियां करो हो?		Antigravity	09/26/2026 11:30:00
Q_C_10_01	Survey	SalesChannel_Online_Pct	QuestionPrompt, SectionC	Enum	Online platforms	Online platforms	Survey Question		Online platforms		PCT15_0 , PCT15_15 , PCT15_30 , PCT15_45 , PCT15_60 , PCT15_75 , PCT15_90 , PCT15_100					ऑनलाइन प्लेटफॉर्म (Online platforms)	ऑनलाइन साइट्स		Antigravity	09/26/2026 11:30:00
Q_C_10_02	Survey	SalesChannel_WhatsApp_Pct	QuestionPrompt, SectionC	Enum	Whatsapp	Whatsapp	Survey Question		Whatsapp		PCT15_0 , PCT15_15 , PCT15_30 , PCT15_45 , PCT15_60 , PCT15_75 , PCT15_90 , PCT15_100					व्हाट्सएप (WhatsApp)	व्हाट्सएप		Antigravity	09/26/2026 11:30:00
Q_C_10_03	Survey	SalesChannel_Instagram_Pct	QuestionPrompt, SectionC	Enum	Instagram	Instagram	Survey Question		Instagram		PCT15_0 , PCT15_15 , PCT15_30 , PCT15_45 , PCT15_60 , PCT15_75 , PCT15_90 , PCT15_100					इंस्टाग्राम (Instagram)	इंस्टाग्राम		Antigravity	09/26/2026 11:30:00
Q_C_10_04	Survey	SalesChannel_Premise_Pct	QuestionPrompt, SectionC	Enum	Your premise	Your premise	Survey Question		Your premise		PCT15_0 , PCT15_15 , PCT15_30 , PCT15_45 , PCT15_60 , PCT15_75 , PCT15_90 , PCT15_100					आपकी अपनी दुकान / परिसर से	खुद् री दुकान सूं		Antigravity	09/26/2026 11:30:00
Q_C_10_05	Survey	SalesChannel_Traders_Pct	QuestionPrompt, SectionC	Enum	Local traders/shopkeepers	Local traders/shopkeepers	Survey Question		Local traders/shopkeepers		PCT15_0 , PCT15_15 , PCT15_30 , PCT15_45 , PCT15_60 , PCT15_75 , PCT15_90 , PCT15_100					स्थानीय व्यापारियों / दुकानदारों के माध्यम से	लोकल दुकानदारां सूं		Antigravity	09/26/2026 11:30:00
Q_C_10_06	Survey	SalesChannel_Haat_Pct	QuestionPrompt, SectionC	Enum	Local haat/market	Local haat/market	Survey Question		Local haat/market		PCT15_0 , PCT15_15 , PCT15_30 , PCT15_45 , PCT15_60 , PCT15_75 , PCT15_90 , PCT15_100					स्थानीय हाट / साप्ताहिक बाजार	लोकल हाट / सातावारिया बजार		Antigravity	09/26/2026 11:30:00
Q_C_10_07	Survey	SalesChannel_Saras_Pct	QuestionPrompt, SectionC	Enum	Saras fair	Saras fair	Survey Question		Saras fair		PCT15_0 , PCT15_15 , PCT15_30 , PCT15_45 , PCT15_60 , PCT15_75 , PCT15_90 , PCT15_100					सरस मेला	सरस मेला		Antigravity	09/26/2026 11:30:00
RKH_ALWAYS_DONE	Survey	RecordKeepingHabit	SectionC_Option, SubOption	Enum	Yes, I have always been doing it	Yes, I have always been doing it	RecordKeepingHabit Option		Yes, I have always been doing it							हाँ, मैं हमेशा से ऐसा करती आ रही हूँ	हाँ, म्हे हमेशा सूं हिसाब राखती आई हां		Antigravity	09/26/2026 11:30:00
RKH_AFTER_CRP_TRAIN	Survey	RecordKeepingHabit	SectionC_Option, SubOption	Enum	Yes, I started doing after being trained by OSF/SVEP CRP	Yes, started after being trained by OSF/SVEP CRP	RecordKeepingHabit Option		Yes, I started doing after being trained by OSF/SVEP CRP							हाँ, OSF/SVEP CRP द्वारा प्रशिक्षण के बाद शुरू किया	हाँ, सीआरपी दीदी रै सिखावण रै बाद सरू कियो		Antigravity	09/26/2026 11:30:00
RKH_FAMILY_MAINTAINS	Survey	RecordKeepingHabit	SectionC_Option, SubOption	Enum	Yes, my family member maintains but i dont check	Yes, family member maintains but I don’t check	RecordKeepingHabit Option		Yes, my family member maintains but i dont check							हाँ, परिवार का सदस्य रखता है पर मैं चेक नहीं करती	हाँ, घर रो सदस्य राखै पण म्हे नी देखां		Antigravity	09/26/2026 11:30:00
RKH_HIRED_HELP	Survey	RecordKeepingHabit	SectionC_Option, SubOption	Enum	Yes, I have hired help to do that	Yes, hired help to do that	RecordKeepingHabit Option		Yes, I have hired help to do that							हाँ, इसके लिए मुनीम/सहायक रखा हुआ है	हाँ, हिसाब सारू आदमी राख्योड़ो है		Antigravity	09/26/2026 11:30:00
RKH_NOT_REGULAR	Survey	RecordKeepingHabit	SectionC_Option, SubOption	Enum	I don't record regularly	Don't record regularly	RecordKeepingHabit Option		I don't record regularly							मैं नियमित रूप से रिकॉर्ड नहीं रखती	म्हे रोज-रोज हिसाब कोनी राखां		Antigravity	09/26/2026 11:30:00
RKH_NO_RECORD	Survey	RecordKeepingHabit	SectionC_Option, SubOption	Enum	I don't maintain any records at all	Don't maintain any records at all	RecordKeepingHabit Option		I don't maintain any records at all							मैं कोई रिकॉर्ड नहीं रखती	म्हे कोई हिसाब-किताब कोनी राखां		Antigravity	09/26/2026 11:30:00
Q_C_11	Survey	RecordKeepingHabit	QuestionPrompt, SectionC	Enum	Q11. Do you maintain written records of business transactions?	Q11. Do you maintain written records of business transactions?	Survey Question		Q11. Do you maintain written records of business transactions?		RKH_ALWAYS_DONE , RKH_AFTER_CRP_TRAIN , RKH_FAMILY_MAINTAINS , RKH_HIRED_HELP , RKH_NOT_REGULAR , RKH_NO_RECORD					Q11. क्या आप व्यावसायिक लेन-देन का लिखित रिकॉर्ड रखती हैं?	Q11. कांई थे लेन-देन रो लिखित हिसाब राखो हो?		Antigravity	09/26/2026 11:30:00
RKT_RECEIPT_BILLS	Survey	RecordKeepingMethod	SectionC_Option, SubOption	Enum	Receipt book/bills	Receipt book/bills	RecordKeepingMethod Option		Receipt book/bills							रसीद बुक / बिल	रसीद बही / बिल		Antigravity	09/26/2026 11:30:00
RKT_PURCHASE_SALE_REG	Survey	RecordKeepingMethod	SectionC_Option, SubOption	Enum	purchase and sale register	purchase and sale register	RecordKeepingMethod Option		purchase and sale register							क्रय-विक्रय (खरीद-बिक्री) रजिस्टर	खरीद-बेचान रो रजिस्टर		Antigravity	09/26/2026 11:30:00
RKT_ONLY_DEBT	Survey	RecordKeepingMethod	SectionC_Option, SubOption	Enum	Only debt register	Only debt register	RecordKeepingMethod Option		Only debt register							केवल उधार / बही खाता रजिस्टर	खाली उधारी रो खातो		Antigravity	09/26/2026 11:30:00
RKT_DAILY_DIARY	Survey	RecordKeepingMethod	SectionC_Option, SubOption	Enum	Maintain daily diary	Maintain daily diary	RecordKeepingMethod Option		Maintain daily diary							दैनिक डायरी मेंटेन करती हूँ	रोज री डायरी राखूं		Antigravity	09/26/2026 11:30:00
RKT_CRP_DIARY	Survey	RecordKeepingMethod	SectionC_Option, SubOption	Enum	Maintain daily diary as taught by OSF/SVEP CRP	Maintain daily diary as taught by OSF/SVEP CRP	RecordKeepingMethod Option		Maintain daily diary as taught by OSF/SVEP CRP							OSF/SVEP CRP द्वारा सिखाए अनुसार दैनिक डायरी रखती हूँ	सीआरपी दीदी रै सिखाये मुजब रोज डायरी राखूं		Antigravity	09/26/2026 11:30:00
RKT_DIGITAL_APPS	Survey	RecordKeepingMethod	SectionC_Option, SubOption	Enum	Maintain digital records using Mera Bill, Bahi Khata	Maintain digital records using Mera Bill, Bahi Khata	RecordKeepingMethod Option		Maintain digital records using Mera Bill, Bahi Khata							मेरा बिल, बही खाता जैसे ऐप से डिजिटल रिकॉर्ड रखती हूँ	मेरा बिल / बही खाता ऐप सूं हिसाब राखूं		Antigravity	09/26/2026 11:30:00
RKT_NOT_REGULAR	Survey	RecordKeepingMethod	SectionC_Option, SubOption	Enum	Don’t record regularly	Don’t record regularly	RecordKeepingMethod Option		Don’t record regularly							नियमित रूप से रिकॉर्ड नहीं रखती	रोज-रोज हिसाब कोनी राखूं		Antigravity	09/26/2026 11:30:00
RKT_FAMILY_BOOK	Survey	RecordKeepingMethod	SectionC_Option, SubOption	Enum	My family member maintains a book	My family member maintains a book	RecordKeepingMethod Option		My family member maintains a book							परिवार का कोई सदस्य हिसाब की किताब रखता है	घर रो कोई दूजो सदस्य हिसाब राखै		Antigravity	09/26/2026 11:30:00
RKT_NO_RECORD	Survey	RecordKeepingMethod	SectionC_Option, SubOption	Enum	I don't maintain any record	I don't maintain any record	RecordKeepingMethod Option		I don't maintain any record							मैं कोई रिकॉर्ड / हिसाब नहीं रखती	म्हे कोई हिसाब-किताब कोनी राखां		Antigravity	09/26/2026 11:30:00
RKT_OTHER	Survey	RecordKeepingMethod	SectionC_Option, SubOption	Enum	Any other, specify	Any other, specify	RecordKeepingMethod Option		Any other, specify							अन्य कोई तरीका (विवरण दें)	दूजो कोई तरीको (ब्यौरो दो)		Antigravity	09/26/2026 11:30:00
Q_C_12	Survey	RecordKeepingMethod	QuestionPrompt, SectionC	EnumList	Q12. How do you maintain business transactions?	Q12. How do you maintain business transactions?	Survey Question		Q12. How do you maintain business transactions?		RKT_RECEIPT_BILLS , RKT_PURCHASE_SALE_REG , RKT_ONLY_DEBT , RKT_DAILY_DIARY , RKT_CRP_DIARY , RKT_DIGITAL_APPS , RKT_NOT_REGULAR , RKT_FAMILY_BOOK , RKT_NO_RECORD , RKT_OTHER					Q12. आप व्यावसायिक लेन-देन का हिसाब कैसे रखती हैं?	Q12. थे लेन-देन रो हिसाब कियां राखो हो?		Antigravity	09/26/2026 11:30:00
Q_C_13_TABLE	Survey	Related_Q15_Turnover	QuestionPrompt, SectionC	Ref_Table	Q13. Turnover and income from the enterprise	Q13. Turnover and income from the enterprise	Survey Question		Q13. Turnover and income from the enterprise							Q13. उद्यम का टर्नओवर एवं मासिक आय	Q13. कुल बिक्री अर कमाई		Antigravity	09/26/2026 11:30:00
SHG_SKILL_TRAIN	Survey	SHGAssociationAssistance	SectionD_Option, SubOption	Enum	Attended the skill training offered by SHG	Attended skill training offered by SHG	SHGAssociationAssistance Option		Attended the skill training offered by SHG							समूह द्वारा आयोजित कौशल प्रशिक्षण में भाग लिया	समूह री ट्रेनिंग में भाग लियो		Antigravity	09/26/2026 11:30:00
SHG_BIZ_INFO	Survey	SHGAssociationAssistance	SectionD_Option, SubOption	Enum	Got information about the scope of business from SHG meetings	Got business scope information from SHG meetings	SHGAssociationAssistance Option		Got information about the scope of business from SHG meetings							समूह बैठकों से व्यवसाय के अवसरों की जानकारी मिली	बैठकां सूं काम-धंधे री जाणकारी मिली		Antigravity	09/26/2026 11:30:00
SHG_DOCS_HELP	Survey	SHGAssociationAssistance	SectionD_Option, SubOption	Enum	Got required registrations/documents made	Got required registrations/documents made	SHGAssociationAssistance Option		Got required registration/documents made							आवश्यक दस्तावेज/पंजीकरण बनवाने में मदद मिली	कागज/पंजीकरण बणावण में मदद मिली		Antigravity	09/26/2026 11:30:00
SHG_SUBSIDY_GRANT	Survey	SHGAssociationAssistance	SectionD_Option, SubOption	Enum	Got subsidy/grant due to SHG.	Got subsidy/grant due to SHG	SHGAssociationAssistance Option		Got subsidy/grant due to SHG.							समूह के माध्यम से सब्सिडी/अनुदान मिला	समूह रै जरिये सब्सिडी/अनुदान मिल्यो		Antigravity	09/26/2026 11:30:00
SHG_SEED_LOAN	Survey	SHGAssociationAssistance	SectionD_Option, SubOption	Enum	Took loan from SHG to buy material to initiate the business	Took loan from SHG to initiate business	SHGAssociationAssistance Option		Took loan from SHG to buy material to initiate the business							व्यवसाय शुरू करने के लिए समूह से ऋण लिया	धंधो सरू करण सारू समूह सूं लोन लियो		Antigravity	09/26/2026 11:30:00
SHG_REGULAR_LOAN	Survey	SHGAssociationAssistance	SectionD_Option, SubOption	Enum	Take loans from SHG regularly as per business requirements	Take loans from SHG regularly as needed	SHGAssociationAssistance Option		Take loans from SHG regularly as per business requirements							व्यवसाय की जरूरत अनुसार नियमित ऋण लेती हूँ	जरूरत मुजब समूह सूं लोन लेवती रहूं		Antigravity	09/26/2026 11:30:00
SHG_CRP_GUIDE	Survey	SHGAssociationAssistance	SectionD_Option, SubOption	Enum	OSF/SVEP CRP guided me in setting up the business	OSF/SVEP CRP guided in setting up business	SHGAssociationAssistance Option		OSF/SVEP CRP guided me in setting up the business							CRP (उद्यम मित्र) ने उद्यम स्थापित करने में मार्गदर्शन दिया	सीआरपी दीदी धंधो जमावण में मदद करी		Antigravity	09/26/2026 11:30:00
SHG_MUDRA_LOAN	Survey	SHGAssociationAssistance	SectionD_Option, SubOption	Enum	OSF/SVEP CRP helped me to get Mudra loan	OSF/SVEP CRP helped get Mudra loan	SHGAssociationAssistance Option		OSF/SVEP CRP helped me to get Mudra loan							CRP ने मुद्रा ऋण (Mudra Loan) दिलाने में सहायता की	सीआरपी मुद्रा लोन देवावण में मदद करी		Antigravity	09/26/2026 11:30:00
SHG_BANK_LOAN	Survey	SHGAssociationAssistance	SectionD_Option, SubOption	Enum	OSF/SVEP CRP helped me to get bank loan	OSF/SVEP CRP helped get bank loan	SHGAssociationAssistance Option		OSF/SVEP CRP helped me to get bank loan							CRP ने बैंक ऋण दिलाने में सहायता की	सीआरपी बैंक सूं लोन देवावण में मदद करी		Antigravity	09/26/2026 11:30:00
Q_D_01	Survey	SHGAssociationAssistance	QuestionPrompt, SectionD	EnumList	Q1. How has the SHG association helped in your enterprise? (Multiselect)	Q1. How has the SHG association helped in your enterprise? (Multiselect)	Survey Question		Q1. How has the SHG association helped in your enterprise? (Multiselect)		SHG_SKILL_TRAIN , SHG_BIZ_INFO , SHG_DOCS_HELP , SHG_SUBSIDY_GRANT , SHG_SEED_LOAN , SHG_REGULAR_LOAN , SHG_CRP_GUIDE , SHG_MUDRA_LOAN , SHG_BANK_LOAN					Q1. स्वयं सहायता समूह से जुड़ने से आपके उद्यम में क्या मदद मिली? (बहु-चयन)	Q1. समूह सूं जुड़बा सूं धंधे में कांई मदद मिली?		Antigravity	09/26/2026 11:30:00
Q_D_02_TABLE	Survey	Related_Q19_Capital	QuestionPrompt, SectionD	Ref_Table	Q2. How have you arranged capital over the enterprise duration?	Q2. How have you arranged capital over the enterprise duration?	Survey Question		Q2. How have you arranged capital over the enterprise duration?							Q2. उद्यम अवधि के दौरान पूंजी की व्यवस्था कैसे की?	Q2. धंधे सारू पैशां री व्यवस्था कियां करी?		Antigravity	09/26/2026 11:30:00
Q_D_03_TABLE	Survey	Related_Q20_Loan_Usage	QuestionPrompt, SectionD	Ref_Table	Q3. How did you use the loans taken from different sources?	Q3. How did you use the loans taken from different sources?	Survey Question		Q3. How did you use the loans taken from different sources?							Q3. विभिन्न स्रोतों से लिए गए ऋण का उपयोग कैसे किया?	Q3. लोन रा पैशां रो उपयोग किण काम में लियो?		Antigravity	09/26/2026 11:30:00
FEX_SHG_SUFFICIENT	Survey	FundingExperience	SectionD_Option, SubOption	Enum	SHG loan is sufficient for the current scale of my business	SHG loan is sufficient for current scale	FundingExperience Option		SHG loan is sufficient for the current scale of my business							समूह का ऋण वर्तमान व्यवसाय के लिए पर्याप्त है	समूह रो लोन म्हारे काम सारू पूरो है		Antigravity	09/26/2026 11:30:00
FEX_PLOUGH_EARNINGS	Survey	FundingExperience	SectionD_Option, SubOption	Enum	I regularly plough in my business earnings	Regularly plough in business earnings	FundingExperience Option		I regularly plough in my business earnings							व्यवसाय की कमाई को दोबारा व्यवसाय में लगाती हूँ	कमाई पाछी धंधे में ई लगावां		Antigravity	09/26/2026 11:30:00
FEX_SHG_SMALLER	Survey	FundingExperience	SectionD_Option, SubOption	Enum	SHG loan size is smaller than my requirement	SHG loan size is smaller than requirement	FundingExperience Option		SHG loan size is smaller than my requirement							समूह का ऋण मेरी आवश्यकता से कम है	समूह रो लोन म्हारी जरूरत सूं कम है		Antigravity	09/26/2026 11:30:00
FEX_EASY_MONEYLENDER	Survey	FundingExperience	SectionD_Option, SubOption	Enum	I get the required loan easily from the moneylender/NBFIs.	Easily get loan from moneylender/NBFIs	FundingExperience Option		I get the required loan easily from the moneylender/NBFIs.							साहूकार/NBFI से आसानी से ऋण मिल जाता है	साहूकार सूं लोन आराम सूं मिल जावै		Antigravity	09/26/2026 11:30:00
FEX_FAMILY_HELP	Survey	FundingExperience	SectionD_Option, SubOption	Enum	My family members help me with funds and loans	Family members help with funds and loans	FundingExperience Option		My family members help me with funds and loans							परिवार के सदस्य फंड और लोन में मदद करते हैं	घर रा लोग पैशां री मदद करै		Antigravity	09/26/2026 11:30:00
FEX_HIGH_INTEREST	Survey	FundingExperience	SectionD_Option, SubOption	Enum	I don't prefer money lender or NBFIs as the interest rate is high	Don't prefer moneylender due to high interest	FundingExperience Option		I don't prefer money lender or NBFIs as the interest rate is high							साहूकार/NBFI से नहीं लेती क्योंकि ब्याज दर बहुत अधिक है	साहूकार सूं कोनी लेवां, ब्याज घणो लागै		Antigravity	09/26/2026 11:30:00
FEX_SHORT_REPAY	Survey	FundingExperience	SectionD_Option, SubOption	Enum	I don't prefer money lender or NBFIs as the repayment time is shorter for my convenience	Don't prefer moneylender due to short repayment	FundingExperience Option		I don't prefer money lender or NBFIs as the repayment time is shorter for my convenience							साहूकार/NBFI की चुकौती अवधि बहुत छोटी होती है	चुकावण रो टेम घणो कम मिलै		Antigravity	09/26/2026 11:30:00
Q_D_04	Survey	FundingExperience	QuestionPrompt, SectionD	EnumList	Q4. What has been your experience in funding your business? (Multiselect)	Q4. What has been your experience in funding your business? (Multiselect)	Survey Question		Q4. What has been your experience in funding your business? (Multiselect)		FEX_SHG_SUFFICIENT , FEX_PLOUGH_EARNINGS , FEX_SHG_SMALLER , FEX_EASY_MONEYLENDER , FEX_FAMILY_HELP , FEX_HIGH_INTEREST , FEX_SHORT_REPAY					Q4. व्यवसाय के वित्तपोषण (फंडिंग) का आपका क्या अनुभव रहा है? (बहु-चयन)	Q4. धंधे सारू पैशां रो इंतजाम करण रो अनुभव		Antigravity	09/26/2026 11:30:00
Q_D_05_TABLE	Survey	Related_Q22_Trajectory	QuestionPrompt, SectionD	Ref_Table	Q5. What changes have happened in your business?	Q5. What changes have happened in your business?	Survey Question		Q5. What changes have happened in your business?							Q5. आपके व्यवसाय में क्या परिवर्तन हुए हैं? (प्रगति)	Q5. थारे काम-धंधे में कांई बदलाव आया?		Antigravity	09/26/2026 11:30:00
FHLP_NO_ASK_FAMILY	Survey	FinancialHelpFromIncome	SectionD_Option, SubOption	Enum	I don’t need to ask money from my husband/family for my needs.	Don't need to ask money from family	FinancialHelpFromIncome Option		I don’t need to ask money from my husband/family for my needs.							अपनी जरूरतों के लिए पति/परिवार से पैसे मांगने की जरूरत नहीं पड़ती	म्हारी जरूरत सारू धणी/घर वाळां सूं मांगणा नी पड़े		Antigravity	09/26/2026 11:30:00
FHLP_BIGGEST_INCOME	Survey	FinancialHelpFromIncome	SectionD_Option, SubOption	Enum	The income from enterprise is the biggest source of income for my family	Enterprise is biggest income source for family	FinancialHelpFromIncome Option		The income from enterprise is the biggest source of income for my family							उद्यम की आय मेरे परिवार की आय का सबसे बड़ा स्रोत है	धंधे री कमाई म्हारे घर री सबसे बड़ी आमदनी है		Antigravity	09/26/2026 11:30:00
FHLP_CHILD_EDUCATION	Survey	FinancialHelpFromIncome	SectionD_Option, SubOption	Enum	The income from enterprise is used in covering education related expenses for my children. Specify amount	Covering education expenses for children	FinancialHelpFromIncome Option		The income from enterprise is used in covering education related expenses for my children. Specify amount							बच्चों की पढ़ाई का खर्च उठाने में मदद मिली	टाबरां री पढ़ाई रो खारचो निकळ्यो		Antigravity	09/26/2026 11:30:00
FHLP_FAMILY_DEBTS	Survey	FinancialHelpFromIncome	SectionD_Option, SubOption	Enum	I have been able to pay the family debts. Specify amount	Able to pay family debts	FinancialHelpFromIncome Option		I have been able to pay the family debts. Specify amount							परिवार के पुराने कर्जे चुकाने में सक्षम हुई	घर रो पुरानो कर्जो चुका दियो		Antigravity	09/26/2026 11:30:00
FHLP_ACQUIRE_ASSETS	Survey	FinancialHelpFromIncome	SectionD_Option, SubOption	Enum	I have contributed money in acquiring assets for my family Specify amount	Contributed in acquiring assets for family	FinancialHelpFromIncome Option		I have contributed money in acquiring assets for my family Specify amount							परिवार के लिए संपत्ति (गाड़ी/जमीन/मकान) खरीदने में योगदान दिया	घर री संपत्ति बणावण में मदद करी		Antigravity	09/26/2026 11:30:00
FHLP_MARRIAGE_EXP	Survey	FinancialHelpFromIncome	SectionD_Option, SubOption	Enum	I have contributed money for marriage expenses. Specify amount	Contributed money for marriage expenses	FinancialHelpFromIncome Option		I have contributed money for marriage expenses. Specify amount							परिवार में शादी-ब्याह के खर्चों में योगदान दिया	ब्याह-शादी रा खर्चा में मदद करी		Antigravity	09/26/2026 11:30:00
FHLP_OTHER	Survey	FinancialHelpFromIncome	SectionD_Option, SubOption	Enum	Any other (Please specify)	Any other financial help	FinancialHelpFromIncome Option		Any other (Please specify)							अन्य कोई आर्थिक मदद (विवरण दें)	दूजी कोई आर्थिक मदद		Antigravity	09/26/2026 11:30:00
Q_D_06	Survey	FinancialHelpFromIncome	QuestionPrompt, SectionD	EnumList	Q6. How has the income from the enterprise helped you financially? (Multiselect)	Q6. How has the income from the enterprise helped you financially? (Multiselect)	Survey Question		Q6. How has the income from the enterprise helped you financially? (Multiselect)		FHLP_NO_ASK_FAMILY , FHLP_BIGGEST_INCOME , FHLP_CHILD_EDUCATION , FHLP_FAMILY_DEBTS , FHLP_ACQUIRE_ASSETS , FHLP_MARRIAGE_EXP , FHLP_OTHER					Q6. उद्यम की आय से आपको आर्थिक रूप से क्या मदद मिली है? (बहु-चयन)	Q6. धंधे री कमाई सूं थारे घर में कांई आर्थिक मदद मिली?		Antigravity	09/26/2026 11:30:00
HRESP_NEED_HELP	Survey	HusbandFamilyResponse	SectionE_Option, SubOption	Enum	I need help from my family in running my enterprise more effectively	Need help from family to run effectively	HusbandFamilyResponse Option		I need help from my family in running my enterprise more effectively							उद्यम को बेहतर चलाने के लिए परिवार से मदद की जरूरत है	काम सही चलावण सारू घर वाळां री मदद चाहिजे		Antigravity	09/26/2026 11:30:00
HRESP_LATER_SUPPORT	Survey	HusbandFamilyResponse	SectionE_Option, SubOption	Enum	My husband was not supportive initially, but now helps when required	Husband not supportive initially, now helps	HusbandFamilyResponse Option		My husband was not supportive initially, but now helps when required							शुरुआत में पति का सहयोग नहीं था, लेकिन अब जरूरत पड़ने पर मदद करते हैं	पैली पति नी मानता हा, पण अबै मदद करै		Antigravity	09/26/2026 11:30:00
HRESP_FINANCIAL	Survey	HusbandFamilyResponse	SectionE_Option, SubOption	Enum	My husband supports/supported me financially	Husband supports financially	HusbandFamilyResponse Option		My husband supports/supported me financially							पति ने आर्थिक रूप से मेरा पूरा सहयोग किया	पति पैशां री पूरी मदद करी		Antigravity	09/26/2026 11:30:00
HRESP_FULL_SUPPORT	Survey	HusbandFamilyResponse	SectionE_Option, SubOption	Enum	I have full support of my husband/family and helped me in every possible way	Full support of husband/family in every way	HusbandFamilyResponse Option		I have full support of my husband/family and helped me in every possible way							पति और परिवार का पूरा सहयोग है, हर तरह से मदद करते हैं	पति अर घर वाळां रो पूरो साथ है		Antigravity	09/26/2026 11:30:00
HRESP_NO_SUPPORT	Survey	HusbandFamilyResponse	SectionE_Option, SubOption	Enum	I am running my enterprise without anyone’s support	Running enterprise without anyone's support	HusbandFamilyResponse Option		I am running my enterprise without anyone’s support							मैं बिना किसी के सहयोग के खुद अपना उद्यम चला रही हूँ	म्हे बिना किणी रै सहारे खुद धंधो चलावां		Antigravity	09/26/2026 11:30:00
Q_E_01	Survey	HusbandFamilyResponse	QuestionPrompt, SectionE	EnumList	Q1. How has been your husband’s response towards your enterprise? (Multiselect)	Q1. How has been your husband’s response towards your enterprise? (Multiselect)	Survey Question		Q1. How has been your husband’s response towards your enterprise? (Multiselect)		HRESP_NEED_HELP , HRESP_LATER_SUPPORT , HRESP_FINANCIAL , HRESP_FULL_SUPPORT , HRESP_NO_SUPPORT					Q1. आपके उद्यम के प्रति आपके पति/परिवार का क्या रुख रहा है? (बहु-चयन)	Q1. थारे धंधे सारू पति/घर वाळां रो कांई रुख रह्यो?		Antigravity	09/26/2026 11:30:00
SRC_TRAVEL_ALONE	Survey	MaterialSourcingComfort	SectionE_Option, SubOption	Enum	I travel alone and I handle negotiations independently	Travel alone & negotiate independently	MaterialSourcingComfort Option		I travel alone and I handle negotiations independently							अकेले यात्रा करती हूँ और मोल-भाव खुद संभालती हूँ	एकली जावां अर मोल-भाव खुद करां		Antigravity	09/26/2026 11:30:00
SRC_NEED_COMPANION	Survey	MaterialSourcingComfort	SectionE_Option, SubOption	Enum	I need travel companion but I handle negotiations independently	Need companion, negotiate independently	MaterialSourcingComfort Option		I need travel companion but I handle negotiations independently							साथ में किसी का होना जरूरी है पर मोल-भाव खुद करती हूँ	साथी चाहिजे, पण मोल-भाव खुद करां		Antigravity	09/26/2026 11:30:00
SRC_FAMILY_HANDLES	Survey	MaterialSourcingComfort	SectionE_Option, SubOption	Enum	My family member handles the purchase	Family member handles purchase	MaterialSourcingComfort Option		My family member handles the purchase							परिवार का कोई सदस्य ही माल की खरीदारी करता है	घर रो कोई सदस्य ई माल लावै		Antigravity	09/26/2026 11:30:00
SRC_CRP_HELPS	Survey	MaterialSourcingComfort	SectionE_Option, SubOption	Enum	OSF/SVEP CRP helps in sourcing material	OSF/SVEP CRP helps in sourcing	MaterialSourcingComfort Option		OSF/SVEP CRP helps in sourcing material							CRP (उद्यम मित्र) माल लाने/खरीदने में मदद करते हैं	सीआरपी माल लावण में मदद करै		Antigravity	09/26/2026 11:30:00
SRC_WANT_DIFF_PLACES	Survey	MaterialSourcingComfort	SectionE_Option, SubOption	Enum	I want to source material from different places but I need support	Want to source from outside, need support	MaterialSourcingComfort Option		I want to source material from different places but I need support							बाहरी बाजारों से माल लाना चाहती हूँ लेकिन मदद चाहिए	बाहर सूं माल लावणो चाहवां पण मदद चाहिजे		Antigravity	09/26/2026 11:30:00
SRC_CONTENT_NEARBY	Survey	MaterialSourcingComfort	SectionE_Option, SubOption	Enum	I am content to source material from nearby market	Content with nearby market	MaterialSourcingComfort Option		I am content to source material from nearby market							आसपास के बाजार से माल लाकर ही संतुष्ट हूँ	नेड़े रा बजार सूं माल ला’र राजी हां		Antigravity	09/26/2026 11:30:00
Q_E_02	Survey	MaterialSourcingComfort	QuestionPrompt, SectionE	Enum	Q2. What is your level of comfort in sourcing material?	Q2. What is your level of comfort in sourcing material?	Survey Question		Q2. What is your level of comfort in sourcing material?		SRC_TRAVEL_ALONE , SRC_NEED_COMPANION , SRC_FAMILY_HANDLES , SRC_CRP_HELPS , SRC_WANT_DIFF_PLACES , SRC_CONTENT_NEARBY					Q2. कच्चा माल लाने / खरीदने में आपकी सहजता का स्तर क्या है?	Q2. माल लावण में थे कित्ता सहज हो?		Antigravity	09/26/2026 11:30:00
REC_NO_ISSUES	Survey	CustomerPaymentRecovery	SectionE_Option, SubOption	Enum	Yes, I don’t face any issues	Yes, don't face any issues	CustomerPaymentRecovery Option		Yes, I don’t face any issues							हाँ, मुझे वसूली में कोई परेशानी नहीं होती	हाँ, पैशां री कोई दिक्कत कोनी आवै		Antigravity	09/26/2026 11:30:00
REC_CASH_ONLY	Survey	CustomerPaymentRecovery	SectionE_Option, SubOption	Enum	Yes, but I conduct only cash transactions	Yes, but only cash transactions	CustomerPaymentRecovery Option		Yes, but I conduct only cash transactions							हाँ, लेकिन मैं केवल नकद में ही व्यापार करती हूँ	हाँ, पण म्हे खाली रोकड़ में ई काम करां		Antigravity	09/26/2026 11:30:00
REC_EVENTUALLY_PAYS	Survey	CustomerPaymentRecovery	SectionE_Option, SubOption	Enum	Yes, eventually everyone pays	Yes, eventually everyone pays	CustomerPaymentRecovery Option		Yes, eventually everyone pays							हाँ, थोड़ा समय लगता है पर अंत में सब दे देते हैं	हाँ, थोड़ा टेम लागै पण पैसो मिल जावै		Antigravity	09/26/2026 11:30:00
REC_LEARNT_NEGOTIATE	Survey	CustomerPaymentRecovery	SectionE_Option, SubOption	Enum	Yes, but I have learnt over the years how to negotiate.	Learnt over years how to negotiate	CustomerPaymentRecovery Option		Yes, but I have learnt over the years how to negotiate.							हाँ, समय के साथ मैंने पैसे वसूलना और बात करना सीख लिया है	हाँ, अबै म्हे उधारी मांगणी सीख ली		Antigravity	09/26/2026 11:30:00
REC_HUSBAND_RECOVERS	Survey	CustomerPaymentRecovery	SectionE_Option, SubOption	Enum	No, but my husband is able to recover	Husband is able to recover	CustomerPaymentRecovery Option		No, but my husband is able to recover							नहीं, लेकिन मेरे पति वसूली कर लेते हैं	नी, पण म्हारा पति पैसो पाछो ले आवै		Antigravity	09/26/2026 11:30:00
REC_LOSSES_DEBT	Survey	CustomerPaymentRecovery	SectionE_Option, SubOption	Enum	No, my business has suffered losses due to debt.	Suffered losses due to debt	CustomerPaymentRecovery Option		No, my business has suffered losses due to debt.							नहीं, उधारी डूबने के कारण व्यवसाय में नुकसान हुआ है	नी, उधारी डूबबा सूं नुकसान हुयो है		Antigravity	09/26/2026 11:30:00
Q_E_03	Survey	CustomerPaymentRecovery	QuestionPrompt, SectionE	Enum	Q3. Are you able to recover money from customers?	Q3. Are you able to recover money from customers?	Survey Question		Q3. Are you able to recover money from customers?		REC_NO_ISSUES , REC_CASH_ONLY , REC_EVENTUALLY_PAYS , REC_LEARNT_NEGOTIATE , REC_HUSBAND_RECOVERS , REC_LOSSES_DEBT					Q3. क्या आप ग्राहकों से समय पर अपना पैसा/उधारी वसूल पाती हैं?	Q3. गिरायकां सूं उधारी रो पैसो पाछो मिल जावै कांई?		Antigravity	09/26/2026 11:30:00
CH_OSF_PHASED	Survey	CurrentChallenges	SectionE_Option, SubOption	Enum	OSF is phased out now which has affected fund sufficiency. Specify amount	OSF phased out affecting fund sufficiency	CurrentChallenges Option		OSF is phased out now which has affected fund sufficiency. Specify amount							OSF योजना बंद होने से फंड की कमी हो गई है	योजना बंद होबा सूं पैशां री कमी आई		Antigravity	09/26/2026 11:30:00
CH_TIMELY_FUNDS	Survey	CurrentChallenges	SectionE_Option, SubOption	Enum	I need timely access to funds to buy inputs before the production/peak season begins. Specify amount	Need timely funds before peak season	CurrentChallenges Option		I need timely access to funds to buy inputs before the production/peak season begins. Specify amount							सीजन से पहले माल खरीदने के लिए समय पर फंड चाहिए	सीजन सूं पैली माल सारू टेम पै पैसो चाहिजे		Antigravity	09/26/2026 11:30:00
CH_BIGGER_MARKET	Survey	CurrentChallenges	SectionE_Option, SubOption	Enum	I need support to access bigger market to source material/inputs at lower cost	Need support to access bigger markets	CurrentChallenges Option		I need support to access bigger market to source material/inputs at lower cost							कम कीमत पर माल लाने के लिए बड़े बाजारों तक पहुंच चाहिए	सस्तो माल लावण सारू बड़ा बजार री पहुंच चाहिजे		Antigravity	09/26/2026 11:30:00
CH_SELLING_INVENTORY	Survey	CurrentChallenges	SectionE_Option, SubOption	Enum	I need help in selling my inventory.	Need help in selling inventory	CurrentChallenges Option		I need help in selling my inventory.							बने हुए माल / स्टॉक को बेचने में मदद चाहिए	बण्योड़ो माल बेचण में सहायता चाहिजे		Antigravity	09/26/2026 11:30:00
CH_SOCIAL_MEDIA_LEARN	Survey	CurrentChallenges	SectionE_Option, SubOption	Enum	I need help in learning use of social media	Need help learning social media	CurrentChallenges Option		I need help in learning use of social media							सोशल मीडिया और ऑनलाइन प्रचार सीखने में मदद चाहिए	सोशल मीडिया चलावण सीखणो चाहिजे		Antigravity	09/26/2026 11:30:00
CH_OTHER	Survey	CurrentChallenges	SectionE_Option, SubOption	Enum	Any other challenge	Any other challenge	CurrentChallenges Option		Any other, specify							अन्य कोई चुनौती (विवरण दें)	दूजी कोई अड़चन		Antigravity	09/26/2026 11:30:00
Q_E_04	Survey	CurrentChallenges	QuestionPrompt, SectionE	EnumList	Q4. What are the challenges you are facing now? (Multiselect)	Q4. What are the challenges you are facing now? (Multiselect)	Survey Question		Q4. What are the challenges you are facing now? (Multiselect)		CH_OSF_PHASED , CH_TIMELY_FUNDS , CH_BIGGER_MARKET , CH_SELLING_INVENTORY , CH_SOCIAL_MEDIA_LEARN , CH_OTHER					Q4. वर्तमान में आप किन प्रमुख चुनौतियों का सामना कर रही हैं? (बहु-चयन)	Q4. आज रै टेम में थारे सामनै कांई अड़चनां है?		Antigravity	09/26/2026 11:30:00
Q_E_05_01	Survey	Competitors_Similar_Scale	QuestionPrompt, SectionE	Number	Same business scale ______	Same business scale ______	Survey Question		Same business scale ______							समान स्तर के व्यवसाय की संख्या ______	बराबर रा धंधेदार ______		Antigravity	09/26/2026 11:30:00
Q_E_05_02	Survey	Competitors_Smaller_Scale	QuestionPrompt, SectionE	Number	Smaller business scale than yours_______	Smaller business scale than yours_______	Survey Question		Smaller business scale than yours_______							आपसे छोटे स्तर के व्यवसाय की संख्या _______	छोटा धंधेदार _______		Antigravity	09/26/2026 11:30:00
Q_E_05_03	Survey	Competitors_Higher_Scale	QuestionPrompt, SectionE	Number	Higher business scale than yours_________	Higher business scale than yours_________	Survey Question		Higher business scale than yours_________							आपसे बड़े स्तर के व्यवसाय की संख्या _________	बड़ा धंधेदार _________		Antigravity	09/26/2026 11:30:00
ADV_BETTER_LOC	Survey	CompetitorAdvantages	SectionE_Option, SubOption	Enum	I operate from a better location	Operate from better location	CompetitorAdvantages Option		I operate from a better location							मेरी दुकान बेहतर और चलती जगह पर है	म्हारी दुकान घणी अच्छी जगा पै है		Antigravity	09/26/2026 11:30:00
ADV_SHOP_VS_HOME	Survey	CompetitorAdvantages	SectionE_Option, SubOption	Enum	I operate from a shop while they operate from home	Operate from shop vs home	CompetitorAdvantages Option		I operate from a shop while they operate from home							मेरी पक्की दुकान है जबकि वे घर से काम करते हैं	म्हारी दुकान है अर बांको घर सूं काम है		Antigravity	09/26/2026 11:30:00
ADV_VARIETY	Survey	CompetitorAdvantages	SectionE_Option, SubOption	Enum	I offer a wide variety of products/services	Wide variety of products/services	CompetitorAdvantages Option		I offer a wide variety of products/services							मेरे पास माल और वैरायटी ज्यादा है	म्हारे कनै माल री वैरायटी घणी है		Antigravity	09/26/2026 11:30:00
ADV_DISCOUNTS	Survey	CompetitorAdvantages	SectionE_Option, SubOption	Enum	I offer discounts and still able to make profit	Offer discounts & make profit	CompetitorAdvantages Option		I offer discounts and still able to make profit							मैं छूट (डिस्काउंट) देती हूँ फिर भी मुनाफा कमाती हूँ	म्हे छूट दे’र भी नफो कमा लेवां		Antigravity	09/26/2026 11:30:00
ADV_QUALITY	Survey	CompetitorAdvantages	SectionE_Option, SubOption	Enum	I offer better quality of products/services	Better quality of products/services	CompetitorAdvantages Option		I offer better quality of products/services							मेरे उत्पादों/सेवाओं की गुणवत्ता बेहतर है	म्हारा माल री क्वालिटी घणी बढ़िया है		Antigravity	09/26/2026 11:30:00
ADV_CREDIT	Survey	CompetitorAdvantages	SectionE_Option, SubOption	Enum	I sell my products/services on credit	Sell on credit	CompetitorAdvantages Option		I sell my products/services on credit							मैं ग्राहकों को उधारी की सुविधा देती हूँ	म्हे गिरायकां ने उधारी री सुविधा देवां		Antigravity	09/26/2026 11:30:00
ADV_FAST_DELIVERY	Survey	CompetitorAdvantages	SectionE_Option, SubOption	Enum	I take less time to supply products/deliver services	Less time to deliver	CompetitorAdvantages Option		I take less time to supply products/deliver services							मैं कम समय में माल तैयार/डिलीवर कर देती हूँ	म्हे जल्दी माल तैयार कर’र दे देवां		Antigravity	09/26/2026 11:30:00
ADV_SOCIAL_MEDIA	Survey	CompetitorAdvantages	SectionE_Option, SubOption	Enum	I use social media to market my products/services	Use social media to market	CompetitorAdvantages Option		I use social media to market my products/services							मैं सोशल मीडिया का उपयोग करके प्रचार करती हूँ	म्हे सोशल मीडिया पै प्रचार करां		Antigravity	09/26/2026 11:30:00
ADV_OTHER	Survey	CompetitorAdvantages	SectionE_Option, SubOption	Enum	Any other advantage	Any other advantage	CompetitorAdvantages Option		Any other, specify							अन्य कोई विशेषता (विवरण दें)	दूजी कोई खासियत		Antigravity	09/26/2026 11:30:00
ADV_NONE	Survey	CompetitorAdvantages	SectionE_Option, SubOption	Enum	I don't have any advantage	No advantage	CompetitorAdvantages Option		I don't have any advantage							कोई विशेष फायदा नहीं है	कोई खास बात कोनी		Antigravity	09/26/2026 11:30:00
Q_E_06	Survey	CompetitorAdvantages	QuestionPrompt, SectionE	EnumList	Q6. What advantage do you have over your competitors? (Multiselect)	Q6. What advantage do you have over your competitors? (Multiselect)	Survey Question		Q6. What advantage do you have over your competitors? (Multiselect)		ADV_BETTER_LOC , ADV_SHOP_VS_HOME , ADV_VARIETY , ADV_DISCOUNTS , ADV_QUALITY , ADV_CREDIT , ADV_FAST_DELIVERY , ADV_SOCIAL_MEDIA , ADV_OTHER , ADV_NONE					Q6. प्रतिस्पर्धियों (अन्य दुकानदारों) की तुलना में आपकी क्या विशेषताएं/फायदे हैं? (बहु-चयन)	Q6. दूजा दुकानदारां सूं थारे में कांई खास बात है?		Antigravity	09/26/2026 11:30:00
EXP_BETTER_LOC	Survey	FutureExpansionPlans	SectionF_Option, SubOption	Enum	I want to shift to a better location	Shift to better location	FutureExpansionPlans Option		I want to shift to a better location							बेहतर स्थान पर दुकान शिफ्ट करना चाहती हूँ	अच्छी जगा पै दुकान ले जावणी चाहवां		Antigravity	09/26/2026 11:30:00
EXP_ATTRACTIVE_SHOP	Survey	FutureExpansionPlans	SectionF_Option, SubOption	Enum	I want to make my shop/premise more attractive to customers	Make shop more attractive	FutureExpansionPlans Option		I want to make my shop/premise more attractive to customers							दुकान को अधिक सुंदर व आकर्षक बनाना चाहती हूँ	दुकान ने और बढ़िया सजावणी चाहवां		Antigravity	09/26/2026 11:30:00
EXP_SAME_LOC_SCALE	Survey	FutureExpansionPlans	SectionF_Option, SubOption	Enum	I want to expand my current business at the same location (more stock/customers/scale)	Expand current business at same location	FutureExpansionPlans Option		I want to expand my current business at the same location (more stock/customers/scale)							इसी जगह पर व्यवसाय और स्टॉक बढ़ाना चाहती हूँ	ई जगा पै माल अर धंधो बढ़ावणो चाहवां		Antigravity	09/26/2026 11:30:00
EXP_OPEN_BRANCH	Survey	FutureExpansionPlans	SectionF_Option, SubOption	Enum	I want to open a branch/second unit of the same business elsewhere	Open branch / second unit	FutureExpansionPlans Option		I want to open a branch/second unit of the same business elsewhere							दूसरी जगह एक और शाखा/यूनिट खोलना चाहती हूँ	दूजी जगा एक और दुकान खोलणी चाहवां		Antigravity	09/26/2026 11:30:00
EXP_DIVERSIFY	Survey	FutureExpansionPlans	SectionF_Option, SubOption	Enum	I want to diversify into a related product/service (e.g., add new items to sell)	Diversify into related products/services	FutureExpansionPlans Option		I want to diversify into a related product/service (e.g., add new items to sell)							नया मिलता-जुलता सामान/सेवा जोड़ना चाहती हूँ	नयो सामान/काम जोड़नो चाहवां		Antigravity	09/26/2026 11:30:00
EXP_SECOND_VENTURE	Survey	FutureExpansionPlans	SectionF_Option, SubOption	Enum	I want to start a completely different, second enterprise	Start different second enterprise	FutureExpansionPlans Option		I want to start a completely different, second enterprise							एक बिल्कुल अलग नया व्यवसाय शुरू करना चाहती हूँ	एक न्यारो ई नयो काम सरू करनो चाहवां		Antigravity	09/26/2026 11:30:00
EXP_FORMALISE	Survey	FutureExpansionPlans	SectionF_Option, SubOption	Enum	I want to formalise my business (registration, GST, etc.) to access more/larger customers	Formalise business (GST, registrations)	FutureExpansionPlans Option		I want to formalise my business (registration, GST, etc.) to access more/larger customers							व्यवसाय का औपचारिक पंजीकरण (GST आदि) कराना चाहती हूँ	दुकान रो पक्को रजिस्ट्रेशन/GST करावणी चाहवां		Antigravity	09/26/2026 11:30:00
EXP_ONLINE_MARKETS	Survey	FutureExpansionPlans	SectionF_Option, SubOption	Enum	I want to move from local/door-to-door sales to online or wider markets	Move to online / wider markets	FutureExpansionPlans Option		I want to move from local/door-to-door sales to online or wider markets							स्थानीय से ऑनलाइन या बड़े बाजारों में जाना चाहती हूँ	ऑनलाइन या बड़ा बजार में माल बेचणो चाहवां		Antigravity	09/26/2026 11:30:00
EXP_HIRE_HELP	Survey	FutureExpansionPlans	SectionF_Option, SubOption	Enum	I want to hire more people to help run the business	Hire more people	FutureExpansionPlans Option		I want to hire more people to help run the business							काम के लिए और लोगों को नौकरी पर रखना चाहती हूँ	काम सारू और मजदूरां ने राखणी चाहवां		Antigravity	09/26/2026 11:30:00
EXP_HANDOVER_FAMILY	Survey	FutureExpansionPlans	SectionF_Option, SubOption	Enum	I want to hand over the business to a family member and reduce my own involvement	Handover to family member	FutureExpansionPlans Option		I want to hand over the business to a family member and reduce my own involvement							व्यवसाय परिवार के किसी सदस्य को सौंपना चाहती हूँ	काम घर वाळां ने संभळावणो चाहवां		Antigravity	09/26/2026 11:30:00
EXP_SATISFIED_NO_EXP	Survey	FutureExpansionPlans	SectionF_Option, SubOption	Enum	I am satisfied with the current scale and don't want to expand	Satisfied, don't want to expand	FutureExpansionPlans Option		I am satisfied with the current scale and don't want to expand							वर्तमान स्थिति से संतुष्ट हूँ, विस्तार नहीं करना	अबै जत्तो है बीं सूं राजी हां		Antigravity	09/26/2026 11:30:00
EXP_SHUT_DOWN	Survey	FutureExpansionPlans	SectionF_Option, SubOption	Enum	I want to shut down or exit this enterprise	Want to shut down / exit	FutureExpansionPlans Option		I want to shut down or exit this enterprise							व्यवसाय बंद करना चाहती हूँ	काम-धंधो बंद करनो चाहवां		Antigravity	09/26/2026 11:30:00
EXP_OTHER	Survey	FutureExpansionPlans	SectionF_Option, SubOption	Enum	Other plan (Specify)	Other plan (Specify)	FutureExpansionPlans Option		Any other, specify							अन्य कोई योजना (विवरण दें)	दूजी कोई योजना		Antigravity	09/26/2026 11:30:00
EXP_CANT_SAY	Survey	FutureExpansionPlans	SectionF_Option, SubOption	Enum	Can't say / haven't thought about it	Can't say / haven't thought	FutureExpansionPlans Option		Can't say / haven't thought about it							कुछ कह नहीं सकती / सोचा नहीं है	कांई ठा / सोच्यो कोनी		Antigravity	09/26/2026 11:30:00
Q_F_01	Survey	FutureExpansionPlans	QuestionPrompt, SectionF	Enum	Q1. For next one year, what are your plans to increase the scale of your business?	Q1. For next one year, what are your plans to increase the scale of your business?	Survey Question		Q1. For next one year, what are your plans to increase the scale of your business?		EXP_BETTER_LOC , EXP_ATTRACTIVE_SHOP , EXP_SAME_LOC_SCALE , EXP_OPEN_BRANCH , EXP_DIVERSIFY , EXP_SECOND_VENTURE , EXP_FORMALISE , EXP_ONLINE_MARKETS , EXP_HIRE_HELP , EXP_HANDOVER_FAMILY , EXP_SATISFIED_NO_EXP , EXP_SHUT_DOWN , EXP_OTHER , EXP_CANT_SAY					Q1. अगले एक वर्ष में अपने व्यवसाय को बढ़ाने के लिए आपकी क्या योजनाएं हैं?	Q1. आवणिया एक साल में धंधो बढ़ावण री कांई योजना है?		Antigravity	09/26/2026 11:30:00
BOT_CAPITAL	Survey	AspirationBottlenecks	SectionF_Option, SubOption	Enum	Lack of capital / funds	Lack of capital / funds	AspirationBottlenecks Option		Lack of capital/funds							पूंजी / पैसों की कमी	पैशां री कमी		Antigravity	09/26/2026 11:30:00
BOT_FAMILY_SUPPORT	Survey	AspirationBottlenecks	SectionF_Option, SubOption	Enum	Lack of family support/time due to household responsibilities	Lack of family support / time	AspirationBottlenecks Option		Lack of family support/time due to household responsibilities							पारिवारिक सहयोग की कमी या घरेलू जिम्मेदारियां	घर रो टेम नी मिल पावै		Antigravity	09/26/2026 11:30:00
BOT_MARKET_ACCESS	Survey	AspirationBottlenecks	SectionF_Option, SubOption	Enum	Lack of market access/demand beyond current customer base	Lack of market access / demand	AspirationBottlenecks Option		Lack of market access/demand beyond current customer base							बाजार तक पहुंच या मांग की कमी	बजार री पहुंच कोनी		Antigravity	09/26/2026 11:30:00
BOT_SKILLS_TRAINING	Survey	AspirationBottlenecks	SectionF_Option, SubOption	Enum	Lack of skills/training needed for the next step	Lack of skills / training	AspirationBottlenecks Option		Lack of skills/training needed for the next step							आगे बढ़ने के लिए जरूरी हुनर/प्रशिक्षण की कमी	ट्रेनिंग / हुनर री कमी		Antigravity	09/26/2026 11:30:00
BOT_HEALTH_PERSONAL	Survey	AspirationBottlenecks	SectionF_Option, SubOption	Enum	Health or personal constraints	Health or personal constraints	AspirationBottlenecks Option		Health or personal constraints							स्वास्थ्य या व्यक्तिगत परेशानियां	तबीयत या निजी परेशानी		Antigravity	09/26/2026 11:30:00
BOT_NOTHING_WORKING	Survey	AspirationBottlenecks	SectionF_Option, SubOption	Enum	Nothing is holding me back, I am already working towards it	Nothing holding back, working towards it	AspirationBottlenecks Option		Nothing is holding me back, I am already working towards it							कोई रुकावट नहीं है, मैं इस पर काम कर रही हूँ	कोई रुकावट कोनी, म्हे काम कर री हां		Antigravity	09/26/2026 11:30:00
BOT_OTHER	Survey	AspirationBottlenecks	SectionF_Option, SubOption	Enum	Any other bottleneck	Any other bottleneck	AspirationBottlenecks Option		Any other, specify							अन्य कोई कारण (विवरण दें)	दूजो कोई कारण		Antigravity	09/26/2026 11:30:00
Q_F_02	Survey	AspirationBottlenecks	QuestionPrompt, SectionF	EnumList	Q2. What is holding you back from pursuing these aspirations? (Multiselect)	Q2. What is holding you back from pursuing these aspirations? (Multiselect)	Survey Question		Q2. What is holding you back from pursuing these aspirations? (Multiselect)		BOT_CAPITAL , BOT_FAMILY_SUPPORT , BOT_MARKET_ACCESS , BOT_SKILLS_TRAINING , BOT_HEALTH_PERSONAL , BOT_NOTHING_WORKING , BOT_OTHER					Q2. इन आकांक्षाओं/योजनाओं को पूरा करने में क्या बाधाएं आ रही हैं? (बहु-चयन)	Q2. योजनावां पूरी करण में कांई रुकावट आ री है?		Antigravity	09/26/2026 11:30:00
FND_UPTO_1L	Survey	FutureFundsRequired	SectionF_Option, SubOption	Enum	Upto Rs 1,00,000	Upto Rs 1,00,000	FutureFundsRequired Option		Upto Rs 1,00,000							₹1,00,000 तक	1 लाख तांई		Antigravity	09/26/2026 11:30:00
FND_1L_3L	Survey	FutureFundsRequired	SectionF_Option, SubOption	Enum	Rs 1,00,001 to Rs 3,00,000	Rs 1,00,001 to Rs 3,00,000	FutureFundsRequired Option		Rs 1,00,001-Rs 3,00,000							₹1,00,001 से ₹3,00,000	1 सूं 3 लाख तांई		Antigravity	09/26/2026 11:30:00
FND_3L_5L	Survey	FutureFundsRequired	SectionF_Option, SubOption	Enum	Rs 3,00,001 to Rs 5,00,000	Rs 3,00,001 to Rs 5,00,000	FutureFundsRequired Option		Rs 3,00,001-Rs 5,00,000							₹3,00,001 से ₹5,00,000	3 सूं 5 लाख तांई		Antigravity	09/26/2026 11:30:00
FND_5L_7L	Survey	FutureFundsRequired	SectionF_Option, SubOption	Enum	Rs 5,00,001 to Rs 7,00,000	Rs 5,00,001 to Rs 7,00,000	FutureFundsRequired Option		Rs 5,00,001-Rs 7,00,000							₹5,00,001 से ₹7,00,000	5 सूं 7 लाख तांई		Antigravity	09/26/2026 11:30:00
FND_7L_9L	Survey	FutureFundsRequired	SectionF_Option, SubOption	Enum	Rs 7,00,001 to Rs 9,00,000	Rs 7,00,001 to Rs 9,00,000	FutureFundsRequired Option		Rs 7,00,001-Rs 9,00,000							₹7,00,001 से ₹9,00,000	7 सूं 9 लाख तांई		Antigravity	09/26/2026 11:30:00
FND_GT_9L	Survey	FutureFundsRequired	SectionF_Option, SubOption	Enum	More than Rs 9,00,000	More than Rs 9,00,000	FutureFundsRequired Option		More than 9,00,000							₹9,00,000 से अधिक	9 लाख सूं बत्ती		Antigravity	09/26/2026 11:30:00
Q_F_03	Survey	FutureFundsRequired	QuestionPrompt, SectionF	Enum	Q3. How much funds do you need to fund your plan?	Q3. How much funds do you need to fund your plan?	Survey Question		Q3. How much funds do you need to fund your plan?		FND_UPTO_1L , FND_1L_3L , FND_3L_5L , FND_5L_7L , FND_7L_9L , FND_GT_9L					Q3. अपनी योजना को पूरा करने के लिए आपको कितने फंड/पूंजी की आवश्यकता है?	Q3. योजना सारू कित्ता पैशां री जरूरत है?		Antigravity	09/26/2026 11:30:00
OPT_YES	Survey	AttendedTraining	SectionG_Option, SubOption	Enum	Yes	Yes	AttendedTraining Option		Yes							हाँ	हाँ		Antigravity	09/26/2026 11:30:00
OPT_NO	Survey	AttendedTraining	SectionG_Option, SubOption	Enum	No	No	AttendedTraining Option		No							नहीं	नी		Antigravity	09/26/2026 11:30:00
Q_G_01	Survey	AttendedTraining	QuestionPrompt, SectionG	Enum	Q1. Have you attended any training under SVEP/OSF?	Q1. Have you attended any training under SVEP/OSF?	Survey Question		Q1. Have you attended any training under SVEP/OSF?		OPT_YES , OPT_NO					Q1. क्या आपने SVEP/OSF के तहत कोई प्रशिक्षण लिया है?	Q1. कांई थे योजना में कोई ट्रेनिंग ली ही?		Antigravity	09/26/2026 11:30:00
Q_G_02	Survey	TrainingDetails	QuestionPrompt, SectionG	Text	Q2. If Yes, specify__________	Q2. If Yes, specify__________	Survey Question		Q2. If Yes, specify__________							Q2. यदि हाँ, तो विवरण दें__________	Q2. हाँ तो ब्यौरो दो__________		Antigravity	09/26/2026 11:30:00
OPT_YES	Survey	UsedTrainingComponent	SectionG_Option, SubOption	Enum	Yes	Yes	UsedTrainingComponent Option		Yes							हाँ	हाँ		Antigravity	09/26/2026 11:30:00
OPT_NO	Survey	UsedTrainingComponent	SectionG_Option, SubOption	Enum	No	No	UsedTrainingComponent Option		No							नहीं	नी		Antigravity	09/26/2026 11:30:00
Q_G_03	Survey	UsedTrainingComponent	QuestionPrompt, SectionG	Enum	Q3. Did you use any training component in your enterprise?	Q3. Did you use any training component in your enterprise?	Survey Question		Q3. Did you use any training component in your enterprise?		OPT_YES , OPT_NO					Q3. क्या आपने प्रशिक्षण की सीख का उपयोग अपने उद्यम में किया?	Q3. कांई ट्रेनिंग री सीख काम में ली?		Antigravity	09/26/2026 11:30:00
Q_G_04	Survey	UsedTrainingDetails	QuestionPrompt, SectionG	Text	Q4. If Yes, specify__________	Q4. If Yes, specify__________	Survey Question		Q4. If Yes, specify__________							Q4. यदि हाँ, तो विवरण दें__________	Q4. हाँ तो ब्यौरो दो__________		Antigravity	09/26/2026 11:30:00
Q_G_05_01	Survey	MonthlyIncomeBeforeLoan	QuestionPrompt, SectionG	Number	Income before the changes: Rs-------	Income before the changes: Rs-------	Survey Question		Income before the changes: Rs-------							ऋण/बदलाव से पहले मासिक आय: ₹-------	बदलाव सूं पैली आमदनी: ₹-------		Antigravity	09/26/2026 11:30:00
Q_G_05_02	Survey	MonthlyIncomeAfterLoan	QuestionPrompt, SectionG	Number	Income after the changes: Rs---------	Income after the changes: Rs---------	Survey Question		Income after the changes: Rs---------							ऋण/बदलाव के बाद मासिक आय: ₹---------	बदलाव रै बाद आमदनी: ₹---------		Antigravity	09/26/2026 11:30:00
INC_UPTO_2K	Survey	MonthlyIncomeIncreaseByOSFSVEP	SectionG_Option, SubOption	Enum	Upto Rs 2000	Upto Rs 2000	MonthlyIncomeIncreaseByOSFSVEP Option		Upto Rs 2000							₹2,000 तक	2000 तांई		Antigravity	09/26/2026 11:30:00
INC_2K_3K	Survey	MonthlyIncomeIncreaseByOSFSVEP	SectionG_Option, SubOption	Enum	Rs 2000 to Rs 3000	Rs 2000 to Rs 3000	MonthlyIncomeIncreaseByOSFSVEP Option		Rs 2000 to Rs 3000							₹2,000 से ₹3,000	2000 सूं 3000		Antigravity	09/26/2026 11:30:00
INC_3K_4K	Survey	MonthlyIncomeIncreaseByOSFSVEP	SectionG_Option, SubOption	Enum	Rs 3000 to Rs 4000	Rs 3000 to Rs 4000	MonthlyIncomeIncreaseByOSFSVEP Option		Rs 3000 to Rs 4000							₹3,000 से ₹4,000	3000 सूं 4000		Antigravity	09/26/2026 11:30:00
INC_4K_5K	Survey	MonthlyIncomeIncreaseByOSFSVEP	SectionG_Option, SubOption	Enum	Rs 4000 to Rs 5000	Rs 4000 to Rs 5000	MonthlyIncomeIncreaseByOSFSVEP Option		Rs 4000 to Rs 5000							₹4,000 से ₹5,000	4000 सूं 5000		Antigravity	09/26/2026 11:30:00
INC_5K_6K	Survey	MonthlyIncomeIncreaseByOSFSVEP	SectionG_Option, SubOption	Enum	Rs 5000 to Rs 6000	Rs 5000 to Rs 6000	MonthlyIncomeIncreaseByOSFSVEP Option		Rs 5000 to Rs 6000							₹5,000 से ₹6,000	5000 सूं 6000		Antigravity	09/26/2026 11:30:00
INC_GT_6K	Survey	MonthlyIncomeIncreaseByOSFSVEP	SectionG_Option, SubOption	Enum	Above Rs 6000	Above Rs 6000	MonthlyIncomeIncreaseByOSFSVEP Option		Above Rs 6000							₹6,000 से अधिक	6000 सूं बत्ती		Antigravity	09/26/2026 11:30:00
INC_CANT_SAY	Survey	MonthlyIncomeIncreaseByOSFSVEP	SectionG_Option, SubOption	Enum	Cant say	Cant say	MonthlyIncomeIncreaseByOSFSVEP Option		Cant say							कह नहीं सकती	ठा नी		Antigravity	09/26/2026 11:30:00
Q_G_06	Survey	MonthlyIncomeIncreaseByOSFSVEP	QuestionPrompt, SectionG	Enum	Q6. Can you specify the amount by which your average monthly income has increased directly due to changes brought by OSF/SVEP loans?	Q6. Can you specify the amount by which your average monthly income has increased directly due to changes brought by OSF/SVEP loans?	Survey Question		Q6. Can you specify the amount by which your average monthly income has increased directly due to changes brought by OSF/SVEP loans?		INC_UPTO_2K , INC_2K_3K , INC_3K_4K , INC_4K_5K , INC_5K_6K , INC_GT_6K , INC_CANT_SAY					Q6. OSF/SVEP ऋण और बदलावों से आपकी औसत मासिक आय में कितनी वृद्धि हुई?	Q6. योजना रै लोन सूं महिने री कमाई कित्ती बढ़ी?		Antigravity	09/26/2026 11:30:00
CRP_SUBSIDY	Survey	CRPContributions	SectionG_Option, SubOption	Enum	Accessing subsidy	Accessing subsidy	CRPContributions Option		Accessing subsidy							सब्सिडी/अनुदान दिलाने में मदद की	सब्सिडी देवावण में मदद करी		Antigravity	09/26/2026 11:30:00
CRP_DOCS	Survey	CRPContributions	SectionG_Option, SubOption	Enum	Getting necessary documents. Specify Aadhar/PAN Card/Income certificate/Caste certificate/Udhayam aadhar/ FSSAI certificate/Shop registration	Getting necessary documents (PAN/Aadhar/Udyam/FSSAI)	CRPContributions Option		Getting necessary documents. Specify Aadhar/PAN Card/Income certificate/Caste certificate/Udhayam aadhar/ FSSAI certificate/Shop registration							जरूरी दस्तावेज और लाइसेंस बनवाने में मदद की	कागज अर लाइसेंस बणावण में मदद करी		Antigravity	09/26/2026 11:30:00
CRP_BIZ_PLAN	Survey	CRPContributions	SectionG_Option, SubOption	Enum	They helped us to understand business plans	Helped understand business plans	CRPContributions Option		They helped us to understand business plans							बिजनेस प्लान और व्यवसाय को समझने में मदद की	बिजनेस प्लान समझावण में मदद करी		Antigravity	09/26/2026 11:30:00
CRP_PROFIT_IDEAS	Survey	CRPContributions	SectionG_Option, SubOption	Enum	They gave us new ideas to improve our profit.	Gave new ideas to improve profit	CRPContributions Option		They gave us new ideas to improve our profit.							मुनाफा बढ़ाने के नए उपाय बताए	नफो बढ़ावण रा नया विचार दिया		Antigravity	09/26/2026 11:30:00
CRP_RECORDS	Survey	CRPContributions	SectionG_Option, SubOption	Enum	They trained us on maintaining records which we didn’t know earlier	Trained on maintaining records	CRPContributions Option		They trained us on maintaining records which we didn’t know earlier							बही-खाता और हिसाब-किताब रखने का प्रशिक्षण दिया	हिसाब-किताब राखणो सिखायो		Antigravity	09/26/2026 11:30:00
CRP_BANK_LOAN	Survey	CRPContributions	SectionG_Option, SubOption	Enum	They helped in accessing loans from bank	Helped accessing loans from bank	CRPContributions Option		They helped in accessing loans from bank							बैंक से ऋण दिलाने में मदद की	बैंक सूं लोन देवावण में मदद करी		Antigravity	09/26/2026 11:30:00
CRP_COMM_SKILLS	Survey	CRPContributions	SectionG_Option, SubOption	Enum	They helped in our communication skills	Helped in communication skills	CRPContributions Option		They helped in our communication skills							बातचीत और संवाद कौशल सुधारने में मदद की	बोलचाल अर व्यवहार सिखायो		Antigravity	09/26/2026 11:30:00
CRP_MARKETING	Survey	CRPContributions	SectionG_Option, SubOption	Enum	They helped in marketing	Helped in marketing	CRPContributions Option		They helped in marketing							प्रचार-प्रसार और मार्केटिंग में मदद की	प्रचार-प्रसार में मदद करी		Antigravity	09/26/2026 11:30:00
CRP_INSTAGRAM	Survey	CRPContributions	SectionG_Option, SubOption	Enum	They helped in learning use of instagram	Helped learning use of Instagram	CRPContributions Option		They helped in learning use of instagram							इंस्टाग्राम और सोशल मीडिया का उपयोग सिखाया	इंस्टाग्राम चलावणो सिखायो		Antigravity	09/26/2026 11:30:00
CRP_COMPETITORS	Survey	CRPContributions	SectionG_Option, SubOption	Enum	They helped us to understand our competitors and suggested ways to beat the competition.	Helped understand competitors & strategies	CRPContributions Option		They helped us to understand our competitors and suggested ways to beat the competition.							प्रतिस्पर्धियों को समझने और आगे बढ़ने के उपाय बताए	दूजा दुकानदारां सूं आगे बढ़ण रा उपाय बताया		Antigravity	09/26/2026 11:30:00
Q_G_07	Survey	CRPContributions	QuestionPrompt, SectionG	EnumList	Q7. What has been the contribution of SVEP/OSF CRP in your enterprise? (Multiselect)	Q7. What has been the contribution of SVEP/OSF CRP in your enterprise? (Multiselect)	Survey Question		Q7. What has been the contribution of SVEP/OSF CRP in your enterprise? (Multiselect)		CRP_SUBSIDY , CRP_DOCS , CRP_BIZ_PLAN , CRP_PROFIT_IDEAS , CRP_RECORDS , CRP_BANK_LOAN , CRP_COMM_SKILLS , CRP_MARKETING , CRP_INSTAGRAM , CRP_COMPETITORS					Q7. आपके उद्यम में SVEP/OSF CRP (उद्यम मित्र) का क्या योगदान रहा है? (बहु-चयन)	Q7. थारे धंधे में सीआरपी दीदी रो कांई योगदान रह्यो?		Antigravity	09/26/2026 11:30:00
EXP_BIGGER_LOAN	Survey	ExpectationsFromScheme	SectionG_Option, SubOption	Enum	Need bigger loan amount	Need bigger loan amount	ExpectationsFromScheme Option		Need bigger loan amount							बड़ी ऋण राशि (लोन) की आवश्यकता है	बड़ा लोन री जरूरत है		Antigravity	09/26/2026 11:30:00
EXP_MUDRA_HELP	Survey	ExpectationsFromScheme	SectionG_Option, SubOption	Enum	Need help in accessing Mudra loan	Need help accessing Mudra loan	ExpectationsFromScheme Option		Need help in accessing Mudra loan							मुद्रा लोन (Mudra Loan) दिलाने में मदद चाहिए	मुद्रा लोन देवावण में मदद चाहिजे		Antigravity	09/26/2026 11:30:00
EXP_CRP_GUIDANCE	Survey	ExpectationsFromScheme	SectionG_Option, SubOption	Enum	Need more guidance of SBDP/SVEP CRPs	Need more guidance of CRPs	ExpectationsFromScheme Option		Need more guidance of SBDP/SVEP CRPs							CRP (उद्यम मित्र) का अधिक मार्गदर्शन चाहिए	सीआरपी रो और मार्गदर्शन चाहिजे		Antigravity	09/26/2026 11:30:00
EXP_BIGGER_MARKETS	Survey	ExpectationsFromScheme	SectionG_Option, SubOption	Enum	Need help to access bigger markets	Need help to access bigger markets	ExpectationsFromScheme Option		Need help to access bigger markets							बड़े बाजारों तक पहुंच में मदद चाहिए	बड़ा बजार तक पहुंच में मदद चाहिजे		Antigravity	09/26/2026 11:30:00
EXP_ONLINE_PURCHASE	Survey	ExpectationsFromScheme	SectionG_Option, SubOption	Enum	Need help with online purchase	Need help with online purchase	ExpectationsFromScheme Option		Need help with online purchase							ऑनलाइन कच्चा माल खरीदने में मदद चाहिए	ऑनलाइन माल खरीदण में मदद चाहिजे		Antigravity	09/26/2026 11:30:00
EXP_INSTA_HELP	Survey	ExpectationsFromScheme	SectionG_Option, SubOption	Enum	Need help with Instagram / social media	Need help with Instagram / social media	ExpectationsFromScheme Option		Need help with instagram							इंस्टाग्राम और सोशल मीडिया प्रचार में मदद चाहिए	इंस्टाग्राम चलावण में मदद चाहिजे		Antigravity	09/26/2026 11:30:00
EXP_BIZ_TRAININGS	Survey	ExpectationsFromScheme	SectionG_Option, SubOption	Enum	Need my business specific trainings	Need business specific trainings	ExpectationsFromScheme Option		Need my business specific trainings							मेरे व्यवसाय से संबंधित विशेष प्रशिक्षण चाहिए	म्हारे धंधे री खास ट्रेनिंग चाहिजे		Antigravity	09/26/2026 11:30:00
EXP_OTHER	Survey	ExpectationsFromScheme	SectionG_Option, SubOption	Enum	Any other expectation	Any other expectation	ExpectationsFromScheme Option		Any other, Specify							अन्य कोई अपेक्षा (विवरण दें)	दूजी कोई उम्मीद		Antigravity	09/26/2026 11:30:00
Q_G_08	Survey	ExpectationsFromScheme	QuestionPrompt, SectionG	EnumList	Q8. What are your expectations from the SVEP/OSF scheme?	Q8. What are your expectations from the SVEP/OSF scheme?	Survey Question		Q8. What are your expectations from the SVEP/OSF scheme?		EXP_BIGGER_LOAN , EXP_MUDRA_HELP , EXP_CRP_GUIDANCE , EXP_BIGGER_MARKETS , EXP_ONLINE_PURCHASE , EXP_INSTA_HELP , EXP_BIZ_TRAININGS , EXP_OTHER					Q8. SVEP/OSF योजना से आपकी क्या अपेक्षाएं हैं?	Q8. योजना सूं थारी कांई उम्मीद है?		Antigravity	09/26/2026 11:30:00
PHN_OWN	Survey	SmartphoneOwnership	SectionH_Option, SubOption	Enum	Yes, own a smartphone	Yes, own a smartphone	SmartphoneOwnership Option		Yes							हाँ, खुद का स्मार्टफोन है	हाँ, म्हारो खुद रो स्मार्टफोन है		Antigravity	09/26/2026 11:30:00
PHN_NO	Survey	SmartphoneOwnership	SectionH_Option, SubOption	Enum	No	No	SmartphoneOwnership Option		No							नहीं	नी		Antigravity	09/26/2026 11:30:00
PHN_FAMILY_ACCESS	Survey	SmartphoneOwnership	SectionH_Option, SubOption	Enum	No, but have access to family smartphone	No, but have access to family smartphone	SmartphoneOwnership Option		No, but i have access to smart phone							नहीं, लेकिन परिवार में स्मार्टफोन का उपयोग कर सकती हूँ	नी, पण घर में बड़ो फोन काम ले सकां		Antigravity	09/26/2026 11:30:00
Q_H_01	Survey	SmartphoneOwnership	QuestionPrompt, SectionH	Enum	Q1. Do you own a smart phone?	Q1. Do you own a smart phone?	Survey Question		Q1. Do you own a smart phone?		PHN_OWN , PHN_NO , PHN_FAMILY_ACCESS					Q1. क्या आपके पास स्मार्टफोन (टच वाला फोन) है?	Q1. कांई थारे कनै बड़ो फोन (स्मार्टफोन) है?		Antigravity	09/26/2026 11:30:00
OPT_YES	Survey	UseQRUPI	SectionH_Option, SubOption	Enum	Yes	Yes	UseQRUPI Option		Yes							हाँ	हाँ		Antigravity	09/26/2026 11:30:00
OPT_NO	Survey	UseQRUPI	SectionH_Option, SubOption	Enum	No	No	UseQRUPI Option		No							नहीं	नी		Antigravity	09/26/2026 11:30:00
Q_H_02	Survey	UseQRUPI	QuestionPrompt, SectionH	Enum	Q2. Do you use QR code/mobile banking for money transactions?	Q2. Do you use QR code/mobile banking for money transactions?	Survey Question		Q2. Do you use QR code/mobile banking for money transactions?		OPT_YES , OPT_NO					Q2. क्या आप पैसों के लेन-देन के लिए QR कोड / UPI (PhonePe, Paytm, GPay) का उपयोग करती हैं?	Q2. कांई थे QR कोड / फोन पे / गूगल पे काम में लेवो हो?		Antigravity	09/26/2026 11:30:00
QR_1_4	Survey	QRDailyTransactions	SectionH_Option, SubOption	Enum	1-4 transactions daily	1-4 transactions daily	QRDailyTransactions Option		1-4							1-4 लेन-देन	1-4 लेन-देन		Antigravity	09/26/2026 11:30:00
QR_5_10	Survey	QRDailyTransactions	SectionH_Option, SubOption	Enum	5-10 transactions daily	5-10 transactions daily	QRDailyTransactions Option		5-10							5-10 लेन-देन	5-10 लेन-देन		Antigravity	09/26/2026 11:30:00
QR_10_20	Survey	QRDailyTransactions	SectionH_Option, SubOption	Enum	10-20 transactions daily	10-20 transactions daily	QRDailyTransactions Option		10-20							10-20 लेन-देन	10-20 लेन-देन		Antigravity	09/26/2026 11:30:00
QR_20_40	Survey	QRDailyTransactions	SectionH_Option, SubOption	Enum	20-40 transactions daily	20-40 transactions daily	QRDailyTransactions Option		20-40							20-40 लेन-देन	20-40 लेन-देन		Antigravity	09/26/2026 11:30:00
QR_GT_40	Survey	QRDailyTransactions	SectionH_Option, SubOption	Enum	More than 40 transactions daily	More than 40 transactions daily	QRDailyTransactions Option		More than 40							40 से अधिक लेन-देन	40 सूं बत्ती		Antigravity	09/26/2026 11:30:00
Q_H_03	Survey	QRDailyTransactions	QuestionPrompt, SectionH	Enum	Q3. If yes, daily how many transactions in your business are done using QR code/mobile banking?	Q3. If yes, daily how many transactions in your business are done using QR code/mobile banking?	Survey Question		Q3. If yes, daily how many transactions in your business are done using QR code/mobile banking?		QR_1_4 , QR_5_10 , QR_10_20 , QR_20_40 , QR_GT_40					Q3. यदि हाँ, तो रोजाना व्यवसाय में QR कोड / UPI से लगभग कितने लेन-देन होते हैं?	Q3. हाँ तो रोज QR कोड सूं कित्ता लेन-देन होवै?		Antigravity	09/26/2026 11:30:00
NOQR_NO_PHONE	Survey	QRNonUseReason	SectionH_Option, SubOption	Enum	Since I don’t own smart phone, it is difficult to transact	Don't own smartphone, difficult to transact	QRNonUseReason Option		Since I don’t own smart phone, it is difficult to transact							स्मार्टफोन नहीं है, इसलिए लेन-देन करना कठिन है	स्मार्टफोन कोनी ई वास्ते लेन-देन नी होवै		Antigravity	09/26/2026 11:30:00
NOQR_FEW_CUSTOMERS	Survey	QRNonUseReason	SectionH_Option, SubOption	Enum	Not many customers use smart phone for payments	Not many customers use smartphone for payment	QRNonUseReason Option		Not many customers use smart phone for payments							अधिकतर ग्राहक ऑनलाइन पेमेंट नहीं करते	घणा गिराहक ऑनलाइन पेमेंट कोनी करै		Antigravity	09/26/2026 11:30:00
NOQR_DONT_KNOW_HOW	Survey	QRNonUseReason	SectionH_Option, SubOption	Enum	I don’t know how to use and monitor transactions with QR code/mobile banking	Don't know how to use / monitor QR transactions	QRNonUseReason Option		I don’t know how to use and monitor transactions with QR code/mobile banking							मुझे QR कोड चलाना और चेक करना नहीं आता	म्हाने QR कोड चलावणो नी आवै		Antigravity	09/26/2026 11:30:00
NOQR_NOT_APPLICABLE	Survey	QRNonUseReason	SectionH_Option, SubOption	Enum	Not applicable	Not applicable	QRNonUseReason Option		Not applicable							लागू नहीं	लागू कोनी		Antigravity	09/26/2026 11:30:00
Q_H_04	Survey	QRNonUseReason	QuestionPrompt, SectionH	Enum	Q4. If no, reason for not using QR code/mobile banking for money related transactions	Q4. If no, reason for not using QR code/mobile banking for money related transactions	Survey Question		Q4. If no, reason for not using QR code/mobile banking for money related transactions		NOQR_NO_PHONE , NOQR_FEW_CUSTOMERS , NOQR_DONT_KNOW_HOW , NOQR_NOT_APPLICABLE					Q4. यदि नहीं, तो QR कोड / मोबाइल बैंकिंग का उपयोग न करने का क्या कारण है?	Q4. नी तो QR कोड नी काम लेवण रो कारण		Antigravity	09/26/2026 11:30:00
SMM_WHATSAPP_ORDERS	Survey	SocialMediaForMarketing	SectionH_Option, SubOption	Enum	I regularly share images on whatsapp to get orders	Regularly share images on WhatsApp to get orders	SocialMediaForMarketing Option		I regularly share images on whatsapp to get orders							व्हाट्सएप पर नियमित फोटो भेजकर ऑर्डर लेती हूँ	व्हाट्सएप पै फोटो भेज’र आर्डर लेवां		Antigravity	09/26/2026 11:30:00
SMM_INSTA_ORDERS	Survey	SocialMediaForMarketing	SectionH_Option, SubOption	Enum	I regularly share images/reels on instagram to get orders	Regularly share images/reels on Instagram	SocialMediaForMarketing Option		I regularly share images/reels on instagram to get orders							इंस्टाग्राम पर नियमित फोटो/रील डालकर ऑर्डर लेती हूँ	इंस्टाग्राम पै फोटो/रील डाल’र आर्डर लेवां		Antigravity	09/26/2026 11:30:00
SMM_NO_SMARTPHONE	Survey	SocialMediaForMarketing	SectionH_Option, SubOption	Enum	It is important but I don’t have access to smart phone	Important, but don't have smartphone	SocialMediaForMarketing Option		It is important but I don’t have access to smart phone							जरूरी है लेकिन मेरे पास स्मार्टफोन नहीं है	जरूरी है पण म्हारै कनै बड़ो फोन कोनी		Antigravity	09/26/2026 11:30:00
SMM_DONT_KNOW_USE	Survey	SocialMediaForMarketing	SectionH_Option, SubOption	Enum	I do not use because I don't know how to use whatsapp/ instagram	Don't know how to use WhatsApp / Instagram	SocialMediaForMarketing Option		I do not use because I don't know how to use whatsapp/ instagram							उपयोग नहीं करती क्योंकि मुझे चलाना नहीं आता	म्हाने चलावणो कोनी आवै		Antigravity	09/26/2026 11:30:00
SMM_NO_TIME_LEARN	Survey	SocialMediaForMarketing	SectionH_Option, SubOption	Enum	I don't have time to learn and use social media	Don't have time to learn and use	SocialMediaForMarketing Option		I don't have time to learn and use social media							सीखने और चलाने का समय नहीं मिलता	सीखण रो टेम कोनी मिलै		Antigravity	09/26/2026 11:30:00
SMM_DONT_WANT	Survey	SocialMediaForMarketing	SectionH_Option, SubOption	Enum	I don't want to use social media	Don't want to use social media	SocialMediaForMarketing Option		I don't want to use social media							मैं सोशल मीडिया का उपयोग नहीं करना चाहती	म्हे काम में नी लेवणो चाहवां		Antigravity	09/26/2026 11:30:00
SMM_OTHER	Survey	SocialMediaForMarketing	SectionH_Option, SubOption	Enum	Any other, specify	Any other reason	SocialMediaForMarketing Option		Any other, specify							अन्य कोई कारण (विवरण दें)	दूजो कोई कारण		Antigravity	09/26/2026 11:30:00
Q_H_05	Survey	SocialMediaForMarketing	QuestionPrompt, SectionH	Enum	Q5. Do you use social media for marketing?	Q5. Do you use social media for marketing?	Survey Question		Q5. Do you use social media for marketing?		SMM_WHATSAPP_ORDERS , SMM_INSTA_ORDERS , SMM_NO_SMARTPHONE , SMM_DONT_KNOW_USE , SMM_NO_TIME_LEARN , SMM_DONT_WANT , SMM_OTHER					Q5. क्या आप प्रचार और मार्केटिंग के लिए सोशल मीडिया का उपयोग करती हैं?	Q5. कांई थे प्रचार सारू सोशल मीडिया काम में लेवो हो?		Antigravity	09/26/2026 11:30:00
SMP_WHATSAPP	Survey	SocialPlatformsUsed	SectionH_Option, SubOption	Enum	WhatsApp	WhatsApp	SocialPlatformsUsed Option		Whatsapp							व्हाट्सएप (WhatsApp)	व्हाट्सएप		Antigravity	09/26/2026 11:30:00
SMP_INSTAGRAM	Survey	SocialPlatformsUsed	SectionH_Option, SubOption	Enum	Instagram	Instagram	SocialPlatformsUsed Option		Instagram							इंस्टाग्राम (Instagram)	इंस्टाग्राम		Antigravity	09/26/2026 11:30:00
SMP_PINTEREST	Survey	SocialPlatformsUsed	SectionH_Option, SubOption	Enum	Pinterest	Pinterest	SocialPlatformsUsed Option		Pinterest							पिंटरेस्ट (Pinterest)	पिंटरेस्ट		Antigravity	09/26/2026 11:30:00
SMP_FACEBOOK	Survey	SocialPlatformsUsed	SectionH_Option, SubOption	Enum	Facebook	Facebook	SocialPlatformsUsed Option		Facebook							फेसबुक (Facebook)	फेसबुक		Antigravity	09/26/2026 11:30:00
SMP_SNAPCHAT	Survey	SocialPlatformsUsed	SectionH_Option, SubOption	Enum	Snapchat	Snapchat	SocialPlatformsUsed Option		Snapchat							स्नैपचैट (Snapchat)	स्नैपचैट		Antigravity	09/26/2026 11:30:00
SMP_NONE	Survey	SocialPlatformsUsed	SectionH_Option, SubOption	Enum	Don't use social media	Don't use social media	SocialPlatformsUsed Option		Don’t use social media							सोशल मीडिया का उपयोग नहीं करती	सोशल मीडिया कोनी काम लेवां		Antigravity	09/26/2026 11:30:00
Q_H_06	Survey	SocialPlatformsUsed	QuestionPrompt, SectionH	EnumList	Q6. Which social media platforms do you use for your business? (Multiselect)	Q6. Which social media platforms do you use for your business? (Multiselect)	Survey Question		Q6. Which social media platforms do you use for your business? (Multiselect)		SMP_WHATSAPP , SMP_INSTAGRAM , SMP_PINTEREST , SMP_FACEBOOK , SMP_SNAPCHAT , SMP_NONE					Q6. व्यवसाय के लिए आप किन सोशल मीडिया प्लेटफॉर्म का उपयोग करती हैं? (बहु-चयन)	Q6. धंधे सारू कुणसा सोशल मीडिया ऐप काम में लेवो हो?		Antigravity	09/26/2026 11:30:00
SMU_PRICE_ORDERS	Survey	SocialPlatformUsageMode	SectionH_Option, SubOption	Enum	Use texts to ask/share prices and book orders	Use texts to share prices and book orders	SocialPlatformUsageMode Option		Use texts to ask/share prices and book orders							कीमत बताने और ऑर्डर बुक करने के लिए मैसेज करती हूँ	भाव बतावण अर आर्डर लेवण सारू मैसेज करां		Antigravity	09/26/2026 11:30:00
SMU_SHARE_IMAGES	Survey	SocialPlatformUsageMode	SectionH_Option, SubOption	Enum	Share images to promote business	Share images to promote business	SocialPlatformUsageMode Option		Share images to promote business							व्यवसाय के प्रचार के लिए फोटो शेयर करती हूँ	प्रचार सारू फोटो शेयर करां		Antigravity	09/26/2026 11:30:00
SMU_VENDOR_ENQUIRY	Survey	SocialPlatformUsageMode	SectionH_Option, SubOption	Enum	Share images to enquire about the availability of products to vendors	Enquire about product availability from vendors	SocialPlatformUsageMode Option		Share images to enquire about the availability of products to vendors							थोक विक्रेताओं से माल की उपलब्धता पूछने के लिए	व्यापारियां सूं माल पूछण सारू		Antigravity	09/26/2026 11:30:00
SMU_NEW_IDEAS	Survey	SocialPlatformUsageMode	SectionH_Option, SubOption	Enum	Get new ideas and information about new products/services	Get new ideas and info on products/services	SocialPlatformUsageMode Option		Get new ideas and information about new products/services							नए उत्पादों और डिजाइनों की जानकारी लेने के लिए	नया डिजाइन अर माल री जाणकारी सारू		Antigravity	09/26/2026 11:30:00
SMU_NONE	Survey	SocialPlatformUsageMode	SectionH_Option, SubOption	Enum	Don't use social media	Don't use social media	SocialPlatformUsageMode Option		Don’t use social media							सोशल मीडिया का उपयोग नहीं करती	कोनी काम लेवां		Antigravity	09/26/2026 11:30:00
Q_H_07	Survey	SocialPlatformUsageMode	QuestionPrompt, SectionH	Enum	Q7. How do you use these platforms in your business?	Q7. How do you use these platforms in your business?	Survey Question		Q7. How do you use these platforms in your business?		SMU_PRICE_ORDERS , SMU_SHARE_IMAGES , SMU_VENDOR_ENQUIRY , SMU_NEW_IDEAS , SMU_NONE					Q7. व्यवसाय में आप इन प्लेटफॉर्म का उपयोग किस प्रकार करती हैं?	Q7. धंधे में सोशल मीडिया रो उपयोग कियां करो हो?		Antigravity	09/26/2026 11:30:00
SMF_DAILY	Survey	SocialMediaFrequency	SectionH_Option, SubOption	Enum	Daily	Daily	SocialMediaFrequency Option		Daily							रोजाना (Daily)	रोज		Antigravity	09/26/2026 11:30:00
SMF_2_3_WEEK	Survey	SocialMediaFrequency	SectionH_Option, SubOption	Enum	Twice or thrice a week	Twice or thrice a week	SocialMediaFrequency Option		Twice or thrice a week							सप्ताह में दो-तीन बार	हफ्ते में दो-तीन बार		Antigravity	09/26/2026 11:30:00
SMF_4_5_MONTH	Survey	SocialMediaFrequency	SectionH_Option, SubOption	Enum	Four-five times a month	Four-five times a month	SocialMediaFrequency Option		Four-five times a month							महीने में चार-पाँच बार	महिने में 4-5 बार		Antigravity	09/26/2026 11:30:00
SMF_OCCASIONAL	Survey	SocialMediaFrequency	SectionH_Option, SubOption	Enum	Only on occasions	Only on occasions	SocialMediaFrequency Option		Only on occasions							केवल विशेष अवसरों/त्योहारों पर	खाली तिंवार-मौके पै		Antigravity	09/26/2026 11:30:00
SMF_NONE	Survey	SocialMediaFrequency	SectionH_Option, SubOption	Enum	Don't use social media	Don't use social media	SocialMediaFrequency Option		Don’t use social media							सोशल मीडिया का उपयोग नहीं करती	कोनी काम लेवां		Antigravity	09/26/2026 11:30:00
Q_H_08	Survey	SocialMediaFrequency	QuestionPrompt, SectionH	Enum	Q8. How often do you use social media for your business?	Q8. How often do you use social media for your business?	Survey Question		Q8. How often do you use social media for your business?		SMF_DAILY , SMF_2_3_WEEK , SMF_4_5_MONTH , SMF_OCCASIONAL , SMF_NONE					Q8. व्यवसाय के लिए आप कितनी बार सोशल मीडिया का उपयोग करती हैं?	Q8. धंधे सारू सोशल मीडिया कित्ती बार काम में लेवो हो?		Antigravity	09/26/2026 11:30:00
Q_I_01	Survey	OSFInterventionYear	QuestionPrompt, SectionI	Number	Q1. In which year was the OSF intervention made?-------	Q1. In which year was the OSF intervention made?-------	Survey Question		Q1. In which year was the OSF intervention made?-------							Q1. OSF योजना का सहयोग किस वर्ष मिला था?-------	Q1. OSF योजना रो फायदो किण साल मिल्यो हो?-------		Antigravity	09/26/2026 11:30:00
BSTAT_REDUCED	Survey	BusinessOperationalStatus	SectionI_Option, SubOption	Enum	Yes but the sale has reduced	Yes, but sales reduced	BusinessOperationalStatus Option		Yes but the sale has reduced							हाँ, लेकिन बिक्री कम हो गई है	हाँ, पण बिक्री कम हो गी		Antigravity	09/26/2026 11:30:00
BSTAT_INCREASED	Survey	BusinessOperationalStatus	SectionI_Option, SubOption	Enum	Yes but the scale has increased	Yes, scale increased	BusinessOperationalStatus Option		Yes but the scale has increased							हाँ, और व्यवसाय का स्तर बढ़ा है	हाँ, अर काम बढ़्यो है		Antigravity	09/26/2026 11:30:00
BSTAT_SAME	Survey	BusinessOperationalStatus	SectionI_Option, SubOption	Enum	Yes, but the scale has remained the same.	Yes, scale remained same	BusinessOperationalStatus Option		Yes, but the scale has remained the same.							हाँ, लेकिन पहले जैसा ही चल रहा है	हाँ, पण पैली जिसो ई चालै		Antigravity	09/26/2026 11:30:00
BSTAT_CLOSED	Survey	BusinessOperationalStatus	SectionI_Option, SubOption	Enum	No. If no, specify the year when it was closed……..	No, closed (Specify closure year)	BusinessOperationalStatus Option		No. If no, specify the year when it was closed……..							नहीं, बंद हो चुका है (वर्ष बताएं)	नी, बंद हो गयो		Antigravity	09/26/2026 11:30:00
Q_I_02	Survey	BusinessOperationalStatus	QuestionPrompt, SectionI	Enum	Q2. Is your business still operational?	Q2. Is your business still operational?	Survey Question		Q2. Is your business still operational?		BSTAT_REDUCED , BSTAT_INCREASED , BSTAT_SAME , BSTAT_CLOSED					Q2. क्या आपका व्यवसाय अभी भी चालू है?	Q2. कांई थारो काम-धंधो अबै भी चालू है?		Antigravity	09/26/2026 11:30:00
SDR_NO_GUIDE	Survey	ScalingDownClosingReasons	SectionI_Option, SubOption	Enum	Sales reduced over the years as there was no one guiding us.	Sales reduced as no one guiding	ScalingDownClosingReasons Option		Sales reduced over the years as there was no one guiding us.							मार्गदर्शन न मिलने से धीरे-धीरे बिक्री कम हो गई	समझावणियो कोई नी हो ई वास्ते काम घट्यो		Antigravity	09/26/2026 11:30:00
SDR_NO_LOAN	Survey	ScalingDownClosingReasons	SectionI_Option, SubOption	Enum	Needed more capital to source material but there was no source of loan	Needed more capital, no loan source	ScalingDownClosingReasons Option		Needed more capital to source material but there was no source of loan							माल खरीदने के लिए और पूंजी चाहिए थी पर लोन नहीं मिला	पैशां री कमी ही अर लोन नी मिल्यो		Antigravity	09/26/2026 11:30:00
SDR_BANK_REFUSED	Survey	ScalingDownClosingReasons	SectionI_Option, SubOption	Enum	Banks refused to give us loan	Banks refused loan	ScalingDownClosingReasons Option		Banks refused to give us loan							बैंकों ने ऋण देने से मना कर दिया	बैंक लोन देण सूं मना कर दियो		Antigravity	09/26/2026 11:30:00
SDR_NO_NEW_CUSTOMERS	Survey	ScalingDownClosingReasons	SectionI_Option, SubOption	Enum	Unable to reach new customers.	Unable to reach new customers	ScalingDownClosingReasons Option		Unable to reach new customers.							नए ग्राहकों तक नहीं पहुँच पाए	नया गिराहक नी जुड़ पाया		Antigravity	09/26/2026 11:30:00
SDR_COMPETITORS_DISCOUNT	Survey	ScalingDownClosingReasons	SectionI_Option, SubOption	Enum	New competitors in the market offering discounts	New competitors offering discounts	ScalingDownClosingReasons Option		New competitors in the market offering discounts							बाजार में नए प्रतिस्पर्धी छूट देकर माल बेचने लगे	नया दुकानदार डिस्काउंट दे’र माल बेचण लाग्या		Antigravity	09/26/2026 11:30:00
SDR_OTHER	Survey	ScalingDownClosingReasons	SectionI_Option, SubOption	Enum	Any other, specify……..	Any other reason	ScalingDownClosingReasons Option		Any other, specify……..							अन्य कोई कारण (विवरण दें)	दूजो कोई कारण		Antigravity	09/26/2026 11:30:00
SDR_DONT_KNOW	Survey	ScalingDownClosingReasons	SectionI_Option, SubOption	Enum	Don't know	Don't know	ScalingDownClosingReasons Option		Don’t know							पता नहीं	ठा नी		Antigravity	09/26/2026 11:30:00
Q_I_03	Survey	ScalingDownClosingReasons	QuestionPrompt, SectionI	EnumList	Q3. What are the reasons for scaling down the business/closing the business?	Q3. What are the reasons for scaling down the business/closing the business?	Survey Question		Q3. What are the reasons for scaling down the business/closing the business?		SDR_NO_GUIDE , SDR_NO_LOAN , SDR_BANK_REFUSED , SDR_NO_NEW_CUSTOMERS , SDR_COMPETITORS_DISCOUNT , SDR_OTHER , SDR_DONT_KNOW					Q3. व्यवसाय कम होने या बंद होने के क्या प्रमुख कारण रहे हैं?	Q3. धंधो कम होबा या बंद होबा रा कारण कांई हा?		Antigravity	09/26/2026 11:30:00
SUP_OSF_LOAN	Survey	SupportNeededForSustenance	SectionI_Option, SubOption	Enum	Continued access to OSF loan	Continued access to OSF loan	SupportNeededForSustenance Option		Continued access to OSF loan							OSF ऋण की निरंतर सुविधा मिलती रहती	योजना रो लोन लगातार मिलतो रहतो		Antigravity	09/26/2026 11:30:00
SUP_CRP_GUIDE	Survey	SupportNeededForSustenance	SectionI_Option, SubOption	Enum	Continued support by OSF CRPs	Continued support by OSF CRPs	SupportNeededForSustenance Option		Continued support by OSF CRPs							CRP (उद्यम मित्र) का निरंतर मार्गदर्शन मिलता रहता	सीआरपी दीदी रो साथ लगातार रहतो		Antigravity	09/26/2026 11:30:00
SUP_OTHER	Survey	SupportNeededForSustenance	SectionI_Option, SubOption	Enum	Any other, specify	Any other support	SupportNeededForSustenance Option		Any other, specify							अन्य कोई सहयोग (विवरण दें)	दूजी कोई मदद		Antigravity	09/26/2026 11:30:00
Q_I_04	Survey	SupportNeededForSustenance	QuestionPrompt, SectionI	EnumList	Q4. What kind of support could have helped you to manage your business?	Q4. What kind of support could have helped you to manage your business?	Survey Question		Q4. What kind of support could have helped you to manage your business?		SUP_OSF_LOAN , SUP_CRP_GUIDE , SUP_OTHER					Q4. किस प्रकार के सहयोग से आप अपने व्यवसाय को बेहतर तरीके से चला सकती थीं?	Q4. किण मदद सूं थारो धंधो सही चाल सकतो हो?		Antigravity	09/26/2026 11:30:00
